WEBHOOKS,All,3341,2012-10-26 02:25:19,2021-12-19 17:49:03,125,125,64,61,6,119,78,41,0.025,0.02,0.001,0.027,0.614,0.556,0.978,1518.519,Scale-up,0.835,0.691,0.873,0.825,2025-03-17 19:28:02.574899,,
WEBHOOKS,Last100,0,2021-12-19 17:49:03,2021-12-19 17:49:03, , ,1,1,1,N/A,1,0,NaN,NaN,NaN,NaN,NaN,NaN,NaN,NaN,Scale-up,NaN,NaN,NaN,NaN,2025-03-17 19:28:02.583001,,
VOTE,All,2480,2006-09-30 11:11:01,2013-07-16 00:22:00,62,62,30,32,4,58,9,49,0.011,0.012,0.001,0.003,0.136,0.478,0.957,16333.333,Scale-up,0.94,0.972,0.604,0.564,2025-03-17 19:28:08.326502,,
VOTE,Last100,83,2013-04-23 15:24:53,2013-07-16 00:22:00, , ,2,3,3,N/A,4,-3,0.091,0.024,0.167,0.096,-1.846,0.791,-0.452,510.417,Scale-up,1.0,0.942,0.75,0.922,2025-03-17 19:28:09.531079,,
VHS,All,4474,2009-06-22 17:36:47,2021-09-22 01:34:21,33,33,26,7,4,29,24,5,0.006,0.002,0.001,0.006,0.857,0.75,0.875,833.333,Scale-up,0.929,0.927,0.834,0.923,2025-03-17 19:28:14.989121,,
VHS,Last100,0,2021-09-22 01:34:07,2021-09-22 01:34:21, , ,1,1,2,N/A,1,-1,NaN,NaN,1.0,NaN,NaN,NaN,NaN,NaN,Scale-up,NaN,NaN,1.0,NaN,2025-03-17 19:28:14.996876,,
VCACHE,All,1449,2015-07-12 23:18:14,2019-07-01 06:59:41,99,99,71,28,6,93,88,5,0.078,0.027,0.013,0.091,0.989,0.743,0.876,54.945,Scale-up,0.817,0.565,0.462,0.722,2025-03-17 19:28:20.499906,,
VCACHE,Last100,0,2019-07-01 06:59:41,2019-07-01 06:59:41, , ,1,1,1,N/A,1,0,NaN,NaN,NaN,NaN,NaN,NaN,NaN,NaN,Scale-up,NaN,NaN,NaN,NaN,2025-03-17 19:28:20.507528,,
UPM,All,4503,2009-02-16 17:57:03,2021-06-16 19:52:26,3372,3372,1361,2011,985,2387,2332,55,0.41,0.686,0.27,0.789,0.955,0.374,0.754,69.708,Scale-up,0.769,0.774,0.803,0.803,2025-03-17 19:28:26.901645,,
UPM,Last100,19,2021-05-28 00:35:51,2021-06-16 19:52:26, , ,1,1,1,N/A,2,-1,NaN,NaN,NaN,0.05,NaN,NaN,NaN,NaN,Scale-up,NaN,NaN,NaN,1.0,2025-03-17 19:28:26.911989,,
SVN,All,4990,2004-11-16 23:29:40,2018-07-17 06:44:53,257,257,126,131,3,254,18,236,0.026,0.023,0.001,0.004,0.083,0.531,0.98,59000.0,Scale-up,0.785,0.934,0.883,0.837,2025-03-17 19:28:32.430971,,
SVN,Last100,0,2018-07-17 06:44:53,2018-07-17 06:44:53, , ,1,1,1,N/A,1,0,NaN,NaN,NaN,NaN,NaN,NaN,NaN,NaN,Scale-up,NaN,NaN,NaN,NaN,2025-03-17 19:28:32.446784,,
STRM,All,4893,2007-12-10 19:13:57,2021-05-04 01:07:40,2033,2033,827,1206,252,1781,1731,50,0.327,0.493,0.114,0.648,0.918,0.399,0.861,77.16,Scale-up,0.551,0.624,0.546,0.752,2025-03-17 19:28:38.956172,,
STRM,Last100,77,2021-02-15 23:01:31,2021-05-04 01:07:40, , ,1,2,1,N/A,1,0,NaN,0.014,NaN,NaN,NaN,NaN,NaN,NaN,Scale-up,NaN,1.0,NaN,NaN,2025-03-17 19:28:38.964955,,
SPFE,All,1024,2019-02-22 09:06:38,2021-12-13 05:04:16,647,647,578,69,42,605,438,167,0.626,0.122,0.082,0.474,0.712,0.837,0.89,352.321,Scale-up,0.77,0.789,0.956,0.684,2025-03-17 19:28:45.060858,,
SPFE,Last100,98,2021-09-05 22:23:27,2021-12-13 05:04:16, , ,100,6,8,N/A,97,2,1.111,0.054,0.141,1.148,1.121,0.954,0.879,145.47,Catch-up,0.933,0.901,0.932,0.972,2025-03-17 19:28:46.331003,,
SPEAKEASY,All,940,2011-02-13 17:32:24,2013-09-10 20:59:28,138,138,88,50,0,138,1,137,0.18,0.067,0,0,0.0,0.729,1.0,NaN,Indeterminate,0.597,0.758,0,0,2025-03-17 19:28:51.298462,,
SPEAKEASY,Last100,0,2013-09-10 20:59:28,2013-09-10 20:59:28, , ,1,1,1,N/A,1,0,NaN,NaN,0,NaN,NaN,NaN,NaN,NaN,Indeterminate,NaN,NaN,0,NaN,2025-03-17 19:28:51.298462,,
SOY,All,3355,2012-08-17 02:30:52,2021-10-25 02:13:22,136,136,85,51,21,115,112,3,0.036,0.023,0.005,0.039,0.722,0.61,0.915,76.923,Scale-up,0.809,0.737,0.792,0.736,2025-03-17 19:28:57.214435,,
SOY,Last100,68,2021-08-17 21:31:32,2021-10-25 02:13:22, , ,1,1,12,N/A,4,-14,NaN,NaN,NaN,0.029,NaN,NaN,NaN,NaN,Scale-up,NaN,NaN,NaN,0.6,2025-03-17 19:28:57.223589,,
SNIP,All,1948,2006-12-15 20:30:34,2012-04-16 11:22:36,32,32,8,24,0,32,0,32,0.005,0.01,0,0,0.0,0.333,1.0,NaN,Indeterminate,0.866,0.944,0,0,2025-03-17 19:29:02.147354,,
SNIP,Last100,49,2012-02-26 23:39:28,2012-04-16 11:22:36, , ,1,3,1,N/A,1,2,NaN,0.035,0,NaN,NaN,NaN,NaN,NaN,Indeterminate,NaN,0.866,0,NaN,2025-03-17 19:29:02.150564,,
SELENIUM,All,4879,2008-07-16 21:15:08,2021-11-25 00:00:37,296,296,195,101,75,221,55,166,0.068,0.038,0.012,0.013,0.138,0.642,0.887,12769.231,Scale-up,0.84,0.787,0.421,0.635,2025-03-17 19:29:07.749160,,
SELENIUM,Last100,0,2021-11-25 00:00:17,2021-11-25 00:00:37, , ,1,1,62,N/A,1,-61,NaN,NaN,31.0,NaN,NaN,NaN,NaN,NaN,Scale-up,NaN,NaN,0.262,NaN,2025-03-17 19:29:07.752944,,
SCANNER,All,2592,2013-11-10 01:08:25,2020-12-15 18:43:59,106,106,60,46,9,97,96,1,0.029,0.022,0.007,0.044,1.0,0.569,0.863,22.727,Plan-up,0.868,0.87,0.93,0.811,2025-03-17 19:29:13.599050,,
SCANNER,Last100,76,2020-09-30 02:01:42,2020-12-15 18:43:59, , ,1,1,1,N/A,3,-1,NaN,NaN,NaN,0.021,NaN,NaN,NaN,NaN,Plan-up,NaN,NaN,NaN,0.818,2025-03-17 19:29:13.620727,,
SAL,All,4882,2008-07-11 01:08:50,2021-11-22 17:42:50,357,357,228,129,30,327,315,12,0.064,0.034,0.009,0.082,0.921,0.653,0.908,146.341,Scale-up,0.945,0.928,0.797,0.936,2025-03-17 19:29:19.328151,,
SAL,Last100,0,2021-11-22 17:42:50,2021-11-22 17:42:50, , ,1,1,1,N/A,1,0,NaN,NaN,NaN,NaN,NaN,NaN,NaN,NaN,Scale-up,NaN,NaN,NaN,NaN,2025-03-17 19:29:19.328151,,
REST,All,4487,2008-12-30 15:22:54,2021-04-14 10:14:13,388,388,201,187,36,352,329,23,0.049,0.052,0.011,0.087,0.967,0.485,0.891,264.368,Scale-up,0.92,0.971,0.976,0.957,2025-03-17 19:29:25.406129,,
REST,Last100,56,2021-02-17 10:05:38,2021-04-14 10:14:13, , ,2,1,1,N/A,1,0,0.048,NaN,NaN,NaN,NaN,NaN,NaN,NaN,Scale-up,1.0,NaN,NaN,NaN,2025-03-17 19:29:25.415023,,
REFAPP,All,4507,2008-09-25 09:45:05,2021-01-28 06:11:50,436,436,312,124,19,417,413,4,0.101,0.045,0.006,0.128,0.914,0.692,0.959,31.25,Scale-up,0.85,0.966,0.82,0.936,2025-03-17 19:29:31.128230,,
REFAPP,Last100,0,2021-01-28 06:11:50,2021-01-28 06:11:50, , ,1,1,1,N/A,1,0,NaN,NaN,NaN,NaN,NaN,NaN,NaN,NaN,Scale-up,NaN,NaN,NaN,NaN,2025-03-17 19:29:31.138681,,
RAB,All,2915,2013-10-03 06:19:03,2021-09-27 02:48:46,32,32,13,19,0,32,9,23,0.007,0.007,0,0.005,0.357,0.5,1.0,4600.0,Scale-up,0.935,0.911,0,0.965,2025-03-17 19:29:36.295564,,
RAB,Last100,0,2021-09-27 02:48:46,2021-09-27 02:48:46, , ,1,1,1,N/A,1,0,NaN,NaN,0,NaN,NaN,NaN,NaN,NaN,Scale-up,NaN,NaN,0,NaN,2025-03-17 19:29:36.303022,,
PTRUNNER,All,2849,2012-11-01 11:07:31,2020-08-20 20:13:20,39,39,13,26,3,36,3,33,0.008,0.011,0.001,0.001,0.056,0.421,0.947,33000.0,Scale-up,0.962,0.685,0.796,0.752,2025-03-17 19:29:41.719034,,
PTRUNNER,Last100,77,2020-06-03 22:54:56,2020-08-20 20:13:20, , ,1,1,1,N/A,2,-2,NaN,NaN,NaN,0.167,NaN,NaN,NaN,NaN,Scale-up,NaN,NaN,NaN,1.0,2025-03-17 19:29:41.719034,,
PRETTY,All,2647,2013-02-10 17:10:59,2020-05-11 21:09:01,30,30,19,11,0,30,0,30,0.007,0.007,0,0,0.0,0.5,1.0,NaN,Indeterminate,0.91,0.956,0,0,2025-03-17 19:29:47.052774,,
PRETTY,Last100,0,2020-05-11 21:09:01,2020-05-11 21:09:01, , ,1,1,1,N/A,1,0,NaN,NaN,0,NaN,NaN,NaN,NaN,NaN,Indeterminate,NaN,NaN,0,NaN,2025-03-17 19:29:47.065664,,
PLVS,All,2014,2009-11-25 05:23:30,2015-06-02 04:22:11,447,447,177,270,173,274,64,210,0.094,0.138,0.062,0.031,0.182,0.405,0.733,6774.194,Scale-up,0.763,0.932,0.735,0.911,2025-03-17 19:29:52.996225,,
PLVS,Last100,94,2015-02-27 04:34:15,2015-06-02 04:22:11, , ,2,2,102,N/A,1,-99,0.043,0.024,51.0,NaN,NaN,NaN,NaN,NaN,Scale-up,1.0,1.0,0.736,NaN,2025-03-17 19:29:53.009488,,
PLUGWEB,All,4036,2010-11-28 16:11:18,2021-12-17 09:43:56,573,573,318,255,112,461,410,51,0.076,0.067,0.029,0.104,0.912,0.531,0.797,490.385,Scale-up,0.943,0.848,0.89,0.912,2025-03-17 19:29:59.164904,,
PLUGWEB,Last100,99,2021-09-09 00:21:14,2021-12-17 09:43:56, , ,14,20,36,N/A,32,-35,0.144,0.233,0.237,0.336,2.4,0.382,0.371,151.786,Catch-up,0.981,0.952,0.158,0.968,2025-03-17 19:30:00.431612,,
PLUG,All,6126,2005-03-15 23:06:49,2021-12-23 06:21:26,1144,1144,567,577,100,1044,987,57,0.139,0.161,0.027,0.249,0.912,0.463,0.91,228.916,Scale-up,0.822,0.863,0.896,0.911,2025-03-17 19:30:06.654762,,
PLUG,Last100,49,2021-11-04 02:30:09,2021-12-23 06:21:26, , ,1,2,1,N/A,1,0,NaN,0.036,NaN,NaN,NaN,NaN,NaN,NaN,Scale-up,NaN,1.0,NaN,NaN,2025-03-17 19:30:06.654762,,
PLE,All,2647,2008-03-03 02:58:28,2015-06-02 04:22:12,1317,1317,622,695,440,877,501,376,0.347,0.312,0.148,0.235,0.46,0.527,0.775,1600.0,Scale-up,0.744,0.846,0.935,0.731,2025-03-17 19:30:12.792715,,
PLE,Last100,90,2015-03-03 05:46:41,2015-06-02 04:22:12, , ,1,6,133,N/A,3,-130,NaN,0.05,1.291,0.04,NaN,NaN,NaN,NaN,Scale-up,NaN,0.917,0.038,0.964,2025-03-17 19:30:12.803389,,
PLATFORM,All,3144,2012-04-15 17:59:06,2020-11-24 02:16:47,128,128,105,23,9,119,115,4,0.047,0.013,0.005,0.052,0.945,0.783,0.917,76.923,Scale-up,0.805,0.68,0.631,0.67,2025-03-17 19:30:18.762206,,
PLATFORM,Last100,1,2020-11-23 01:38:16,2020-11-24 02:16:47, , ,1,1,1,N/A,1,-1,NaN,NaN,NaN,NaN,NaN,NaN,NaN,NaN,Scale-up,NaN,NaN,NaN,NaN,2025-03-17 19:30:18.771257,,
PL,All,3199,2008-01-04 00:35:46,2016-10-07 03:17:35,2847,2847,905,1942,791,2056,1242,814,0.409,0.805,0.244,0.437,0.451,0.337,0.799,1862.7,Scale-up,0.684,0.845,0.962,0.797,2025-03-17 19:30:25.281033,,
PL,Last100,21,2016-09-15 07:55:56,2016-10-07 03:17:35, , ,1,1,1,N/A,1,-1,NaN,NaN,NaN,NaN,NaN,NaN,NaN,NaN,Scale-up,NaN,NaN,NaN,NaN,2025-03-17 19:30:25.298948,,
OAUTH,All,4474,2009-03-02 10:50:09,2021-06-02 00:27:33,295,295,163,132,16,279,272,7,0.052,0.042,0.005,0.074,0.831,0.553,0.947,94.595,Scale-up,0.793,0.888,0.954,0.887,2025-03-17 19:30:30.923789,,
OAUTH,Last100,0,2021-06-02 00:27:33,2021-06-02 00:27:33, , ,1,1,1,N/A,1,0,NaN,NaN,NaN,NaN,NaN,NaN,NaN,NaN,Scale-up,NaN,NaN,NaN,NaN,2025-03-17 19:30:30.931927,,
MR,All,2185,2014-06-25 20:11:53,2020-06-19 15:28:21,92,92,56,36,14,78,50,28,0.022,0.017,0.007,0.02,0.625,0.564,0.821,1400.0,Scale-up,0.882,0.862,0.822,0.891,2025-03-17 19:30:36.718506,,
MR,Last100,16,2020-06-03 09:42:15,2020-06-19 15:28:21, , ,1,1,1,N/A,1,-2,NaN,NaN,NaN,NaN,NaN,NaN,NaN,NaN,Scale-up,NaN,NaN,NaN,NaN,2025-03-17 19:30:36.718506,,
MPJC,All,1529,2016-04-28 16:35:50,2020-07-05 17:21:00,34,34,22,12,0,34,16,18,0.013,0.007,0,0.008,0.4,0.65,1.0,2250.0,Scale-up,0.986,0.963,0,0.937,2025-03-17 19:30:42.264836,,
MPJC,Last100,83,2020-04-13 03:06:27,2020-07-05 17:21:00, , ,3,2,1,N/A,2,4,0.082,0.5,0,0.029,0.05,0.141,1.0,620.69,Scale-up,0.824,1.0,0,1.0,2025-03-17 19:30:43.284362,,
MJF,All,2501,2013-03-25 13:24:50,2020-01-30 11:07:16,306,306,94,212,3,303,60,243,0.05,0.119,0.006,0.221,1.356,0.296,0.964,1099.548,Catch-up,0.876,0.809,0.855,0.097,2025-03-17 19:30:48.773234,,
MJF,Last100,0,2020-01-30 11:07:16,2020-01-30 11:07:16, , ,1,1,1,N/A,1,0,NaN,NaN,NaN,NaN,NaN,NaN,NaN,NaN,Catch-up,NaN,NaN,NaN,NaN,2025-03-17 19:30:48.773234,,
LESS,All,3071,2013-04-25 21:19:39,2021-09-22 01:34:11,48,48,30,18,4,44,43,1,0.012,0.024,0.001,0.017,0.486,0.333,0.972,58.824,Scale-up,0.72,0.721,0.832,0.595,2025-03-17 19:30:54.274870,,
LESS,Last100,0,2021-09-22 01:34:11,2021-09-22 01:34:11, , ,1,1,1,N/A,1,0,NaN,NaN,NaN,NaN,NaN,NaN,NaN,NaN,Scale-up,NaN,NaN,NaN,NaN,2025-03-17 19:30:54.274870,,
JWSP,All,3099,2012-03-28 12:28:16,2020-09-21 18:07:48,63,63,39,24,0,63,7,56,0.024,0.01,0,0.002,0.059,0.706,1.0,28000.0,Scale-up,0.465,0.646,0,0.431,2025-03-17 19:30:59.656370,,
JWSP,Last100,0,2020-09-21 18:07:48,2020-09-21 18:07:48, , ,1,1,1,N/A,1,0,NaN,NaN,0,NaN,NaN,NaN,NaN,NaN,Scale-up,NaN,NaN,0,NaN,2025-03-17 19:30:59.659799,,
JTOOL,All,5494,2006-08-17 03:16:35,2021-09-01 04:34:54,247,247,79,168,8,239,10,229,0.018,0.04,0.002,0.003,0.054,0.31,0.966,76333.333,Scale-up,0.883,0.975,0.804,0.936,2025-03-17 19:31:05.189349,,
JTOOL,Last100,0,2021-09-01 04:34:54,2021-09-01 04:34:54, , ,1,1,1,N/A,1,0,NaN,NaN,NaN,NaN,NaN,NaN,NaN,NaN,Scale-up,NaN,NaN,NaN,NaN,2025-03-17 19:31:05.189349,,
JSDECO,All,2047,2016-03-28 19:53:14,2021-11-05 05:22:44,183,183,104,79,0,183,68,115,0.056,0.047,0,0.037,0.359,0.544,1.0,3108.108,Scale-up,0.96,0.977,0,0.952,2025-03-17 19:31:10.799190,,
JSDECO,Last100,50,2021-09-15 23:26:02,2021-11-05 05:22:44, , ,1,1,1,N/A,2,0,NaN,NaN,0,0.045,NaN,NaN,NaN,NaN,Scale-up,NaN,NaN,0,1.0,2025-03-17 19:31:10.799190,,
JRTE,All,1560,2016-02-18 08:29:42,2020-05-27 21:51:49,42,42,14,28,0,42,20,22,0.007,0.028,0,0.011,0.314,0.2,1.0,2000.0,Scale-up,0.915,0.696,0,0.727,2025-03-17 19:31:15.994941,,
JRTE,Last100,0,2020-05-27 21:51:49,2020-05-27 21:51:49, , ,1,1,1,N/A,1,0,NaN,NaN,0,NaN,NaN,NaN,NaN,NaN,Scale-up,NaN,NaN,0,NaN,2025-03-17 19:31:15.994941,,
JRJC,All,3654,2010-07-28 10:14:13,2020-07-29 18:56:30,248,248,154,94,8,240,47,193,0.055,0.029,0.005,0.024,0.304,0.655,0.94,8041.667,Scale-up,0.802,0.871,0.913,0.859,2025-03-17 19:31:21.386978,,
JRJC,Last100,77,2020-05-13 04:05:51,2020-07-29 18:56:30, , ,1,4,1,N/A,1,4,NaN,0.033,NaN,NaN,NaN,NaN,NaN,NaN,Scale-up,NaN,0.939,NaN,NaN,2025-03-17 19:31:21.394852,,
JPERF,All,1219,2018-08-20 05:27:34,2021-12-21 08:25:10,676,676,339,337,0,676,0,676,0.302,0.347,0,0,0.0,0.465,1.0,NaN,Indeterminate,0.768,0.792,0,0,2025-03-17 19:31:26.859034,,
JPERF,Last100,84,2021-09-28 04:48:16,2021-12-21 08:25:10, , ,6,3,1,N/A,1,8,0.041,0.026,0,NaN,NaN,NaN,NaN,NaN,Indeterminate,0.759,0.95,0,NaN,2025-03-17 19:31:26.874821,,
JICAL,All,3178,2011-01-26 04:31:08,2019-10-10 01:39:10,40,40,25,15,1,39,2,37,0.011,0.006,0,0.0,0.0,0.647,1.0,NaN,Indeterminate,0.848,0.978,0,1.0,2025-03-17 19:31:31.974452,,
JICAL,Last100,0,2019-10-10 01:39:10,2019-10-10 01:39:10, , ,1,1,1,N/A,1,0,NaN,NaN,NaN,NaN,NaN,NaN,NaN,NaN,Indeterminate,NaN,NaN,NaN,NaN,2025-03-17 19:31:31.979822,,
JDDAP,All,3714,2010-07-16 01:10:19,2020-09-15 06:27:58,136,136,42,94,17,119,61,58,0.017,0.04,0.009,0.034,0.708,0.298,0.842,1705.882,Scale-up,0.946,0.883,0.756,0.863,2025-03-17 19:31:37.906837,,
JDDAP,Last100,0,2020-09-15 06:27:58,2020-09-15 06:27:58, , ,1,1,1,N/A,1,0,NaN,NaN,NaN,NaN,NaN,NaN,NaN,NaN,Scale-up,NaN,NaN,NaN,NaN,2025-03-17 19:31:37.922943,,
JCHART,All,2650,2013-02-24 23:39:20,2020-05-29 04:13:54,39,39,14,25,1,38,3,35,0.007,0.009,0,0.016,1.0,0.438,1.0,2187.5,Catch-up,0.947,0.888,0,0.945,2025-03-17 19:31:43.153455,,
JCHART,Last100,0,2020-05-29 04:13:54,2020-05-29 04:13:54, , ,1,1,1,N/A,1,0,NaN,NaN,NaN,NaN,NaN,NaN,NaN,NaN,Catch-up,NaN,NaN,NaN,NaN,2025-03-17 19:31:43.160115,,
JCAL,All,2952,2013-02-20 10:17:00,2021-03-23 08:03:45,40,40,18,22,0,40,2,38,0.006,0.008,0,0.001,0.071,0.429,1.0,38000.0,Scale-up,0.755,0.827,0,1.0,2025-03-17 19:31:48.282388,,
JCAL,Last100,0,2021-03-23 08:03:45,2021-03-23 08:03:45, , ,1,1,1,N/A,1,0,NaN,NaN,0,NaN,NaN,NaN,NaN,NaN,Scale-up,NaN,NaN,0,NaN,2025-03-17 19:31:48.287225,,
HACK,All,2565,2014-12-07 17:56:48,2021-12-16 16:13:10,155,155,139,16,0,155,137,18,0.112,0.008,0,0.035,0.292,0.933,1.0,514.286,Scale-up,0.653,0.815,0,0.571,2025-03-17 19:31:53.663876,,
HACK,Last100,0,2021-12-16 16:13:10,2021-12-16 16:13:10, , ,1,1,1,N/A,1,0,NaN,NaN,0,NaN,NaN,NaN,NaN,NaN,Scale-up,NaN,NaN,0,NaN,2025-03-17 19:31:53.672718,,
FRGE,All,769,2019-11-26 06:16:40,2022-01-04 01:44:25,577,577,364,213,0,577,36,541,0.421,0.258,0,0.056,0.082,0.62,1.0,9660.714,Scale-up,0.881,0.916,0,0.967,2025-03-17 19:31:59.054992,,
FRGE,Last100,98,2021-09-27 12:08:43,2022-01-04 01:44:25, , ,60,42,1,N/A,1,101,0.646,0.411,0,NaN,NaN,NaN,NaN,NaN,Scale-up,0.972,0.977,0,NaN,2025-03-17 19:31:59.054992,,
FP,All,2578,2010-09-06 21:18:04,2017-09-28 10:41:28,31,31,20,11,0,31,0,31,0.006,0.004,0,0,0.0,0.6,1.0,NaN,Indeterminate,0.92,0.77,0,0,2025-03-17 19:32:04.214314,,
FP,Last100,0,2018-01-01 00:04:48,2018-01-01 00:04:48, , ,1,1,1,N/A,1,0,NaN,NaN,0,NaN,NaN,NaN,NaN,NaN,Indeterminate,NaN,NaN,0,NaN,2025-03-17 19:32:04.221068,,
FISH,All,3776,2008-11-20 21:22:00,2019-03-25 05:46:44,63,63,19,44,2,61,6,55,0.008,0.028,0.005,0.002,0.065,0.222,0.861,27500.0,Scale-up,0.47,0.547,1.0,0.519,2025-03-17 19:32:09.551367,,
FISH,Last100,0,2019-03-25 05:46:44,2019-03-25 05:46:44, , ,1,1,1,N/A,1,0,NaN,NaN,NaN,NaN,NaN,NaN,NaN,NaN,Scale-up,NaN,NaN,NaN,NaN,2025-03-17 19:32:09.560028,,
FI,All,144,2021-06-24 00:16:07,2021-11-15 18:11:35,32,32,32,0,1,31,0,31,0.163,0,0,0,0.0,1.0,1.0,NaN,Indeterminate,0.771,0,0,0,2025-03-17 19:32:14.695456,,
FI,Last100,40,2021-10-05 19:36:18,2021-11-15 18:11:35, , ,11,1,1,N/A,1,9,0.208,0,NaN,NaN,NaN,NaN,NaN,NaN,Indeterminate,0.889,0,NaN,NaN,2025-03-17 19:32:14.711086,,
FASTDEV,All,2147,2010-12-08 12:45:05,2016-10-24 22:42:41,110,110,55,55,2,108,14,94,0.028,0.04,0.001,0.013,0.194,0.412,0.985,7230.769,Scale-up,0.371,0.62,1.0,0.481,2025-03-17 19:32:20.012883,,
FASTDEV,Last100,0,2016-10-24 22:42:41,2016-10-24 22:42:41, , ,1,1,1,N/A,1,0,NaN,NaN,NaN,NaN,NaN,NaN,NaN,NaN,Scale-up,NaN,NaN,NaN,NaN,2025-03-17 19:32:20.023151,,
EVENT,All,3329,2010-10-08 12:09:03,2019-11-19 17:03:16,46,46,34,12,7,39,34,5,0.01,0.007,0.004,0.012,0.923,0.588,0.765,416.667,Scale-up,0.979,0.973,0.756,0.918,2025-03-17 19:32:25.804791,,
EVENT,Last100,0,2019-11-19 10:27:28,2019-11-19 17:03:16, , ,1,1,1,N/A,2,0,NaN,NaN,NaN,1.0,NaN,NaN,NaN,NaN,Scale-up,NaN,NaN,NaN,1.0,2025-03-17 19:32:25.813486,,
DEVBOX,All,2843,2012-08-06 15:37:45,2020-05-20 04:47:52,51,51,26,25,0,51,3,48,0.008,0.009,0,0.004,0.235,0.471,1.0,12000.0,Scale-up,0.759,0.773,0,0.995,2025-03-17 19:32:30.948526,,
DEVBOX,Last100,60,2020-03-20 10:35:18,2020-05-20 04:47:52, , ,1,1,1,N/A,1,1,NaN,NaN,0,NaN,NaN,NaN,NaN,NaN,Scale-up,NaN,NaN,0,NaN,2025-03-17 19:32:30.948526,,
CSUR,All,2224,2014-02-11 22:17:34,2020-03-16 17:25:55,35,35,19,16,1,34,8,26,0.473,0.007,0,0.006,0.012,0.985,1.0,4333.333,Scale-up,0.484,0.21,0,0.377,2025-03-17 19:32:36.222903,,
CSUR,Last100,0,2020-03-16 17:25:55,2020-03-16 17:25:55, , ,1,1,1,N/A,1,0,NaN,NaN,NaN,NaN,NaN,NaN,NaN,NaN,Scale-up,NaN,NaN,NaN,NaN,2025-03-17 19:32:36.231570,,
CSE,All,683,2020-01-15 10:35:17,2021-11-28 21:52:56,142,142,101,41,27,115,103,12,0.252,0.078,0.053,0.234,0.845,0.764,0.839,51.282,Scale-up,0.975,0.979,0.485,0.97,2025-03-17 19:32:42.053182,,
CSE,Last100,89,2021-08-31 19:40:51,2021-11-28 21:52:56, , ,1,1,1,N/A,5,-2,NaN,NaN,NaN,0.046,NaN,NaN,NaN,NaN,Scale-up,NaN,NaN,NaN,0.886,2025-03-17 19:32:42.059529,,
CPSP,All,5184,2007-09-05 10:41:53,2021-11-15 09:20:55,43,43,16,27,1,42,4,38,0.003,0.005,0,0.001,0.125,0.375,1.0,38000.0,Scale-up,0.815,0.949,0,0.927,2025-03-17 19:32:47.219518,,
CPSP,Last100,0,2021-11-15 09:20:55,2021-11-15 09:20:55, , ,1,1,1,N/A,1,0,NaN,NaN,NaN,NaN,NaN,NaN,NaN,NaN,Scale-up,NaN,NaN,NaN,NaN,2025-03-17 19:32:47.219518,,
CPC,All,951,2015-06-17 00:24:29,2018-01-23 00:57:21,69,69,65,4,3,66,50,16,0.06,0.006,0.002,0.05,0.781,0.909,0.97,320.0,Scale-up,0.799,0.898,0.75,0.851,2025-03-17 19:32:52.913957,,
CPC,Last100,60,2017-11-23 19:38:53,2018-01-23 00:57:21, , ,3,1,1,N/A,2,0,0.025,NaN,NaN,NaN,NaN,NaN,NaN,NaN,Scale-up,0.75,NaN,NaN,NaN,2025-03-17 19:32:52.929657,,
CHA,All,168,2014-06-12 01:47:40,2014-11-27 21:20:06,64,64,30,34,0,64,61,3,0.15,0.189,0,0.335,0.988,0.442,1.0,8.955,Start-up,0.942,0.767,0,0.802,2025-03-17 19:32:58.548154,,
CHA,Last100,84,2014-09-04 19:09:05,2014-11-27 21:20:06, , ,16,28,1,N/A,49,-6,0.218,0.384,0,0.716,1.189,0.362,1.0,4.19,Plan-up,0.963,0.839,0,0.92,2025-03-17 19:32:59.687672,,
CE,All,3386,2012-04-18 19:22:33,2021-07-27 11:15:05,924,924,559,365,117,807,550,257,0.47,0.326,0.104,0.327,0.473,0.59,0.869,785.933,Scale-up,0.888,0.859,0.825,0.721,2025-03-17 19:33:05.400669,,
CE,Last100,0,2021-07-27 11:15:03,2021-07-27 11:15:05, , ,1,1,1,N/A,4,-3,NaN,NaN,NaN,2.0,NaN,NaN,NaN,NaN,Scale-up,NaN,NaN,NaN,0.6,2025-03-17 19:33:05.409737,,
CACHE,All,1930,2016-08-10 02:01:25,2021-11-22 17:50:58,139,139,78,61,5,134,109,25,0.033,0.024,0.002,0.042,0.764,0.579,0.965,595.238,Scale-up,0.491,0.265,0.5,0.545,2025-03-17 19:33:11.006441,,
CACHE,Last100,0,2021-11-22 17:50:58,2021-11-22 17:50:58, , ,1,1,1,N/A,1,0,NaN,NaN,NaN,NaN,NaN,NaN,NaN,NaN,Scale-up,NaN,NaN,NaN,NaN,2025-03-17 19:33:11.006441,,
BROWSERS,All,3956,2010-10-17 16:32:30,2021-08-17 04:08:35,41,41,28,13,0,41,4,37,0.007,0.005,0,0.004,0.333,0.583,1.0,9250.0,Scale-up,0.802,0.93,0,0.887,2025-03-17 19:33:16.210856,,
BROWSERS,Last100,0,2021-08-17 04:08:35,2021-08-17 04:08:35, , ,1,1,1,N/A,1,0,NaN,NaN,0,NaN,NaN,NaN,NaN,NaN,Scale-up,NaN,NaN,0,NaN,2025-03-17 19:33:16.210856,,
AUI,All,3761,2011-08-28 18:32:02,2021-12-15 07:15:25,3984,3984,1989,1995,1058,2926,2736,190,0.661,0.665,0.473,0.8,0.938,0.498,0.643,237.5,Scale-up,0.935,0.866,0.829,0.967,2025-03-17 19:33:23.051102,,
AUI,Last100,84,2021-09-22 01:21:52,2021-12-15 07:15:25, , ,5,3,4,N/A,20,-15,0.046,0.026,0.034,0.226,5.947,0.639,0.528,840.708,Catch-up,0.925,0.893,0.848,0.703,2025-03-17 19:33:24.269253,,
ATST,All,3660,2011-12-16 00:50:43,2021-12-23 21:02:32,528,528,266,262,87,441,176,265,0.084,0.088,0.03,0.064,0.451,0.488,0.826,4140.625,Scale-up,0.988,0.984,0.887,0.95,2025-03-17 19:33:30.390764,,
ATST,Last100,79,2021-10-05 08:55:06,2021-12-23 21:02:32, , ,2,6,1,N/A,2,4,0.015,0.069,NaN,0.015,NaN,NaN,NaN,NaN,Scale-up,1.0,0.916,NaN,1.0,2025-03-17 19:33:30.406904,,
ATR,All,4111,2009-02-10 14:33:27,2020-05-15 00:02:08,94,94,63,31,6,88,85,3,0.018,0.01,0.021,0.027,3.857,0.643,0.25,111.111,Catch-up,0.925,0.949,0.859,0.963,2025-03-17 19:33:36.246912,,
ATR,Last100,78,2020-02-26 00:22:13,2020-05-15 00:02:08, , ,1,1,1,N/A,1,1,NaN,NaN,NaN,NaN,NaN,NaN,NaN,NaN,Catch-up,NaN,NaN,NaN,NaN,2025-03-17 19:33:36.254402,,
ATLASSDK,All,2155,2015-05-25 03:17:17,2021-04-18 20:06:29,174,174,57,117,29,145,91,54,0.031,0.057,0.013,0.047,0.627,0.352,0.852,1148.936,Scale-up,0.975,0.959,0.929,0.982,2025-03-17 19:33:42.084012,,
ATLASSDK,Last100,67,2021-02-09 21:09:39,2021-04-18 20:06:29, , ,1,1,1,N/A,3,-3,NaN,NaN,NaN,0.3,NaN,NaN,NaN,NaN,Scale-up,NaN,NaN,NaN,0.75,2025-03-17 19:33:42.092902,,
ASAP,All,1873,2015-05-07 21:06:42,2020-06-23 01:06:30,116,116,116,0,2,114,99,15,0.107,0,0.002,0.097,0.924,1.0,0.981,154.639,Scale-up,0.869,0,1.0,0.885,2025-03-17 19:33:47.260185,,
ASAP,Last100,0,2020-06-23 01:06:30,2020-06-23 01:06:30, , ,1,1,1,N/A,1,0,NaN,0,NaN,NaN,NaN,NaN,NaN,NaN,Scale-up,NaN,0,NaN,NaN,2025-03-17 19:33:47.268313,,
APL,All,5102,2007-12-04 10:20:33,2021-11-23 08:22:05,1117,1117,426,691,184,933,860,73,0.13,0.226,0.055,0.185,0.615,0.365,0.846,394.595,Scale-up,0.734,0.849,0.819,0.85,2025-03-17 19:33:53.022747,,
APL,Last100,39,2021-10-14 12:14:34,2021-11-23 08:22:05, , ,1,1,1,N/A,1,1,NaN,NaN,NaN,NaN,NaN,NaN,NaN,NaN,Scale-up,NaN,NaN,NaN,NaN,2025-03-17 19:33:53.032243,,
AO,All,4339,2010-01-26 17:21:12,2021-12-14 03:56:46,666,666,271,395,120,546,518,28,0.065,0.109,0.046,0.126,0.984,0.374,0.736,222.222,Scale-up,0.809,0.86,0.814,0.903,2025-03-17 19:33:59.126323,,
AO,Last100,93,2021-09-11 18:03:51,2021-12-14 03:56:46, , ,2,3,1,N/A,2,2,0.012,0.036,NaN,0.013,NaN,NaN,NaN,NaN,Scale-up,1.0,0.987,NaN,1.0,2025-03-17 19:33:59.147385,,
AMPS,All,4554,2009-06-24 23:19:17,2021-12-13 08:21:34,1448,1448,698,750,370,1078,986,92,0.151,0.204,0.123,0.235,1.013,0.425,0.654,391.489,Catch-up,0.825,0.914,0.646,0.932,2025-03-17 19:34:05.413569,,
AMPS,Last100,95,2021-09-08 10:48:57,2021-12-13 08:21:34, , ,6,2,1,N/A,17,-10,0.062,0.013,NaN,0.163,NaN,NaN,NaN,NaN,Catch-up,0.962,1.0,NaN,0.76,2025-03-17 19:34:05.427965,,
AMKT,All,3690,2011-11-09 22:17:15,2021-12-17 15:16:10,4106,4106,1633,2473,1160,2946,2849,97,0.8,1.277,0.666,1.482,1.05,0.385,0.679,65.452,Catch-up,0.645,0.726,0.836,0.73,2025-03-17 19:34:12.414514,,
AMKT,Last100,0,2021-12-16 16:56:58,2021-12-17 15:16:10, , ,1,1,1,N/A,1,0,NaN,NaN,NaN,NaN,NaN,NaN,NaN,NaN,Catch-up,NaN,NaN,NaN,NaN,2025-03-17 19:34:12.430422,,
AG,All,4802,2008-08-27 18:05:50,2021-10-21 05:09:25,1306,1306,621,685,101,1205,1179,26,0.174,0.195,0.03,0.24,0.708,0.472,0.919,108.333,Scale-up,0.403,0.48,0.404,0.804,2025-03-17 19:34:18.836593,,
AG,Last100,5,2021-10-15 07:16:21,2021-10-21 05:09:25, , ,1,1,1,N/A,1,-1,NaN,NaN,NaN,NaN,NaN,NaN,NaN,NaN,Scale-up,NaN,NaN,NaN,NaN,2025-03-17 19:34:18.847489,,
ADGF,All,2924,2012-11-12 19:27:28,2020-11-15 12:50:44,176,176,150,26,0,176,11,165,0.078,0.01,0,0.057,0.648,0.886,1.0,2894.737,Scale-up,0.942,0.418,0,0.775,2025-03-17 19:34:24.151897,,
ADGF,Last100,0,2020-11-15 12:50:44,2020-11-15 12:50:44, , ,1,1,1,N/A,1,0,NaN,NaN,0,NaN,NaN,NaN,NaN,NaN,Scale-up,NaN,NaN,0,NaN,2025-03-17 19:34:24.171640,,
ACSPRING,All,2038,2016-05-25 02:59:52,2021-12-23 05:46:07,114,114,81,33,5,109,89,20,0.036,0.012,0.003,0.037,0.822,0.75,0.938,540.541,Scale-up,0.926,0.885,0.639,0.933,2025-03-17 19:34:30.009193,,
ACSPRING,Last100,96,2021-09-17 10:21:04,2021-12-23 05:46:07, , ,1,1,1,N/A,4,-3,NaN,NaN,NaN,0.032,NaN,NaN,NaN,NaN,Scale-up,NaN,NaN,NaN,0.997,2025-03-17 19:34:30.015469,,
ACJS,All,2820,2014-03-05 20:20:49,2021-11-24 18:44:13,645,645,396,249,60,585,518,67,0.23,0.119,0.038,0.214,0.688,0.659,0.891,313.084,Scale-up,0.938,0.914,0.893,0.902,2025-03-17 19:34:36.057264,,
ACJS,Last100,90,2021-08-26 17:52:03,2021-11-24 18:44:13, , ,1,2,1,N/A,1,2,NaN,0.029,NaN,NaN,NaN,NaN,NaN,NaN,Scale-up,NaN,1.0,NaN,NaN,2025-03-17 19:34:36.060100,,
ACJIRA,All,3340,2012-11-06 23:42:31,2021-12-30 03:01:22,1930,1930,1080,850,222,1708,1087,621,0.378,0.323,0.1,0.397,0.661,0.539,0.857,1564.232,Scale-up,0.973,0.994,0.932,0.99,2025-03-17 19:34:42.494759,,
ACJIRA,Last100,99,2021-09-21 04:27:52,2021-12-30 03:01:22, , ,22,29,1,N/A,10,40,0.194,0.463,NaN,0.176,NaN,NaN,NaN,NaN,Scale-up,0.975,0.971,NaN,0.838,2025-03-17 19:34:42.508550,,
ACEJS,All,2608,2013-12-19 00:16:45,2021-02-08 18:07:59,121,121,63,58,11,110,87,23,0.028,0.032,0.005,0.04,0.727,0.467,0.917,575.0,Scale-up,0.975,0.945,0.933,0.957,2025-03-17 19:34:48.425255,,
ACEJS,Last100,98,2020-11-02 05:49:55,2021-02-08 18:07:59, , ,3,1,1,N/A,3,0,0.017,NaN,NaN,0.027,NaN,NaN,NaN,NaN,Scale-up,0.861,NaN,NaN,0.981,2025-03-17 19:34:48.432578,,
ACCESS,All,1512,2014-09-08 00:23:56,2018-10-29 17:59:16,629,629,10,619,18,611,141,470,0.005,0.49,0.011,0.274,0.566,0.01,0.978,1715.328,Scale-up,0.352,0.704,0.3,0.262,2025-03-17 19:34:54.102096,,
ACCESS,Last100,0,2019-01-13 21:42:05,2019-01-13 21:42:05, , ,1,1,1,N/A,1,0,NaN,NaN,NaN,NaN,NaN,NaN,NaN,NaN,Scale-up,NaN,NaN,NaN,NaN,2025-03-17 19:34:54.102096,,
ACC,All,2378,2008-11-26 06:49:59,2015-06-02 04:22:04,75,75,37,38,32,43,37,6,0.041,0.059,0.008,0.046,0.5,0.41,0.92,130.435,Scale-up,0.848,0.909,0.174,0.838,2025-03-17 19:34:59.578639,,
ACC,Last100,0,2015-06-02 04:19:14,2015-06-02 04:22:04, , ,1,1,30,N/A,1,-29,NaN,NaN,15.0,NaN,NaN,NaN,NaN,NaN,Scale-up,NaN,NaN,0.631,NaN,2025-03-17 19:34:59.589145,,
AC,All,3671,2011-11-24 00:45:17,2021-12-12 21:14:52,1534,1534,877,657,267,1267,1007,260,0.355,0.306,0.145,0.375,0.727,0.537,0.781,693.333,Scale-up,0.883,0.843,0.904,0.741,2025-03-17 19:35:05.894192,,
AC,Last100,68,2021-10-05 18:45:14,2021-12-12 21:14:52, , ,1,1,1,N/A,2,-2,NaN,NaN,NaN,0.02,NaN,NaN,NaN,NaN,Scale-up,NaN,NaN,NaN,1.0,2025-03-17 19:35:05.901205,,
ABD,All,384,2020-11-24 16:57:31,2021-12-13 18:18:07,30,30,28,2,0,30,16,14,0.064,0,0,0.168,2.625,1.0,1.0,83.333,Catch-up,0.592,0,0,0.849,2025-03-17 19:35:11.317356,,
ABD,Last100,74,2021-09-29 20:13:59,2021-12-13 18:18:07, , ,4,2,1,N/A,14,-7,0.045,NaN,0,0.179,NaN,NaN,NaN,NaN,Catch-up,0.845,NaN,0,0.783,2025-03-17 19:35:11.333497,,
WEBHOOKS,All,3341,2012-10-26 02:25:19,2021-12-19 17:49:03,125,125,64,61,13,112,71,41,0.025,0.02,0.003,0.031,0.738,0.556,0.933,1322.581,Scale-up,0.835,0.691,0.939,0.849,2025-03-17 19:49:34.274034,,
WEBHOOKS,Last100,0,2021-12-19 17:49:03,2021-12-19 17:49:03, , ,1,1,1,N/A,1,0,NaN,NaN,NaN,NaN,NaN,NaN,NaN,NaN,Scale-up,NaN,NaN,NaN,NaN,2025-03-17 19:49:34.280585,,
VOTE,All,2480,2006-09-30 11:11:01,2013-07-16 00:22:00,62,62,30,32,7,55,44,11,0.011,0.012,0.002,0.019,0.905,0.478,0.913,578.947,Scale-up,0.94,0.972,0.876,0.948,2025-03-17 19:49:39.868647,,
VOTE,Last100,83,2013-04-23 15:24:53,2013-07-16 00:22:00, , ,2,3,3,N/A,4,-3,0.091,0.024,0.167,0.096,-1.846,0.791,-0.452,114.583,Scale-up,1.0,0.942,0.75,0.922,2025-03-17 19:49:40.967082,,
VHS,All,4474,2009-06-22 17:36:47,2021-09-22 01:34:21,33,33,26,7,5,28,23,5,0.006,0.002,0.001,0.006,0.857,0.75,0.875,833.333,Scale-up,0.929,0.927,0.905,0.911,2025-03-17 19:49:46.138242,,
VHS,Last100,0,2021-09-22 01:34:07,2021-09-22 01:34:21, , ,1,1,2,N/A,1,-1,NaN,NaN,1.0,NaN,NaN,NaN,NaN,NaN,Scale-up,NaN,NaN,1.0,NaN,2025-03-17 19:49:46.138242,,
VCACHE,All,1449,2015-07-12 23:18:14,2019-07-01 06:59:41,99,99,71,28,8,91,86,5,0.078,0.027,0.011,0.088,0.936,0.743,0.895,56.818,Scale-up,0.817,0.565,0.599,0.711,2025-03-17 19:49:51.347500,,
VCACHE,Last100,0,2019-07-01 06:59:41,2019-07-01 06:59:41, , ,1,1,1,N/A,1,0,NaN,NaN,NaN,NaN,NaN,NaN,NaN,NaN,Scale-up,NaN,NaN,NaN,NaN,2025-03-17 19:49:51.347500,,
UPM,All,4503,2009-02-16 17:57:03,2021-06-16 19:52:26,3372,3372,1361,2011,1368,2004,1949,55,0.41,0.686,0.391,0.679,0.963,0.374,0.643,81.001,Scale-up,0.769,0.774,0.796,0.79,2025-03-17 19:49:57.475554,,
UPM,Last100,19,2021-05-28 00:35:51,2021-06-16 19:52:26, , ,1,1,1,N/A,1,-1,NaN,NaN,NaN,NaN,NaN,NaN,NaN,NaN,Scale-up,NaN,NaN,NaN,NaN,2025-03-17 19:49:57.494812,,
SVN,All,4990,2004-11-16 23:29:40,2018-07-17 06:44:53,257,257,101,156,44,213,115,98,0.021,0.029,0.01,0.026,0.65,0.42,0.8,3769.231,Scale-up,0.828,0.912,0.807,0.819,2025-03-17 19:50:02.786354,,
SVN,Last100,0,2018-07-17 06:44:53,2018-07-17 06:44:53, , ,1,1,1,N/A,1,0,NaN,NaN,NaN,NaN,NaN,NaN,NaN,NaN,Scale-up,NaN,NaN,NaN,NaN,2025-03-17 19:50:02.794931,,
STRM,All,4893,2007-12-10 19:13:57,2021-05-04 01:07:40,2033,2033,827,1206,723,1310,1260,50,0.327,0.493,0.281,0.517,0.959,0.399,0.657,96.712,Scale-up,0.551,0.624,0.881,0.536,2025-03-17 19:50:08.919010,,
STRM,Last100,77,2021-02-15 23:01:31,2021-05-04 01:07:40, , ,1,2,1,N/A,1,0,NaN,0.014,NaN,NaN,NaN,NaN,NaN,NaN,Scale-up,NaN,1.0,NaN,NaN,2025-03-17 19:50:08.936613,,
SPFE,All,1024,2019-02-22 09:06:38,2021-12-13 05:04:16,647,647,578,69,92,555,388,167,0.626,0.122,0.195,0.41,0.741,0.837,0.739,407.317,Scale-up,0.77,0.789,0.869,0.71,2025-03-17 19:50:14.676939,,
SPFE,Last100,98,2021-09-05 22:23:27,2021-12-13 05:04:16, , ,100,6,8,N/A,97,2,1.111,0.054,0.141,1.148,1.121,0.954,0.879,145.47,Catch-up,0.933,0.901,0.932,0.972,2025-03-17 19:50:15.826698,,
SPEAKEASY,All,940,2011-02-13 17:32:24,2013-09-10 20:59:28,138,138,88,50,8,130,93,37,0.18,0.067,0.014,0.255,1.094,0.729,0.943,145.098,Catch-up,0.597,0.758,0.861,0.802,2025-03-17 19:50:20.918965,,
SPEAKEASY,Last100,0,2013-09-10 20:59:28,2013-09-10 20:59:28, , ,1,1,1,N/A,1,0,NaN,NaN,NaN,NaN,NaN,NaN,NaN,NaN,Catch-up,NaN,NaN,NaN,NaN,2025-03-17 19:50:20.940692,,
SOY,All,3355,2012-08-17 02:30:52,2021-10-25 02:13:22,136,136,85,51,36,100,97,3,0.036,0.023,0.008,0.039,0.765,0.61,0.864,76.923,Scale-up,0.809,0.737,0.887,0.758,2025-03-17 19:50:26.522055,,
SOY,Last100,68,2021-08-17 21:31:32,2021-10-25 02:13:22, , ,1,1,15,N/A,1,-14,NaN,NaN,0.214,NaN,NaN,NaN,NaN,NaN,Scale-up,NaN,NaN,0.482,NaN,2025-03-17 19:50:26.529277,,
SNIP,All,1948,2006-12-15 20:30:34,2012-04-16 11:22:36,32,32,8,24,4,28,14,14,0.005,0.01,0,0.009,0.6,0.333,1.0,1555.556,Scale-up,0.866,0.944,0,0.844,2025-03-17 19:50:31.349993,,
SNIP,Last100,49,2012-02-26 23:39:28,2012-04-16 11:22:36, , ,1,3,1,N/A,1,2,NaN,0.035,NaN,NaN,NaN,NaN,NaN,NaN,Scale-up,NaN,0.866,NaN,NaN,2025-03-17 19:50:31.359210,,
SELENIUM,All,4879,2008-07-16 21:15:08,2021-11-25 00:00:37,296,296,195,101,110,186,185,1,0.068,0.038,0.017,0.064,0.719,0.642,0.84,15.625,Start-up,0.84,0.787,0.804,0.819,2025-03-17 19:50:36.648942,,
SELENIUM,Last100,0,2021-11-25 00:00:17,2021-11-25 00:00:37, , ,1,1,62,N/A,1,-61,NaN,NaN,31.0,NaN,NaN,NaN,NaN,NaN,Start-up,NaN,NaN,0.262,NaN,2025-03-17 19:50:36.664578,,
SCANNER,All,2592,2013-11-10 01:08:25,2020-12-15 18:43:59,106,106,60,46,37,69,68,1,0.029,0.022,0.019,0.032,1.0,0.569,0.627,31.25,Catch-up,0.868,0.87,0.892,0.692,2025-03-17 19:50:42.204627,,
SCANNER,Last100,76,2020-09-30 02:01:42,2020-12-15 18:43:59, , ,1,1,1,N/A,3,-1,NaN,NaN,NaN,0.021,NaN,NaN,NaN,NaN,Catch-up,NaN,NaN,NaN,0.818,2025-03-17 19:50:42.220663,,
SAL,All,4882,2008-07-11 01:08:50,2021-11-22 17:42:50,357,357,228,129,100,257,245,12,0.064,0.034,0.034,0.061,0.953,0.653,0.653,196.721,Scale-up,0.945,0.928,0.699,0.926,2025-03-17 19:50:47.634982,,
SAL,Last100,0,2021-11-22 17:42:50,2021-11-22 17:42:50, , ,1,1,1,N/A,1,0,NaN,NaN,NaN,NaN,NaN,NaN,NaN,NaN,Scale-up,NaN,NaN,NaN,NaN,2025-03-17 19:50:47.648598,,
REST,All,4487,2008-12-30 15:22:54,2021-04-14 10:14:13,388,388,201,187,97,291,268,23,0.049,0.052,0.029,0.07,0.972,0.485,0.713,328.571,Scale-up,0.92,0.971,0.788,0.954,2025-03-17 19:50:53.524214,,
REST,Last100,56,2021-02-17 10:05:38,2021-04-14 10:14:13, , ,2,1,1,N/A,1,0,0.048,NaN,NaN,NaN,NaN,NaN,NaN,NaN,Scale-up,1.0,NaN,NaN,NaN,2025-03-17 19:50:53.532099,,
REFAPP,All,4507,2008-09-25 09:45:05,2021-01-28 06:11:50,436,436,312,124,93,343,339,4,0.101,0.045,0.034,0.107,0.955,0.692,0.767,37.383,Scale-up,0.85,0.966,0.752,0.892,2025-03-17 19:50:59.136407,,
REFAPP,Last100,0,2021-01-28 06:11:50,2021-01-28 06:11:50, , ,1,1,1,N/A,1,0,NaN,NaN,NaN,NaN,NaN,NaN,NaN,NaN,Scale-up,NaN,NaN,NaN,NaN,2025-03-17 19:50:59.147141,,
RAB,All,2915,2013-10-03 06:19:03,2021-09-27 02:48:46,32,32,13,19,0,32,9,23,0.007,0.007,0,0.005,0.357,0.5,1.0,4600.0,Scale-up,0.935,0.911,0,0.965,2025-03-17 19:51:04.276398,,
RAB,Last100,0,2021-09-27 02:48:46,2021-09-27 02:48:46, , ,1,1,1,N/A,1,0,NaN,NaN,0,NaN,NaN,NaN,NaN,NaN,Scale-up,NaN,NaN,0,NaN,2025-03-17 19:51:04.292536,,
PTRUNNER,All,2849,2012-11-01 11:07:31,2020-08-20 20:13:20,39,39,13,26,5,34,25,9,0.008,0.011,0.001,0.007,0.389,0.421,0.947,1285.714,Scale-up,0.962,0.685,0.897,0.655,2025-03-17 19:51:09.310938,,
PTRUNNER,Last100,77,2020-06-03 22:54:56,2020-08-20 20:13:20, , ,1,1,1,N/A,2,-2,NaN,NaN,NaN,0.167,NaN,NaN,NaN,NaN,Scale-up,NaN,NaN,NaN,1.0,2025-03-17 19:51:09.310938,,
PRETTY,All,2648,2013-02-10 17:10:59,2020-05-12 21:43:43,30,30,19,11,8,22,22,0,0.007,0.007,0.004,0.008,0.8,0.5,0.714,0.0,Start-up,0.91,0.956,0.556,0.886,2025-03-17 19:51:14.711319,,
PRETTY,Last100,1,2020-05-11 21:06:53,2020-05-12 21:43:43, , ,1,1,1,N/A,2,0,NaN,NaN,NaN,0.5,NaN,NaN,NaN,NaN,Start-up,NaN,NaN,NaN,1.0,2025-03-17 19:51:14.717600,,
PLVS,All,2014,2009-11-25 05:23:30,2015-06-02 04:22:11,447,447,177,270,196,251,251,0,0.094,0.138,0.068,0.133,0.811,0.405,0.707,0.0,Start-up,0.763,0.932,0.82,0.794,2025-03-17 19:51:20.311960,,
PLVS,Last100,94,2015-02-27 04:34:15,2015-06-02 04:22:11, , ,2,2,102,N/A,1,-99,0.043,0.024,51.0,NaN,NaN,NaN,NaN,NaN,Start-up,1.0,1.0,0.736,NaN,2025-03-17 19:51:20.314212,,
PLUGWEB,All,4036,2010-11-28 16:11:18,2021-12-17 09:43:56,573,573,318,255,159,414,363,51,0.076,0.067,0.041,0.092,0.902,0.531,0.713,554.348,Scale-up,0.943,0.848,0.895,0.915,2025-03-17 19:51:26.077885,,
PLUGWEB,Last100,99,2021-09-09 00:21:14,2021-12-17 09:43:56, , ,14,20,36,N/A,32,-35,0.144,0.233,0.237,0.336,2.4,0.382,0.371,151.786,Catch-up,0.981,0.952,0.158,0.968,2025-03-17 19:51:27.238013,,
PLUG,All,6126,2005-03-15 23:06:49,2021-12-23 06:21:26,1144,1144,567,577,276,868,811,57,0.139,0.161,0.075,0.207,0.92,0.463,0.75,275.362,Scale-up,0.822,0.863,0.88,0.819,2025-03-17 19:51:33.123501,,
PLUG,Last100,49,2021-11-04 02:30:09,2021-12-23 06:21:26, , ,1,2,1,N/A,1,0,NaN,0.036,NaN,NaN,NaN,NaN,NaN,NaN,Scale-up,NaN,1.0,NaN,NaN,2025-03-17 19:51:33.123501,,
PLE,All,2647,2008-03-03 02:58:28,2015-06-02 04:22:12,1317,1317,622,695,515,802,802,0,0.347,0.312,0.174,0.365,0.753,0.527,0.736,0.0,Start-up,0.744,0.846,0.943,0.799,2025-03-17 19:51:38.875391,,
PLE,Last100,90,2015-03-03 05:46:41,2015-06-02 04:22:12, , ,1,6,134,N/A,6,-134,NaN,0.05,1.149,0.093,NaN,NaN,NaN,NaN,Start-up,NaN,0.917,0.059,0.64,2025-03-17 19:51:38.875391,,
PLATFORM,All,3144,2012-04-15 17:59:06,2020-11-24 02:16:47,128,128,105,23,36,92,88,4,0.047,0.013,0.016,0.041,0.932,0.783,0.733,97.561,Scale-up,0.805,0.68,0.757,0.623,2025-03-17 19:51:44.391861,,
PLATFORM,Last100,1,2020-11-23 01:38:16,2020-11-24 02:16:47, , ,1,1,1,N/A,1,-1,NaN,NaN,NaN,NaN,NaN,NaN,NaN,NaN,Scale-up,NaN,NaN,NaN,NaN,2025-03-17 19:51:44.391861,,
PL,All,3199,2008-01-04 00:35:46,2016-10-07 03:17:35,2847,2847,905,1942,1113,1734,1734,0,0.409,0.805,0.374,0.797,0.949,0.337,0.692,0.0,Start-up,0.684,0.845,0.964,0.729,2025-03-17 19:51:50.634972,,
PL,Last100,21,2016-09-15 07:55:56,2016-10-07 03:17:35, , ,1,1,1,N/A,1,-1,NaN,NaN,NaN,NaN,NaN,NaN,NaN,NaN,Start-up,NaN,NaN,NaN,NaN,2025-03-17 19:51:50.634972,,
OAUTH,All,4474,2009-03-02 10:50:09,2021-06-02 00:27:33,295,295,163,132,75,220,213,7,0.052,0.042,0.024,0.065,0.929,0.553,0.745,107.692,Scale-up,0.793,0.888,0.683,0.747,2025-03-17 19:51:56.111417,,
OAUTH,Last100,0,2021-06-02 00:27:33,2021-06-02 00:27:33, , ,1,1,1,N/A,1,0,NaN,NaN,NaN,NaN,NaN,NaN,NaN,NaN,Scale-up,NaN,NaN,NaN,NaN,2025-03-17 19:51:56.117362,,
MR,All,2185,2014-06-25 20:11:53,2020-06-19 15:28:21,92,92,56,36,24,68,40,28,0.022,0.017,0.011,0.016,0.571,0.564,0.718,1750.0,Scale-up,0.882,0.862,0.9,0.86,2025-03-17 19:52:01.782118,,
MR,Last100,16,2020-06-03 09:42:15,2020-06-19 15:28:21, , ,1,1,1,N/A,1,-2,NaN,NaN,NaN,NaN,NaN,NaN,NaN,NaN,Scale-up,NaN,NaN,NaN,NaN,2025-03-17 19:52:01.798318,,
MPJC,All,1529,2016-04-28 16:35:50,2020-07-05 17:21:00,34,34,22,12,0,34,16,18,0.013,0.007,0,0.008,0.4,0.65,1.0,2250.0,Scale-up,0.986,0.963,0,0.937,2025-03-17 19:52:07.017256,,
MPJC,Last100,83,2020-04-13 03:06:27,2020-07-05 17:21:00, , ,3,2,1,N/A,2,4,0.082,0.5,0,0.029,0.05,0.141,1.0,620.69,Scale-up,0.824,1.0,0,1.0,2025-03-17 19:52:07.990854,,
MJF,All,2501,2013-03-25 13:24:50,2020-01-30 11:07:16,306,306,94,212,30,276,166,110,0.05,0.119,0.042,0.225,1.772,0.296,0.751,488.889,Catch-up,0.876,0.809,0.773,0.792,2025-03-17 19:52:13.423601,,
MJF,Last100,0,2020-01-30 11:07:16,2020-01-30 11:07:16, , ,1,1,1,N/A,1,0,NaN,NaN,NaN,NaN,NaN,NaN,NaN,NaN,Catch-up,NaN,NaN,NaN,NaN,2025-03-17 19:52:13.431619,,
LESS,All,3071,2013-04-25 21:19:39,2021-09-22 01:34:11,48,48,30,18,9,39,38,1,0.012,0.024,0.002,0.017,0.5,0.333,0.944,58.824,Scale-up,0.72,0.721,0.938,0.555,2025-03-17 19:52:18.612147,,
LESS,Last100,0,2021-09-22 01:34:11,2021-09-22 01:34:11, , ,1,1,1,N/A,1,0,NaN,NaN,NaN,NaN,NaN,NaN,NaN,NaN,Scale-up,NaN,NaN,NaN,NaN,2025-03-17 19:52:18.612147,,
JWSP,All,3099,2012-03-28 12:28:16,2020-09-21 18:07:48,63,63,39,24,3,60,40,20,0.024,0.01,0.001,0.025,0.758,0.706,0.971,800.0,Scale-up,0.465,0.646,0.769,0.7,2025-03-17 19:52:23.709791,,
JWSP,Last100,0,2020-09-21 18:07:48,2020-09-21 18:07:48, , ,1,1,1,N/A,1,0,NaN,NaN,NaN,NaN,NaN,NaN,NaN,NaN,Scale-up,NaN,NaN,NaN,NaN,2025-03-17 19:52:23.709791,,
JTOOL,All,5494,2006-08-17 03:16:35,2021-09-01 04:34:54,247,247,54,193,21,226,21,205,0.013,0.045,0.007,0.005,0.098,0.224,0.879,41000.0,Scale-up,0.917,0.956,0.872,0.947,2025-03-17 19:52:28.881259,,
JTOOL,Last100,0,2021-09-01 04:34:54,2021-09-01 04:34:54, , ,1,1,1,N/A,1,0,NaN,NaN,NaN,NaN,NaN,NaN,NaN,NaN,Scale-up,NaN,NaN,NaN,NaN,2025-03-17 19:52:28.883262,,
JSDECO,All,2047,2016-03-28 19:53:14,2021-11-05 05:22:44,183,183,104,79,0,183,68,115,0.056,0.047,0,0.037,0.359,0.544,1.0,3108.108,Scale-up,0.96,0.977,0,0.952,2025-03-17 19:52:34.070677,,
JSDECO,Last100,50,2021-09-15 23:26:02,2021-11-05 05:22:44, , ,1,1,1,N/A,2,0,NaN,NaN,0,0.045,NaN,NaN,NaN,NaN,Scale-up,NaN,NaN,0,1.0,2025-03-17 19:52:34.070677,,
JRTE,All,1560,2016-02-18 08:29:42,2020-05-27 21:51:49,42,42,6,36,0,42,20,22,0.027,0.023,0,0.011,0.22,0.54,1.0,2000.0,Scale-up,0.725,0.772,0,0.727,2025-03-17 19:52:38.919973,,
JRTE,Last100,0,2020-05-27 21:51:49,2020-05-27 21:51:49, , ,1,1,1,N/A,1,0,NaN,NaN,0,NaN,NaN,NaN,NaN,NaN,Scale-up,NaN,NaN,0,NaN,2025-03-17 19:52:38.929472,,
JRJC,All,3654,2010-07-28 10:14:13,2020-07-29 18:56:30,248,248,135,113,21,227,100,127,0.046,0.036,0.016,0.052,0.788,0.561,0.805,2442.308,Scale-up,0.759,0.881,0.899,0.765,2025-03-17 19:52:43.978168,,
JRJC,Last100,77,2020-05-13 04:05:51,2020-07-29 18:56:30, , ,1,4,1,N/A,1,4,NaN,0.033,NaN,NaN,NaN,NaN,NaN,NaN,Scale-up,NaN,0.939,NaN,NaN,2025-03-17 19:52:43.997866,,
JPERF,All,1219,2018-08-20 05:27:34,2021-12-21 08:25:10,676,676,170,506,36,640,349,291,0.131,0.53,0.036,0.36,0.576,0.198,0.946,808.333,Scale-up,0.755,0.79,0.947,0.815,2025-03-17 19:52:49.544252,,
JPERF,Last100,84,2021-09-28 04:48:16,2021-12-21 08:25:10, , ,6,3,1,N/A,2,6,0.041,0.026,NaN,0.012,NaN,NaN,NaN,NaN,Scale-up,0.759,0.95,NaN,1.0,2025-03-17 19:52:49.544252,,
JICAL,All,3178,2011-01-26 04:31:08,2019-10-10 01:39:10,40,40,25,15,3,37,27,10,0.011,0.006,0.001,0.01,0.625,0.647,0.941,1000.0,Scale-up,0.848,0.978,0.917,0.694,2025-03-17 19:52:54.687556,,
JICAL,Last100,0,2019-10-10 01:39:10,2019-10-10 01:39:10, , ,1,1,1,N/A,1,0,NaN,NaN,NaN,NaN,NaN,NaN,NaN,NaN,Scale-up,NaN,NaN,NaN,NaN,2025-03-17 19:52:54.697140,,
JDDAP,All,3714,2010-07-16 01:10:19,2020-09-15 07:23:46,136,136,39,97,23,113,88,25,0.016,0.041,0.01,0.037,0.787,0.281,0.825,675.676,Scale-up,0.928,0.892,0.831,0.858,2025-03-17 19:53:00.244317,,
JDDAP,Last100,0,2020-09-15 06:27:58,2020-09-15 07:23:46, , ,1,1,1,N/A,1,-1,NaN,NaN,NaN,NaN,NaN,NaN,NaN,NaN,Scale-up,NaN,NaN,NaN,NaN,2025-03-17 19:53:00.262620,,
JCHART,All,2650,2013-02-24 23:39:20,2020-05-29 04:13:54,39,39,14,25,3,36,8,28,0.007,0.009,0.001,0.004,0.267,0.438,0.938,7000.0,Scale-up,0.947,0.888,0.813,0.909,2025-03-17 19:53:05.283476,,
JCHART,Last100,0,2020-05-29 04:13:54,2020-05-29 04:13:54, , ,1,1,1,N/A,1,0,NaN,NaN,NaN,NaN,NaN,NaN,NaN,NaN,Scale-up,NaN,NaN,NaN,NaN,2025-03-17 19:53:05.288509,,
JCAL,All,2952,2013-02-20 10:17:00,2021-03-23 08:03:45,40,40,16,24,1,39,4,35,0.006,0.009,0,0.002,0.133,0.4,1.0,17500.0,Scale-up,0.701,0.84,0,0.959,2025-03-17 19:53:10.159597,,
JCAL,Last100,0,2021-03-23 08:03:45,2021-03-23 08:03:45, , ,1,1,1,N/A,1,0,NaN,NaN,NaN,NaN,NaN,NaN,NaN,NaN,Scale-up,NaN,NaN,NaN,NaN,2025-03-17 19:53:10.159597,,
HACK,All,2565,2014-12-07 17:56:48,2021-12-16 16:13:10,155,155,139,16,0,155,137,18,0.112,0.008,0,0.035,0.292,0.933,1.0,514.286,Scale-up,0.653,0.815,0,0.571,2025-03-17 19:53:15.207692,,
HACK,Last100,0,2021-12-16 16:13:10,2021-12-16 16:13:10, , ,1,1,1,N/A,1,0,NaN,NaN,0,NaN,NaN,NaN,NaN,NaN,Scale-up,NaN,NaN,0,NaN,2025-03-17 19:53:15.222243,,
FRGE,All,769,2019-11-26 06:16:40,2022-01-04 01:44:25,577,577,0,577,0,577,71,506,0,0.68,0,0.102,0.15,0.0,1.0,4960.784,Scale-up,0,0.895,0,0.976,2025-03-17 19:53:19.983200,,
FRGE,Last100,98,2021-09-27 12:08:43,2022-01-04 01:44:25, , ,1,102,1,N/A,1,101,0,1.038,0,NaN,NaN,NaN,NaN,NaN,Scale-up,0,0.976,0,NaN,2025-03-17 19:53:20.000355,,
FP,All,2773,2010-09-06 21:18:04,2018-04-11 00:04:48,31,31,20,11,5,26,26,0,0.006,0.004,0.004,0.008,1.333,0.6,0.6,0.0,Plan-up,0.92,0.77,0.895,0.934,2025-03-17 19:53:25.143636,,
FP,Last100,0,2018-04-11 00:04:48,2018-04-11 00:04:48, , ,1,1,1,N/A,1,0,NaN,NaN,NaN,NaN,NaN,NaN,NaN,NaN,Plan-up,NaN,NaN,NaN,NaN,2025-03-17 19:53:25.150367,,
FISH,All,3776,2008-11-20 21:22:00,2019-03-25 05:46:44,63,63,19,44,6,57,7,50,0.008,0.028,0.002,0.006,0.176,0.222,0.944,8333.333,Scale-up,0.47,0.547,0.622,0.528,2025-03-17 19:53:30.063420,,
FISH,Last100,0,2019-03-25 05:46:44,2019-03-25 05:46:44, , ,1,1,1,N/A,1,0,NaN,NaN,NaN,NaN,NaN,NaN,NaN,NaN,Scale-up,NaN,NaN,NaN,NaN,2025-03-17 19:53:30.081470,,
FI,All,144,2021-06-24 00:16:07,2021-11-15 18:11:35,32,32,32,0,1,31,0,31,0.163,0,0,0,0.0,1.0,1.0,NaN,Indeterminate,0.771,0,0,0,2025-03-17 19:53:34.913760,,
FI,Last100,40,2021-10-05 19:36:18,2021-11-15 18:11:35, , ,11,1,1,N/A,1,9,0.208,0,NaN,NaN,NaN,NaN,NaN,NaN,Indeterminate,0.889,0,NaN,NaN,2025-03-17 19:53:34.913760,,
FASTDEV,All,2147,2010-12-08 12:45:05,2016-10-24 22:42:41,110,110,55,55,12,98,62,36,0.028,0.04,0.005,0.085,1.349,0.412,0.926,423.529,Catch-up,0.371,0.62,0.678,0.407,2025-03-17 19:53:39.913481,,
FASTDEV,Last100,0,2016-10-24 22:42:41,2016-10-24 22:42:41, , ,1,1,1,N/A,1,0,NaN,NaN,NaN,NaN,NaN,NaN,NaN,NaN,Catch-up,NaN,NaN,NaN,NaN,2025-03-17 19:53:39.913481,,
EVENT,All,3329,2010-10-08 12:09:03,2019-11-19 17:03:16,46,46,34,12,14,32,27,5,0.01,0.007,0.009,0.009,1.125,0.588,0.471,555.556,Catch-up,0.979,0.973,0.758,0.941,2025-03-17 19:53:45.374477,,
EVENT,Last100,0,2019-11-19 10:27:28,2019-11-19 17:03:16, , ,1,1,1,N/A,2,0,NaN,NaN,NaN,1.0,NaN,NaN,NaN,NaN,Catch-up,NaN,NaN,NaN,1.0,2025-03-17 19:53:45.374477,,
DEVBOX,All,2843,2012-08-06 15:37:45,2020-05-20 04:47:52,51,51,25,26,0,51,16,35,0.008,0.01,0,0.02,1.111,0.444,1.0,1750.0,Catch-up,0.725,0.804,0,0.528,2025-03-17 19:53:50.212684,,
DEVBOX,Last100,60,2020-03-20 10:35:18,2020-05-20 04:47:52, , ,1,1,1,N/A,1,1,NaN,NaN,0,NaN,NaN,NaN,NaN,NaN,Catch-up,NaN,NaN,0,NaN,2025-03-17 19:53:50.223180,,
CSUR,All,2224,2014-02-11 22:17:34,2020-03-16 17:25:55,35,35,19,16,2,33,24,9,0.473,0.007,0.001,0.494,1.031,0.985,0.998,18.219,Plan-up,0.484,0.21,1.0,0.938,2025-03-17 19:53:55.544339,,
CSUR,Last100,0,2020-03-16 17:25:55,2020-03-16 17:25:55, , ,1,1,1,N/A,1,0,NaN,NaN,NaN,NaN,NaN,NaN,NaN,NaN,Plan-up,NaN,NaN,NaN,NaN,2025-03-17 19:53:55.554123,,
CSE,All,683,2020-01-15 10:35:17,2021-11-28 21:52:56,142,142,101,41,36,106,94,12,0.252,0.078,0.079,0.219,0.873,0.764,0.761,54.795,Scale-up,0.975,0.979,0.544,0.953,2025-03-17 19:54:01.370143,,
CSE,Last100,89,2021-08-31 19:40:51,2021-11-28 21:52:56, , ,1,1,1,N/A,5,-2,NaN,NaN,NaN,0.046,NaN,NaN,NaN,NaN,Scale-up,NaN,NaN,NaN,0.886,2025-03-17 19:54:01.380247,,
CPSP,All,5184,2007-09-05 10:41:53,2021-11-15 09:20:55,43,43,15,28,5,38,15,23,0.003,0.005,0.003,0.004,0.8,0.375,0.625,5750.0,Scale-up,0.77,0.952,0.877,0.813,2025-03-17 19:54:06.611576,,
CPSP,Last100,0,2021-11-15 09:20:55,2021-11-15 09:20:55, , ,1,1,1,N/A,1,0,NaN,NaN,NaN,NaN,NaN,NaN,NaN,NaN,Scale-up,NaN,NaN,NaN,NaN,2025-03-17 19:54:06.618857,,
CPC,All,951,2015-06-17 00:24:29,2018-01-23 00:57:21,69,69,65,4,7,62,46,16,0.06,0.006,0.007,0.045,0.763,0.909,0.894,355.556,Scale-up,0.799,0.898,0.873,0.826,2025-03-17 19:54:12.113661,,
CPC,Last100,60,2017-11-23 19:38:53,2018-01-23 00:57:21, , ,3,1,1,N/A,2,0,0.025,NaN,NaN,NaN,NaN,NaN,NaN,NaN,Scale-up,0.75,NaN,NaN,NaN,2025-03-17 19:54:12.113661,,
CHA,All,168,2014-06-12 01:47:40,2014-11-27 21:20:06,64,64,30,34,0,64,61,3,0.15,0.189,0,0.335,0.988,0.442,1.0,8.955,Start-up,0.942,0.767,0,0.802,2025-03-17 19:54:17.688410,,
CHA,Last100,84,2014-09-04 19:09:05,2014-11-27 21:20:06, , ,16,28,1,N/A,49,-6,0.218,0.384,0,0.716,1.189,0.362,1.0,4.19,Plan-up,0.963,0.839,0,0.92,2025-03-17 19:54:18.729257,,
CE,All,3386,2012-04-18 19:22:33,2021-07-27 11:15:05,924,924,507,417,246,678,421,257,0.422,0.37,0.227,0.228,0.404,0.533,0.713,1127.193,Scale-up,0.879,0.883,0.92,0.683,2025-03-17 19:54:24.243280,,
CE,Last100,0,2021-07-27 11:15:03,2021-07-27 11:15:05, , ,1,1,1,N/A,4,-3,NaN,NaN,NaN,2.0,NaN,NaN,NaN,NaN,Scale-up,NaN,NaN,NaN,0.6,2025-03-17 19:54:24.249962,,
CACHE,All,1930,2016-08-10 02:01:25,2021-11-22 17:50:58,139,139,77,62,19,120,95,25,0.032,0.025,0.008,0.036,0.735,0.561,0.86,694.444,Scale-up,0.497,0.261,0.816,0.462,2025-03-17 19:54:29.560762,,
CACHE,Last100,0,2021-11-22 17:50:58,2021-11-22 17:50:58, , ,1,1,1,N/A,1,0,NaN,NaN,NaN,NaN,NaN,NaN,NaN,NaN,Scale-up,NaN,NaN,NaN,NaN,2025-03-17 19:54:29.569339,,
BROWSERS,All,3956,2010-10-17 16:32:30,2021-08-17 04:08:35,41,41,28,13,4,37,17,20,0.007,0.005,0.002,0.006,0.6,0.583,0.833,3333.333,Scale-up,0.802,0.93,0.605,0.853,2025-03-17 19:54:34.750893,,
BROWSERS,Last100,0,2021-08-17 04:08:35,2021-08-17 04:08:35, , ,1,1,1,N/A,1,0,NaN,NaN,NaN,NaN,NaN,NaN,NaN,NaN,Scale-up,NaN,NaN,NaN,NaN,2025-03-17 19:54:34.765459,,
AUI,All,3761,2011-08-28 18:32:02,2021-12-15 07:15:25,3984,3984,1989,1995,1368,2616,2426,190,0.661,0.665,0.539,0.708,0.9,0.498,0.594,268.362,Scale-up,0.935,0.866,0.902,0.961,2025-03-17 19:54:41.465848,,
AUI,Last100,84,2021-09-22 01:21:52,2021-12-15 07:15:25, , ,5,3,5,N/A,19,-15,0.046,0.026,0.047,0.215,8.6,0.639,0.347,883.721,Catch-up,0.925,0.893,0.946,0.721,2025-03-17 19:54:42.621215,,
ATST,All,3660,2011-12-16 00:50:43,2021-12-23 21:02:32,528,528,243,285,161,367,243,124,0.077,0.095,0.057,0.082,0.713,0.448,0.669,1512.195,Scale-up,0.985,0.984,0.827,0.984,2025-03-17 19:54:48.608923,,
ATST,Last100,94,2021-09-20 02:07:13,2021-12-23 21:02:32, , ,1,7,1,N/A,7,1,NaN,0.073,NaN,0.068,NaN,NaN,NaN,NaN,Scale-up,NaN,0.944,NaN,0.895,2025-03-17 19:54:48.614158,,
ATR,All,4111,2009-02-10 14:33:27,2020-05-15 00:02:08,94,94,63,31,25,69,66,3,0.018,0.01,0.017,0.02,1.818,0.643,0.393,150.0,Catch-up,0.925,0.949,0.638,0.943,2025-03-17 19:54:54.140556,,
ATR,Last100,78,2020-02-26 00:22:13,2020-05-15 00:02:08, , ,1,1,1,N/A,1,1,NaN,NaN,NaN,NaN,NaN,NaN,NaN,NaN,Catch-up,NaN,NaN,NaN,NaN,2025-03-17 19:54:54.144475,,
ATLASSDK,All,2155,2015-05-25 03:17:17,2021-04-18 20:06:29,174,174,57,117,42,132,78,54,0.031,0.057,0.021,0.039,0.582,0.352,0.761,1384.615,Scale-up,0.975,0.959,0.968,0.982,2025-03-17 19:54:59.646678,,
ATLASSDK,Last100,67,2021-02-09 21:09:39,2021-04-18 20:06:29, , ,1,1,1,N/A,3,-3,NaN,NaN,NaN,0.3,NaN,NaN,NaN,NaN,Scale-up,NaN,NaN,NaN,0.75,2025-03-17 19:54:59.651835,,
ASAP,All,1873,2015-05-07 21:06:42,2020-06-23 01:06:30,116,116,116,0,14,102,87,15,0.107,0,0.015,0.085,0.924,1.0,0.86,176.471,Scale-up,0.869,0,0.943,0.851,2025-03-17 19:55:04.639612,,
ASAP,Last100,0,2020-06-23 01:06:30,2020-06-23 01:06:30, , ,1,1,1,N/A,1,0,NaN,0,NaN,NaN,NaN,NaN,NaN,NaN,Scale-up,NaN,0,NaN,NaN,2025-03-17 19:55:04.645158,,
APL,All,5102,2007-12-04 10:20:33,2021-11-23 08:22:05,1117,1117,426,691,442,675,602,73,0.13,0.226,0.091,0.172,0.649,0.365,0.744,424.419,Scale-up,0.734,0.849,0.93,0.743,2025-03-17 19:55:10.297259,,
APL,Last100,39,2021-10-14 12:14:34,2021-11-23 08:22:05, , ,1,1,1,N/A,1,1,NaN,NaN,NaN,NaN,NaN,NaN,NaN,NaN,Scale-up,NaN,NaN,NaN,NaN,2025-03-17 19:55:10.315907,,
AO,All,4339,2010-01-26 17:21:12,2021-12-14 03:56:46,666,666,271,395,255,411,383,28,0.065,0.109,0.067,0.107,1.0,0.374,0.615,261.682,Catch-up,0.809,0.86,0.881,0.846,2025-03-17 19:55:16.039307,,
AO,Last100,93,2021-09-11 18:03:51,2021-12-14 03:56:46, , ,2,3,1,N/A,1,2,0.012,0.036,NaN,NaN,NaN,NaN,NaN,NaN,Catch-up,1.0,0.987,NaN,NaN,2025-03-17 19:55:16.055366,,
AMPS,All,4554,2009-06-24 23:19:17,2021-12-13 08:21:34,1448,1448,698,750,571,877,785,92,0.151,0.204,0.191,0.176,1.073,0.425,0.462,522.727,Catch-up,0.825,0.914,0.761,0.882,2025-03-17 19:55:21.998168,,
AMPS,Last100,95,2021-09-08 10:48:57,2021-12-13 08:21:34, , ,6,2,1,N/A,17,-10,0.062,0.013,NaN,0.163,NaN,NaN,NaN,NaN,Catch-up,0.962,1.0,NaN,0.76,2025-03-17 19:55:22.008187,,
AMKT,All,3690,2011-11-09 22:17:15,2021-12-17 15:16:10,4106,4106,1626,2480,1756,2350,2253,97,0.817,1.261,1.047,1.103,1.07,0.393,0.496,87.942,Catch-up,0.648,0.723,0.836,0.673,2025-03-17 19:55:28.599152,,
AMKT,Last100,0,2021-12-16 16:56:58,2021-12-17 15:16:10, , ,1,1,1,N/A,1,0,NaN,NaN,NaN,NaN,NaN,NaN,NaN,NaN,Catch-up,NaN,NaN,NaN,NaN,2025-03-17 19:55:28.599152,,
AG,All,4802,2008-08-27 18:05:50,2021-10-21 05:09:25,1306,1306,621,685,552,754,728,26,0.174,0.195,0.112,0.189,0.735,0.472,0.696,137.566,Scale-up,0.403,0.48,0.756,0.435,2025-03-17 19:55:34.695392,,
AG,Last100,5,2021-10-15 07:16:21,2021-10-21 05:09:25, , ,1,1,1,N/A,1,-1,NaN,NaN,NaN,NaN,NaN,NaN,NaN,NaN,Scale-up,NaN,NaN,NaN,NaN,2025-03-17 19:55:34.709648,,
ADGF,All,2924,2012-11-12 19:27:28,2020-11-15 12:50:44,176,176,53,123,48,128,47,81,0.019,0.082,0.035,0.033,0.5,0.188,0.653,2454.545,Scale-up,0.284,0.91,0.859,0.947,2025-03-17 19:55:39.806266,,
ADGF,Last100,0,2020-11-15 12:50:44,2020-11-15 12:50:44, , ,1,1,1,N/A,1,0,NaN,NaN,NaN,NaN,NaN,NaN,NaN,NaN,Scale-up,NaN,NaN,NaN,NaN,2025-03-17 19:55:39.821914,,
ACSPRING,All,2038,2016-05-25 02:59:52,2021-12-23 05:46:07,114,114,81,33,10,104,84,20,0.036,0.012,0.005,0.035,0.814,0.75,0.896,571.429,Scale-up,0.926,0.885,0.918,0.94,2025-03-17 19:55:45.257639,,
ACSPRING,Last100,96,2021-09-17 10:21:04,2021-12-23 05:46:07, , ,1,1,1,N/A,4,-3,NaN,NaN,NaN,0.032,NaN,NaN,NaN,NaN,Scale-up,NaN,NaN,NaN,0.997,2025-03-17 19:55:45.257639,,
ACJS,All,2820,2014-03-05 20:20:49,2021-11-24 18:44:13,645,645,394,251,144,501,434,67,0.228,0.12,0.055,0.203,0.693,0.655,0.842,330.049,Scale-up,0.937,0.916,0.943,0.853,2025-03-17 19:55:50.937602,,
ACJS,Last100,90,2021-08-26 17:52:03,2021-11-24 18:44:13, , ,1,2,1,N/A,1,2,NaN,0.029,NaN,NaN,NaN,NaN,NaN,NaN,Scale-up,NaN,1.0,NaN,NaN,2025-03-17 19:55:50.953239,,
ACJIRA,All,3340,2012-11-06 23:42:31,2021-12-30 03:01:22,1930,1930,1073,857,491,1439,818,621,0.375,0.326,0.196,0.297,0.588,0.535,0.72,2090.909,Scale-up,0.973,0.994,0.965,0.985,2025-03-17 19:55:56.974401,,
ACJIRA,Last100,99,2021-09-21 04:27:52,2021-12-30 03:01:22, , ,22,29,1,N/A,9,40,0.194,0.463,NaN,0.154,NaN,NaN,NaN,NaN,Scale-up,0.975,0.971,NaN,0.877,2025-03-17 19:55:56.982413,,
ACEJS,All,2608,2013-12-19 00:16:45,2021-02-08 18:07:59,121,121,55,66,36,85,62,23,0.023,0.037,0.015,0.03,0.667,0.383,0.75,766.667,Scale-up,0.978,0.944,0.894,0.957,2025-03-17 19:56:02.542106,,
ACEJS,Last100,98,2020-11-02 05:49:55,2021-02-08 18:07:59, , ,3,1,1,N/A,2,0,0.017,NaN,NaN,0.022,NaN,NaN,NaN,NaN,Scale-up,0.861,NaN,NaN,1.0,2025-03-17 19:56:02.548912,,
ACCESS,All,1688,2014-09-08 00:23:56,2019-04-23 21:42:05,629,629,10,619,22,607,175,432,0.005,0.49,0.015,0.123,0.256,0.01,0.97,3512.195,Scale-up,0.352,0.704,0.383,0.389,2025-03-17 19:56:07.771483,,
ACCESS,Last100,0,2019-04-23 21:42:05,2019-04-23 21:42:05, , ,1,1,1,N/A,1,0,NaN,NaN,NaN,NaN,NaN,NaN,NaN,NaN,Scale-up,NaN,NaN,NaN,NaN,2025-03-17 19:56:07.780133,,
ACC,All,2378,2008-11-26 06:49:59,2015-06-02 04:24:52,75,75,37,38,36,39,39,0,0.041,0.059,0.01,0.061,0.678,0.41,0.9,0.0,Start-up,0.848,0.909,0.357,0.962,2025-03-17 19:56:12.901222,,
ACC,Last100,0,2015-06-02 04:19:14,2015-06-02 04:24:52, , ,1,1,31,N/A,1,-30,NaN,NaN,15.5,NaN,NaN,NaN,NaN,NaN,Start-up,NaN,NaN,0.656,NaN,2025-03-17 19:56:12.906734,,
AC,All,3671,2011-11-24 00:45:17,2021-12-12 21:14:52,1534,1534,874,660,420,1114,854,260,0.356,0.304,0.216,0.305,0.687,0.539,0.673,852.459,Scale-up,0.883,0.843,0.885,0.716,2025-03-17 19:56:18.734066,,
AC,Last100,68,2021-10-05 18:45:14,2021-12-12 21:14:52, , ,1,1,1,N/A,1,-2,NaN,NaN,NaN,NaN,NaN,NaN,NaN,NaN,Scale-up,NaN,NaN,NaN,NaN,2025-03-17 19:56:18.749726,,
ABD,All,384,2020-11-24 16:57:31,2021-12-13 18:18:07,30,30,28,2,0,30,16,14,0.064,0,0,0.168,2.625,1.0,1.0,83.333,Catch-up,0.592,0,0,0.849,2025-03-17 19:56:23.798018,,
ABD,Last100,74,2021-09-29 20:13:59,2021-12-13 18:18:07, , ,4,2,1,N/A,14,-7,0.045,NaN,0,0.179,NaN,NaN,NaN,NaN,Catch-up,0.845,NaN,0,0.783,2025-03-17 19:56:23.806613,,
