AA,All,1330,30/11/2020 14:25,22/07/2024 15:14,883,883,658,225,163,720,686,34,0.68,0.225,0.161,0.686,0.744,0.722,0.922,0.751,0.822,49.563,Scale-up,1.458,0.98,0.949,0.98,0.978,19:24.0
AA,Last100,90,22/04/2024 21:10,22/07/2024 15:14, , ,2,1,2,N/A,2,-1,1,NaN,1,0.5,0,0,NaN,NaN,NaN,NaN,Scale-up,2,1,NaN,1,1,19:24.0
AAH,All,1479,05/10/2020 08:33,23/10/2024 19:24,1697,1697,1200,497,334,1363,1300,63,1.08,0.42,0.285,1.122,1.215,1.174,0.923,0.72,0.81,56.15,Scale-up,0.891,0.989,0.986,0.98,0.993,19:47.7
AAH,Last100,91,24/07/2024 16:08,23/10/2024 19:24, , ,1,1,21,N/A,13,-32,NaN,NaN,0.226,0.157,0,-0.209,NaN,NaN,NaN,NaN,Scale-up,6.369,NaN,NaN,0.959,0.922,19:47.7
AAPRFE,All,1101,02/11/2021 16:46,08/11/2024 15:27,1110,1110,1110,0,216,894,68,826,1.168,0,0.213,0.075,0.955,0.961,0.079,1,0.818,11013.333,Scale-up,13.333,0.991,0,0.972,0.988,20:10.7
AAPRFE,Last100,99,01/08/2024 00:56,08/11/2024 15:27, , ,157,1,57,N/A,14,85,1.798,0,1.031,0.193,0.7670000000000001,0.95,0.252,1,0.427,4279.793,Scale-up,5.181,0.964,0,0.421,0.969,20:16.0
ACA,All,1380,27/01/2021 10:30,07/11/2024 18:52,1273,1273,918,355,96,1177,1013,164,0.572,0.249,0.103,0.649,0.718,0.755,0.904,0.697,0.875,252.696,Scale-up,1.541,0.952,0.925,0.684,0.959,20:36.6
ACA,Last100,99,31/07/2024 13:23,07/11/2024 18:52, , ,114,55,10,N/A,149,9,1.176,0.604,0.14,1.511,1.6399999999999997,1.636,0.921,0.661,0.921,108.537,Scale-up,0.662,0.969,0.931,0.541,0.991,20:41.1
ACM,All,1173,10/09/2021 13:52,27/11/2024 12:07,8200,7174,4768,2406,776,6398,5104,1294,5.695,2.92,1,6.569,7.615,7.612,0.863,0.661,0.884,196.986,Scale-up,0.152,0.98,0.987,0.982,0.988,21:06.0
ACM,Last100,100,19/08/2024 10:26,27/11/2024 12:07, , ,764,291,124,N/A,876,56,7.305,3.001,1.306,9.202,9,9.029,1.022,0.709,0.873,140.622,Catch-up,0.109,0.996,0.989,0.982,0.996,21:11.3
AEROGEAR,All,4676,31/10/2011 15:51,20/08/2024 08:28,7765,7765,6360,1405,2119,5646,5543,103,2.047,0.444,0.722,1.775,1.769,1.888,1.003,0.822,0.71,58.028,Catch-up,0.563,0.954,0.973,0.893,0.952,21:34.9
AEROGEAR,Last100,69,11/06/2024 10:55,20/08/2024 08:28, , ,1,2,1,N/A,1,1,NaN,0.014,NaN,NaN,0,0.014,NaN,NaN,NaN,NaN,Catch-up,NaN,NaN,1,NaN,NaN,21:34.9
AESH,All,4083,01/10/2012 05:22,06/12/2023 09:35,483,483,277,206,34,449,430,19,0.119,0.08,0.016,0.165,0.183,0.175,0.902,0.598,0.92,115.152,Scale-up,6.061,0.799,0.958,0.979,0.905,21:54.2
AESH,Last100,63,03/10/2023 16:23,06/12/2023 09:35, , ,1,1,1,N/A,1,-1,NaN,NaN,NaN,NaN,0,NaN,NaN,NaN,NaN,NaN,Scale-up,NaN,NaN,NaN,NaN,NaN,21:54.2
AF,All,5579,16/02/2009 22:43,28/05/2024 07:48,2502,2502,1353,1149,401,2101,1490,611,0.508,0.463,0.148,0.619,0.823,0.813,0.752,0.523,0.848,987.076,Scale-up,1.616,0.849,0.962,0.922,0.897,22:13.9
AF,Last100,0,28/05/2024 07:04,28/05/2024 07:48, , ,1,1,17,N/A,1,-16,NaN,NaN,8.5,NaN,0,-8.5,NaN,NaN,NaN,NaN,Scale-up,NaN,NaN,NaN,0.167,NaN,22:13.9
AG,All,2764,24/01/2017 10:30,19/08/2024 11:36,246,246,108,138,6,240,236,5,0.033,0.052,0.003,0.08,0.082,0.081,0.976,0.388,0.965,62.5,Scale-up,12.5,0.979,0.922,0.938,0.959,22:34.9
AG,Last100,96,14/05/2024 13:51,19/08/2024 11:36, , ,5,2,1,N/A,7,0,0.063,0.018,NaN,0.077,0.081,0.06,NaN,NaN,NaN,NaN,Scale-up,12.987,0.81,1,NaN,0.842,22:34.9
AGENT,All,1051,23/12/2021 05:53,08/11/2024 21:27,756,756,730,26,164,592,373,219,0.703,0.027,0.172,0.371,0.558,0.57,0.665,0.963,0.764,590.296,Scale-up,2.695,0.983,0.969,0.956,0.968,22:54.5
AGENT,Last100,98,02/08/2024 20:36,08/11/2024 21:27, , ,75,1,10,N/A,27,40,0.865,NaN,0.07,0.232,0.7949999999999999,0.836,NaN,NaN,NaN,NaN,Scale-up,4.31,0.968,NaN,0.784,0.943,22:54.6
AMQDOC,All,3971,03/12/2013 13:37,18/10/2024 12:43,812,812,495,317,242,570,469,101,0.174,0.122,0.075,0.159,0.221,0.179,0.719,0.588,0.747,635.22,Scale-up,6.289,0.946,0.778,0.964,0.899,23:14.8
AMQDOC,Last100,98,12/07/2024 11:27,18/10/2024 12:43, , ,7,3,34,N/A,7,-32,0.04,0.058,0.201,0.078,-0.103,-0.113,-0.757,0.408,-1.051,1294.872,Scale-up,12.821,0.762,0.778,0.288,0.695,23:19.0
ANA,All,1396,12/01/2021 03:35,08/11/2024 15:39,311,311,300,11,31,280,216,64,0.184,0.022,0.023,0.137,0.183,0.178,0.749,0.893,0.888,467.153,Scale-up,7.299,0.951,0.963,0.569,0.923,23:38.3
ANA,Last100,95,05/08/2024 11:47,08/11/2024 15:39, , ,42,4,14,N/A,40,-7,0.426,0.062,0.117,0.474,0.371,0.358,1.278,0.873,0.76,135.021,Catch-up,2.11,0.966,0.92,0.704,0.899,23:42.6
API,All,1896,29/08/2019 13:08,07/11/2024 10:39,335,270,258,12,50,220,75,145,0.19,0.011,0.042,0.061,0.159,0.163,0.384,0.945,0.791,2377.049,Scale-up,16.393,0.851,0.915,0.882,0.959,24:01.7
API,Last100,98,31/07/2024 14:48,07/11/2024 10:39, , ,32,1,3,N/A,1,27,0.299,NaN,NaN,NaN,0,0.254,NaN,NaN,NaN,NaN,Scale-up,NaN,0.953,NaN,NaN,NaN,24:01.7
APIMAN,All,3612,24/04/2014 13:31,14/03/2024 16:05,1197,1197,672,525,164,1033,699,334,0.563,0.336,0.03,0.55,0.869,0.296,0.633,0.626,0.967,607.273,Scale-up,1.818,0.801,0.664,0.836,0.804,24:20.1
APIMAN,Last100,0,14/03/2024 15:53,14/03/2024 16:05, , ,1,1,66,N/A,1,-65,NaN,NaN,33,NaN,0,-33,NaN,NaN,NaN,NaN,Scale-up,NaN,NaN,NaN,0.32,NaN,24:20.1
APPAI,All,1112,20/01/2021 05:55,06/02/2024 17:29,292,283,227,56,6,277,249,28,0.356,0.126,0,0.37,0.482,0.467,0.768,0.739,1,75.676,Scale-up,2.703,0.677,0.932,0,0.694,24:38.7
APPAI,Last100,70,28/11/2023 12:24,06/02/2024 17:29, , ,2,1,1,N/A,2,-1,0.25,NaN,NaN,0.015,0,0.25,NaN,NaN,NaN,NaN,Scale-up,66.667,1,NaN,NaN,1,24:38.7
APPSVC,All,1952,20/05/2019 21:22,23/09/2024 03:42,974,872,766,106,87,785,668,117,0.463,0.066,0.082,0.413,0.447,0.454,0.924,0.875,0.845,283.293,Scale-up,2.421,0.988,0.942,0.762,0.991,24:58.3
APPSVC,Last100,48,05/08/2024 07:52,23/09/2024 03:42, , ,1,3,1,N/A,3,-1,NaN,0.048,NaN,0.042,0,0.048,NaN,NaN,NaN,NaN,Scale-up,23.81,NaN,1,NaN,0.999,24:58.3
ARQ,All,5555,06/08/2009 08:08,22/10/2024 07:24,2140,2140,1406,734,228,1912,1456,456,0.467,0.218,0.058,0.473,0.627,0.585,0.754,0.682,0.915,964.059,Scale-up,2.114,0.817,0.848,0.833,0.849,25:17.8
ARQ,Last100,0,22/10/2024 07:24,22/10/2024 07:24, , ,1,1,1,N/A,1,0,NaN,NaN,NaN,NaN,0,NaN,NaN,NaN,NaN,NaN,Scale-up,NaN,NaN,NaN,NaN,NaN,25:17.8
AUTH,All,2218,12/10/2018 14:44,08/11/2024 12:40,404,366,348,18,106,260,204,56,0.27,0.016,0.09,0.168,0.196,0.192,0.857,0.944,0.685,333.333,Scale-up,5.952,0.958,0.816,0.942,0.957,25:37.0
AUTH,Last100,99,31/07/2024 13:16,08/11/2024 12:40, , ,16,1,7,N/A,13,-4,0.211,NaN,0.057,0.156,0.154,0.147,NaN,NaN,NaN,NaN,Scale-up,6.41,0.726,NaN,0.881,0.688,25:37.0
BUILD,All,1994,29/05/2019 13:06,13/11/2024 10:13,459,386,348,38,88,298,227,71,0.189,0.027,0.089,0.138,0.127,0.163,1.087,0.875,0.588,514.493,Catch-up,7.246,0.959,0.635,0.949,0.962,25:56.5
BUILD,Last100,85,19/08/2024 19:18,13/11/2024 10:13, , ,29,7,22,N/A,19,-6,0.357,0.068,0.414,0.204,0.011,0.125,18.545,0.84,0.026,348.039,Catch-up,4.902,0.942,0.975,0.579,0.942,26:00.9
BXMSDOC,All,3836,24/04/2014 06:20,24/10/2024 10:39,2189,2189,1866,323,40,2149,2028,121,1.064,0.114,0.049,0.971,1.129,0.984,0.86,0.903,0.958,124.614,Scale-up,1.03,0.901,0.965,0.818,0.901,26:20.5
BXMSDOC,Last100,0,24/10/2024 10:37,24/10/2024 10:39, , ,1,1,1,N/A,7,-6,NaN,NaN,NaN,NaN,0,NaN,NaN,NaN,NaN,NaN,Scale-up,NaN,NaN,NaN,NaN,NaN,26:20.5
BYTEMAN,All,5571,08/07/2009 06:28,08/10/2024 16:54,435,435,195,240,45,390,365,25,0.036,0.046,0.01,0.068,0.072,0.071,0.944,0.439,0.878,367.647,Scale-up,14.706,0.932,0.9,0.978,0.905,26:38.7
BYTEMAN,Last100,0,08/10/2024 16:54,08/10/2024 16:54, , ,1,1,1,N/A,1,0,NaN,NaN,NaN,NaN,0,NaN,NaN,NaN,NaN,NaN,Scale-up,NaN,NaN,NaN,NaN,NaN,26:38.7
CCO,All,1396,11/01/2021 15:11,07/11/2024 18:17,423,370,357,13,74,296,213,83,0.25,0.01,0.051,0.146,0.209,0.209,0.699,0.962,0.804,568.493,Scale-up,6.849,0.956,0.947,0.776,0.912,26:58.0
CCO,Last100,99,31/07/2024 05:23,07/11/2024 18:17, , ,19,1,3,N/A,21,-4,0.195,NaN,0.022,0.195,0.17300000000000001,0.161,NaN,NaN,NaN,NaN,Scale-up,5.128,0.928,NaN,0.75,0.91,26:58.0
CDI,All,4190,27/11/2009 23:34,19/05/2021 07:26,722,722,284,438,353,369,369,0,0.09,0.159,0.062,0.149,0.187,0.106,0.797,0.361,0.751,0,Start-up,6.711,0.955,0.958,0.633,0.924,27:16.4
CDI,Last100,0,19/05/2021 07:18,19/05/2021 07:26, , ,1,1,249,N/A,1,-248,NaN,NaN,124.5,NaN,0,-124.5,NaN,NaN,NaN,NaN,Start-up,NaN,NaN,NaN,0.641,NaN,27:16.4
CDITCK,All,3749,19/12/2008 07:42,26/03/2019 11:29,452,452,147,305,69,383,378,5,0.046,0.081,0.018,0.113,0.109,0.108,1.037,0.362,0.858,44.248,Catch-up,8.85,0.985,0.94,0.968,0.972,27:35.2
CDITCK,Last100,77,08/01/2019 10:49,26/03/2019 11:29, , ,1,2,1,N/A,3,-2,NaN,0.023,NaN,0.019,0,0.023,NaN,NaN,NaN,NaN,Catch-up,52.632,NaN,1,NaN,0.75,27:35.2
CEQ,All,1306,19/04/2021 07:20,15/11/2024 15:02,606,604,331,273,51,553,520,33,0.217,0.266,0.046,0.394,0.437,0.357,0.902,0.449,0.905,83.756,Scale-up,2.538,0.638,0.176,0.921,0.41,27:55.3
CEQ,Last100,87,20/08/2024 07:25,15/11/2024 15:02, , ,52,3,8,N/A,25,23,0.523,0.03,0.284,0.323,0.2690000000000001,0.433,1.201,0.946,0.486,102.167,Catch-up,3.096,0.896,0.991,0.592,0.918,27:59.7
CFE,All,1239,22/06/2021 11:44,12/11/2024 14:43,791,725,712,13,98,627,508,119,0.586,0.011,0.077,0.436,0.52,0.518,0.838,0.982,0.871,272.936,Scale-up,2.294,0.964,0.823,0.965,0.968,28:19.4
CFE,Last100,99,05/08/2024 07:18,12/11/2024 14:43, , ,32,1,4,N/A,22,6,0.257,NaN,0.07,0.309,0.187,0.221,NaN,NaN,NaN,NaN,Scale-up,3.236,0.961,NaN,0.897,0.929,28:19.5
CGW,All,4138,09/07/2013 05:02,06/11/2024 10:20,602,602,95,507,47,555,531,24,0.033,0.173,0.016,0.157,0.19,0.158,0.826,0.16,0.922,152.866,Scale-up,6.369,0.664,0.925,0.922,0.972,28:39.7
CGW,Last100,92,05/08/2024 13:10,06/11/2024 10:20, , ,8,4,1,N/A,5,6,0.069,0.035,NaN,0.085,0.10400000000000001,0.103,NaN,NaN,NaN,NaN,Scale-up,11.765,0.924,0.837,NaN,0.77,28:39.7
CHE,All,2440,02/09/2016 12:44,10/05/2023 09:23,216,216,177,39,90,126,119,7,0.582,0.02,0.029,0.063,0.573,0.06,0.11,0.967,0.952,111.111,Scale-up,15.873,0.97,0.216,0.279,0.231,28:57.7
CHE,Last100,0,10/05/2023 09:23,10/05/2023 09:23, , ,1,1,1,N/A,1,0,NaN,NaN,NaN,NaN,0,NaN,NaN,NaN,NaN,NaN,Scale-up,NaN,NaN,NaN,NaN,NaN,28:57.7
CLAIRDEV,All,1788,16/12/2019 11:24,07/11/2024 16:50,89,89,72,17,3,86,14,72,0.04,0.031,0.009,0.043,0.062,0.05,0.694,0.563,0.873,1674.419,Scale-up,23.256,0.816,0.95,0.965,0.857,29:16.2
CLAIRDEV,Last100,92,07/08/2024 14:09,07/11/2024 16:50, , ,11,7,2,N/A,10,7,0.142,0.07,0.014,0.077,0.19799999999999998,0.191,0.389,0.67,0.934,935.065,Scale-up,12.987,0.849,0.755,1,0.792,29:20.4
CLID,All,1161,31/08/2021 17:26,05/11/2024 10:22,166,166,163,3,9,157,91,66,0.282,0.014,0.038,0.318,0.258,0.278,1.233,0.953,0.872,207.547,Catch-up,3.145,0.726,0.972,0.887,0.983,29:39.5
CLID,Last100,98,30/07/2024 06:20,05/11/2024 10:22, , ,37,1,4,N/A,36,-4,0.374,NaN,0.023,0.336,0.351,0.35,NaN,NaN,NaN,NaN,Catch-up,2.976,0.955,NaN,0.8,0.949,29:39.5
CLOUD,All,3464,22/04/2015 07:35,16/10/2024 06:46,1333,1333,193,1140,161,1172,840,332,0.083,0.486,0.073,0.342,0.496,0.488,0.69,0.146,0.872,970.76,Scale-up,2.924,0.894,0.863,0.898,0.837,29:59.4
CLOUD,Last100,90,17/07/2024 11:57,16/10/2024 06:46, , ,1,3,1,N/A,4,-1,NaN,0.052,NaN,0.09,0,0.027,NaN,NaN,NaN,NaN,Scale-up,11.111,NaN,0.75,NaN,0.817,29:59.4
CM,All,1183,12/08/2021 08:25,08/11/2024 06:30,164,164,141,23,6,158,112,46,0.167,0.018,0.011,0.141,0.174,0.173,0.81,0.903,0.941,326.241,Scale-up,7.092,0.787,0.947,0.773,0.896,30:18.5
CM,Last100,91,08/08/2024 12:47,08/11/2024 06:30, , ,7,4,1,N/A,9,1,0.079,0.034,NaN,0.098,0.113,0.112,NaN,NaN,NaN,NaN,Scale-up,10.204,0.947,0.899,NaN,0.917,30:18.5
CMCS,All,495,30/09/2021 10:22,08/02/2023 01:21,111,99,93,6,33,66,41,25,0.442,0.037,0.054,0.155,0.425,0.367,0.365,0.923,0.887,161.29,Scale-up,6.452,0.917,0.79,0.098,0.749,30:36.0
CMCS,Last100,0,08/02/2023 01:21,08/02/2023 01:21, , ,1,1,1,N/A,1,0,NaN,NaN,NaN,NaN,0,NaN,NaN,NaN,NaN,NaN,Scale-up,NaN,NaN,NaN,NaN,NaN,30:36.0
CMLK,All,1350,12/02/2021 14:47,25/10/2024 12:27,250,250,154,96,113,137,136,1,0.152,0.104,0.161,0.244,0.095,0.202,2.568,0.594,0.371,4.098,Plan-up,4.098,0.835,0.922,0.532,0.962,30:54.9
CMLK,Last100,93,24/07/2024 11:35,25/10/2024 12:27, , ,1,3,81,N/A,7,-83,NaN,0.034,1.923,0.045,-1.889,-1.001,NaN,NaN,NaN,NaN,Plan-up,22.222,NaN,0.888,0.176,0.787,30:54.9
CMP,All,1431,08/12/2020 03:09,08/11/2024 09:06,798,798,749,49,59,739,587,152,0.504,0.033,0.053,0.414,0.484,0.485,0.855,0.939,0.901,367.15,Scale-up,2.415,0.99,0.814,0.975,0.994,31:14.7
CMP,Last100,94,06/08/2024 06:12,08/11/2024 09:06, , ,53,10,4,N/A,39,19,0.548,0.107,0.086,0.388,0.5690000000000001,0.601,0.682,0.837,0.869,391.753,Scale-up,2.577,0.911,0.949,0.876,0.97,31:19.1
CMTOOL,All,3196,25/01/2016 14:23,25/10/2024 19:36,351,351,155,196,38,313,302,11,0.043,0.066,0.013,0.092,0.096,0.094,0.958,0.394,0.881,119.565,Scale-up,10.87,0.823,0.906,0.93,0.871,31:38.3
CMTOOL,Last100,91,26/07/2024 10:39,25/10/2024 19:36, , ,5,1,1,N/A,4,2,0.028,NaN,NaN,0.022,0,0.028,NaN,NaN,NaN,NaN,Scale-up,45.455,0.755,NaN,NaN,0.8,31:38.3
CNRDOC,All,1417,04/05/2020 02:13,21/03/2024 20:56,78,78,72,6,0,78,42,36,0.058,0.005,0,0.034,0.063,0.064,0.54,0.921,1,1058.824,Scale-up,29.412,0.846,0.75,0,0.942,31:56.8
CNRDOC,Last100,1,20/03/2024 10:48,21/03/2024 20:56, , ,1,1,1,N/A,1,-1,NaN,NaN,0,NaN,0,NaN,NaN,NaN,NaN,NaN,Scale-up,NaN,NaN,NaN,0,NaN,31:56.8
CNV,All,2079,06/03/2019 09:44,13/11/2024 18:52,11789,10975,7472,3503,1484,9491,7065,2426,8.79,3.226,1.871,8.152,10.145,9.538,0.804,0.732,0.844,297.596,Scale-up,0.123,0.982,0.925,0.918,0.955,32:23.6
CNV,Last100,100,05/08/2024 14:39,13/11/2024 18:52, , ,1582,330,153,N/A,1480,280,14.394,3.162,1.454,13.812,16.102,16.058,0.858,0.82,0.917,175.644,Scale-up,0.072,0.96,0.988,0.979,0.996,32:29.1
COCKPIT,All,1702,26/02/2020 03:20,24/10/2024 11:12,167,167,162,5,25,142,97,45,0.133,0.012,0.039,0.081,0.106,0.125,0.764,0.917,0.731,555.556,Scale-up,12.346,0.748,0.938,0.704,0.708,32:47.9
COCKPIT,Last100,99,16/07/2024 17:14,24/10/2024 11:12, , ,19,1,4,N/A,20,-3,0.158,NaN,0.033,0.216,0.125,0.148,NaN,NaN,NaN,NaN,Scale-up,4.63,0.962,NaN,0.868,0.982,32:47.9
COMPOSER,All,664,12/01/2023 09:09,07/11/2024 07:39,117,117,90,27,5,112,66,46,0.137,0.043,0.018,0.1,0.162,0.169,0.617,0.761,0.9,460,Scale-up,10,0.983,0.947,0.956,0.988,33:06.7
COMPOSER,Last100,85,14/08/2024 06:49,07/11/2024 07:39, , ,11,6,1,N/A,12,3,0.126,0.175,NaN,0.141,0.301,0.16,NaN,NaN,NaN,NaN,Scale-up,7.092,0.89,0.942,NaN,0.966,33:06.7
CONSOLE,All,2395,23/04/2018 17:56,12/11/2024 21:26,1331,1218,1169,49,194,1024,650,374,0.703,0.046,0.142,0.429,0.607,0.606,0.707,0.939,0.81,871.795,Scale-up,2.331,0.978,0.935,0.963,0.967,33:27.2
CONSOLE,Last100,99,05/08/2024 08:07,12/11/2024 21:26, , ,107,3,9,N/A,63,37,0.969,0.044,0.098,0.592,0.9149999999999999,0.926,0.647,0.957,0.903,631.757,Scale-up,1.689,0.978,0.999,0.842,0.935,33:31.7
COO,All,734,03/11/2022 12:06,07/11/2024 09:32,263,263,157,106,13,250,186,64,0.498,0.203,0.043,0.639,0.658,0.6,0.971,0.71,0.939,100.156,Scale-up,1.565,0.971,0.773,0.922,0.98,33:51.0
COO,Last100,98,01/08/2024 03:40,07/11/2024 09:32, , ,74,33,5,N/A,83,18,0.77,0.338,0.071,0.845,1.0370000000000001,1.066,0.815,0.695,0.936,75.74,Scale-up,1.183,0.933,0.957,0.974,0.907,33:55.5
CORS,All,1743,04/02/2020 18:12,13/11/2024 11:29,1637,1364,1324,40,367,997,657,340,1.056,0.025,0.35,0.531,0.731,0.776,0.726,0.977,0.676,640.301,Scale-up,1.883,0.892,0.736,0.852,0.959,34:15.8
CORS,Last100,99,06/08/2024 01:24,13/11/2024 11:29, , ,99,5,13,N/A,63,29,1.033,0.095,0.117,0.637,1.011,0.963,0.63,0.916,0.896,533.752,Scale-up,1.57,0.977,0.861,0.922,0.97,34:20.3
COST,All,1750,23/01/2020 19:05,08/11/2024 18:57,3508,3508,2441,1067,417,3091,2394,697,1.414,0.665,0.285,1.578,1.794,1.77,0.88,0.68,0.863,441.698,Scale-up,0.634,0.981,0.973,0.94,0.993,34:42.1
COST,Last100,99,01/08/2024 08:36,08/11/2024 18:57, , ,148,46,45,N/A,149,1,1.604,0.438,0.519,1.687,1.5230000000000001,1.655,1.108,0.786,0.746,413.159,Catch-up,0.593,0.981,0.995,0.793,0.978,34:46.7
COS,All,1346,01/03/2021 12:26,07/11/2024 07:11,1315,1315,1289,26,69,1246,959,287,1.326,0.036,0.085,1.037,1.277,1.276,0.812,0.974,0.938,276.76,Scale-up,0.964,0.993,0.837,0.961,0.996,35:07.1
COS,Last100,100,29/07/2024 15:57,07/11/2024 07:11, , ,138,1,3,N/A,99,38,1.356,NaN,0.083,0.966,1.2730000000000001,1.328,NaN,NaN,NaN,NaN,Scale-up,1.035,0.975,NaN,0.75,0.978,35:07.1
CPE,All,333,13/12/2023 13:00,10/11/2024 20:04,1247,1247,1247,0,0,1247,1070,177,3.528,0,0,3.433,3.528,3.528,0.973,1,1,51.558,Scale-up,0.291,0.996,0,0,0.994,35:25.8
CPE,Last100,100,02/08/2024 16:03,10/11/2024 20:04, , ,373,1,1,N/A,378,-6,3.741,0,0,3.944,3.741,3.741,1.054,1,1,44.878,Catch-up,0.254,0.997,0,0,0.995,35:29.3
CRW,All,2388,01/05/2018 18:04,14/11/2024 00:57,3804,3687,2126,1561,649,3038,2700,338,1.094,0.849,0.372,1.428,1.571,1.566,0.909,0.563,0.809,236.695,Scale-up,0.7,0.987,0.98,0.971,0.989,35:51.1
CRW,Last100,100,05/08/2024 12:49,14/11/2024 00:57, , ,109,39,19,N/A,103,25,1.115,0.503,0.255,1.095,1.363,1.334,0.803,0.689,0.842,308.676,Scale-up,0.913,0.967,0.98,0.844,0.988,35:55.7
CSB,All,1008,11/02/2022 11:22,15/11/2024 13:57,797,755,650,105,126,629,560,69,0.774,0.113,0.157,0.687,0.73,0.741,0.941,0.873,0.823,100.437,Scale-up,1.456,0.984,0.97,0.937,0.99,36:15.4
CSB,Last100,86,21/08/2024 13:14,15/11/2024 13:57, , ,68,11,22,N/A,56,2,0.762,0.118,0.256,0.648,0.624,0.611,1.038,0.866,0.709,106.481,Catch-up,1.543,0.913,0.979,0.91,0.964,36:19.9
CS,All,1725,18/02/2020 10:13,09/11/2024 05:33,1804,1804,1489,315,130,1674,1585,89,0.847,0.233,0.175,0.947,0.905,0.968,1.046,0.784,0.838,93.981,Catch-up,1.056,0.879,0.948,0.97,0.904,36:40.6
CS,Last100,99,01/08/2024 11:19,09/11/2024 05:33, , ,125,30,21,N/A,114,19,1.243,0.265,0.244,1.143,1.264,1.255,0.904,0.824,0.838,77.865,Scale-up,0.875,0.964,0.975,0.948,0.922,36:45.1
DBAAS,All,1013,23/04/2021 16:25,01/02/2024 16:01,760,760,589,171,71,689,523,166,0.88,0.333,0.127,0.7,1.086,1.063,0.645,0.725,0.895,237.143,Scale-up,1.429,0.96,0.969,0.913,0.966,37:03.9
DBAAS,Last100,0,01/02/2024 15:59,01/02/2024 16:01, , ,1,1,1,N/A,3,-3,NaN,NaN,NaN,NaN,0,NaN,NaN,NaN,NaN,NaN,Scale-up,NaN,NaN,NaN,NaN,NaN,37:03.9
DBZ,All,3211,26/01/2016 09:19,10/11/2024 15:39,7640,7640,4133,3507,1521,6119,5014,1105,1.578,1.327,0.602,1.886,2.303,2.377,0.819,0.543,0.793,585.896,Scale-up,0.53,0.963,0.956,0.964,0.952,37:27.9
DBZ,Last100,99,02/08/2024 16:17,10/11/2024 15:39, , ,133,122,220,N/A,200,-166,1.348,1.331,3.281,2.046,-0.602,-0.223,-3.399,0.503,-0.225,540.078,Scale-up,0.489,0.998,0.987,0.484,0.992,37:32.7
DESIGN,All,6370,18/05/2007 10:22,25/10/2024 20:16,1856,1700,1670,30,174,1526,1438,88,0.33,0.007,0.048,0.282,0.289,0.296,0.976,0.979,0.858,312.057,Scale-up,3.546,0.95,0.961,0.715,0.941,37:53.0
DESIGN,Last100,81,05/08/2024 16:42,25/10/2024 20:16, , ,17,1,1,N/A,15,1,0.133,NaN,NaN,0.134,0,0.133,NaN,NaN,NaN,NaN,Scale-up,7.463,0.501,NaN,NaN,0.853,37:53.0
DIRSRV,All,1888,11/09/2019 16:32,12/11/2024 09:35,74,74,9,65,10,64,12,52,0.004,0.04,0.063,0.028,-0.019,0.044,-1.474,0.091,-0.432,1857.143,Scale-up,35.714,0.847,0.757,0.755,0.718,38:11.6
DIRSRV,Last100,71,02/09/2024 07:33,12/11/2024 09:35, , ,1,13,9,N/A,5,1,NaN,0.201,0.115,0.055,0.086,0.075,NaN,NaN,NaN,NaN,Scale-up,18.182,NaN,0.899,0.915,0.883,38:11.6
DMR,All,4213,07/03/2012 06:16,19/09/2023 06:42,43,43,27,16,5,38,33,5,0.006,0.005,0.003,0.008,0.008,0.009,1,0.545,0.727,625,Catch-up,125,0.951,0.942,0.727,0.918,38:30.0
DMR,Last100,47,02/08/2023 08:33,19/09/2023 06:42, , ,4,1,1,N/A,4,-1,NaN,NaN,NaN,0.043,0,NaN,NaN,NaN,NaN,NaN,Catch-up,23.256,NaN,NaN,NaN,0.6,38:30.0
DROOLS,All,6692,03/07/2006 08:53,29/10/2024 04:22,5632,5632,2538,3094,1228,4404,3866,538,0.669,0.828,0.365,1.083,1.132,1.191,0.957,0.447,0.756,496.768,Scale-up,0.923,0.919,0.983,0.945,0.967,38:53.0
DROOLS,Last100,98,22/07/2024 13:08,29/10/2024 04:22, , ,4,9,7,N/A,3,4,0.062,0.155,0.058,0.133,0.159,0.079,0.836,0.286,0.733,4045.113,Scale-up,7.519,0.843,0.93,0.817,0.999,38:57.2
EAPDOC,All,1321,24/03/2021 08:06,05/11/2024 03:20,459,459,408,51,64,395,235,160,0.439,0.052,0.06,0.256,0.431,0.427,0.594,0.894,0.878,625,Scale-up,3.906,0.976,0.82,0.955,0.954,39:16.8
EAPDOC,Last100,98,29/07/2024 23:53,05/11/2024 03:20, , ,12,7,1,N/A,12,7,0.115,0.081,NaN,0.095,0.196,0.177,NaN,NaN,NaN,NaN,Scale-up,10.526,0.931,0.862,NaN,0.952,39:16.8
EJBCLIENT,All,4767,28/09/2011 11:20,17/10/2024 02:12,456,456,198,258,35,421,370,52,0.04,0.066,0.008,0.084,0.098,0.095,0.857,0.377,0.925,619.048,Scale-up,11.905,0.983,0.956,0.988,0.966,39:35.9
EJBCLIENT,Last100,97,11/07/2024 18:47,17/10/2024 02:12, , ,2,2,1,N/A,4,-1,0.024,0.012,NaN,0.038,0.036000000000000004,0.033,NaN,NaN,NaN,NaN,Scale-up,26.316,1,1,NaN,0.894,39:35.9
EJBTHREE,All,6876,13/12/2004 11:37,11/10/2023 13:55,2068,2068,961,1107,333,1735,1341,394,0.431,0.491,0.05,0.606,0.872,0.532,0.695,0.467,0.946,650.165,Scale-up,1.65,0.979,0.959,0.652,0.986,39:55.2
EJBTHREE,Last100,0,11/10/2023 13:54,11/10/2023 13:55, , ,1,1,18,N/A,1,-17,NaN,NaN,9,NaN,0,-9,NaN,NaN,NaN,NaN,Scale-up,NaN,NaN,NaN,0.715,NaN,39:55.2
ELYEE,All,1098,04/05/2021 12:48,06/05/2024 14:49,45,45,33,12,0,45,41,4,0.029,0.023,0,0.04,0.052,0.043,0.769,0.558,1,100,Scale-up,25,0.965,0.842,0,0.887,40:13.3
ELYEE,Last100,87,08/02/2024 16:09,06/05/2024 14:49, , ,6,1,1,N/A,5,0,0.107,NaN,0,0.03,0.107,0.107,NaN,NaN,NaN,NaN,Scale-up,33.333,0.841,NaN,0,0.75,40:13.3
ELYWEB,All,2319,22/05/2018 10:55,26/09/2024 17:00,231,231,208,23,4,227,210,17,0.093,0.011,0.006,0.097,0.098,0.101,0.99,0.894,0.942,175.258,Scale-up,10.309,0.985,0.912,0.865,0.975,40:32.3
ELYWEB,Last100,1,24/09/2024 22:13,26/09/2024 17:00, , ,1,1,1,N/A,1,-1,NaN,NaN,NaN,NaN,0,NaN,NaN,NaN,NaN,NaN,Scale-up,NaN,NaN,NaN,NaN,NaN,40:32.3
ELY,All,4816,02/09/2011 11:18,08/11/2024 14:23,2576,2576,1629,947,297,2279,1970,309,0.402,0.303,0.089,0.543,0.616,0.594,0.881,0.57,0.874,569.061,Scale-up,1.842,0.979,0.827,0.863,0.952,40:53.3
ELY,Last100,99,31/07/2024 14:26,08/11/2024 14:23, , ,62,7,1,N/A,45,24,1.096,0.072,NaN,0.581,1.1680000000000001,1.038,NaN,NaN,NaN,NaN,Scale-up,1.721,0.668,0.963,NaN,0.808,40:53.3
ENTESB,All,5004,21/01/2011 22:00,04/10/2024 08:53,15610,15434,6185,9249,4058,11376,11351,25,1.461,2.788,1.091,2.794,3.158,2.759,0.885,0.344,0.743,8.948,Start-up,0.358,0.951,0.971,0.993,0.993,41:22.9
ENTESB,Last100,94,01/07/2024 13:25,04/10/2024 08:53, , ,9,4,4,N/A,20,-10,0.422,0.037,0.032,0.365,0.42699999999999994,0.089,0.855,0.919,0.93,68.493,Scale-up,2.74,0.746,0.925,0.959,0.854,41:27.2
ENTMQBR,All,5028,01/02/2011 15:04,08/11/2024 10:15,5415,5415,2595,2820,1382,4033,3374,659,0.907,0.908,0.449,1.208,1.366,1.37,0.884,0.5,0.753,545.53,Scale-up,0.828,0.974,0.99,0.981,0.985,41:50.2
ENTMQBR,Last100,99,01/08/2024 07:52,08/11/2024 10:15, , ,50,56,89,N/A,110,-94,0.467,0.667,1.229,1.385,-0.095,0.086,-14.579,0.412,-0.084,475.812,Scale-up,0.722,0.895,0.969,0.614,0.943,41:54.8
ENTMQCL,All,3548,29/01/2015 00:00,16/10/2024 08:22,479,479,206,273,119,360,297,63,0.072,0.101,0.035,0.115,0.138,0.134,0.833,0.416,0.798,547.826,Scale-up,8.696,0.967,0.972,0.988,0.959,42:14.4
ENTMQCL,Last100,85,22/07/2024 12:01,16/10/2024 08:22, , ,2,1,6,N/A,8,-10,NaN,NaN,0.075,0.063,0,-0.008,NaN,NaN,NaN,NaN,Scale-up,15.873,NaN,NaN,0.911,0.873,42:14.4
ENTMQIC,All,3339,30/04/2015 10:20,20/06/2024 13:50,690,690,476,214,59,631,563,68,0.299,0.087,0.022,0.308,0.364,0.321,0.846,0.775,0.943,220.779,Scale-up,3.247,0.938,0.98,0.982,0.918,42:33.7
ENTMQIC,Last100,62,18/04/2024 17:38,20/06/2024 13:50, , ,1,1,1,N/A,2,-1,NaN,NaN,NaN,0.016,0,0.02,NaN,NaN,NaN,NaN,Scale-up,62.5,NaN,NaN,NaN,1,42:33.7
ENTMQMAAS,All,2703,21/11/2016 10:54,16/04/2024 12:57,1962,1962,1640,322,252,1710,1533,177,1.043,0.292,0.111,1.065,1.224,1.043,0.87,0.781,0.917,166.197,Scale-up,0.939,0.936,0.917,0.844,0.914,42:53.0
ENTMQMAAS,Last100,71,05/02/2024 09:52,16/04/2024 12:57, , ,1,1,28,N/A,1,-27,NaN,NaN,0.194,NaN,0,-0.194,NaN,NaN,NaN,NaN,Scale-up,NaN,NaN,NaN,0.613,NaN,42:53.0
ENTMQST,All,2499,04/01/2018 04:20,07/11/2024 15:38,3691,3691,3026,665,374,3317,3046,271,1.244,0.28,0.175,1.314,1.349,1.352,0.974,0.816,0.885,206.24,Scale-up,0.761,0.999,0.969,0.989,0.996,43:14.7
ENTMQST,Last100,99,31/07/2024 08:43,07/11/2024 15:38, , ,71,22,6,N/A,84,4,0.743,0.22,0.061,0.869,0.9019999999999999,0.91,0.963,0.772,0.937,311.853,Scale-up,1.151,0.983,0.972,0.914,0.968,43:19.2
ENTMQ,All,4675,24/08/2011 20:43,12/06/2024 11:48,1448,1448,316,1132,344,1104,1096,8,0.104,0.424,0.123,0.418,0.405,0.377,1.032,0.197,0.767,19.139,Plan-up,2.392,0.845,0.924,0.952,0.921,43:37.6
ENTMQ,Last100,0,12/06/2024 11:48,12/06/2024 11:48, , ,1,1,1,N/A,1,0,NaN,NaN,NaN,NaN,0,NaN,NaN,NaN,NaN,NaN,Plan-up,NaN,NaN,NaN,NaN,NaN,43:37.6
ENTSBT,All,2434,04/01/2018 08:14,04/09/2024 07:58,254,254,160,94,38,216,189,27,0.067,0.051,0.015,0.085,0.103,0.1,0.825,0.568,0.873,317.647,Scale-up,11.765,0.975,0.973,0.9,0.985,43:56.8
ENTSBT,Last100,86,10/06/2024 07:00,04/09/2024 07:58, , ,9,3,9,N/A,19,-17,0.082,0.019,NaN,0.182,0.101,-0.022,NaN,NaN,NaN,NaN,Scale-up,5.495,0.682,0.75,NaN,0.727,43:56.9
ENTVTX,All,2577,15/02/2017 14:30,08/03/2024 12:03,71,71,71,0,8,63,62,1,0.029,0,0.003,0.026,0.026,0.026,1,1,0.897,38.462,Catch-up,38.462,0.979,0,0.848,0.975,44:14.0
ENTVTX,Last100,0,08/03/2024 12:03,08/03/2024 12:03, , ,1,1,1,N/A,1,0,NaN,0,NaN,NaN,0,NaN,NaN,NaN,NaN,NaN,Catch-up,NaN,NaN,0,NaN,NaN,44:14.0
ETCD,All,1373,08/02/2021 11:23,12/11/2024 16:59,349,305,296,9,38,267,182,85,0.228,0.012,0.035,0.148,0.205,0.21,0.722,0.95,0.854,574.324,Scale-up,6.757,0.899,0.783,0.967,0.88,44:33.2
ETCD,Last100,92,12/08/2024 00:12,12/11/2024 16:59, , ,47,1,4,N/A,37,5,0.508,NaN,0.074,0.431,0.434,0.476,NaN,NaN,NaN,NaN,Scale-up,2.32,0.988,NaN,0.6,0.92,44:33.2
FAI,All,1579,31/05/2019 05:15,26/09/2023 12:47,716,716,634,82,0,716,553,163,0.51,0.152,0,0.467,0.662,0.604,0.705,0.77,1,349.036,Scale-up,2.141,0.989,0.939,0,0.986,44:50.6
FAI,Last100,8,18/09/2023 12:30,26/09/2023 12:47, , ,2,1,1,N/A,1,1,0.111,NaN,0,NaN,0.111,0.111,NaN,NaN,NaN,NaN,Scale-up,NaN,1,NaN,0,NaN,44:50.6
FDP,All,1816,19/11/2019 11:22,08/11/2024 11:27,760,760,205,555,111,649,318,331,0.173,0.843,0.248,0.71,0.768,0.877,0.924,0.17,0.756,466.197,Scale-up,1.408,0.631,0.745,0.697,0.974,45:10.4
FDP,Last100,99,01/08/2024 06:00,08/11/2024 11:27, , ,53,101,79,N/A,98,-22,0.664,1.097,0.835,0.892,0.9260000000000002,0.906,0.963,0.377,0.526,371.076,Scale-up,1.121,0.974,0.981,0.575,0.916,45:15.0
FLPATH,All,640,08/02/2023 11:55,10/11/2024 11:50,1518,1518,1109,409,295,1223,963,260,1.627,0.779,0.596,1.55,1.81,1.896,0.856,0.676,0.752,167.742,Scale-up,0.645,0.995,0.868,0.869,0.981,45:35.6
FLPATH,Last100,99,02/08/2024 16:15,10/11/2024 11:50, , ,163,89,122,N/A,159,-28,1.613,0.867,1.631,1.71,0.849,0.863,2.014,0.65,0.342,152.047,Catch-up,0.585,0.991,0.972,0.449,0.947,45:40.2
FORGE,All,4820,22/10/2010 11:34,02/01/2024 18:15,2300,2300,1452,848,426,1874,1638,236,0.642,0.384,0.119,0.749,0.907,0.75,0.826,0.626,0.884,315.087,Scale-up,1.335,0.913,0.908,0.811,0.927,45:59.6
FORGE,Last100,0,02/01/2024 18:13,02/01/2024 18:15, , ,1,1,2,N/A,1,-1,NaN,NaN,1,NaN,0,-1,NaN,NaN,NaN,NaN,Scale-up,NaN,NaN,NaN,1,NaN,45:59.6
FUSEDOC,All,5710,26/11/2008 14:18,16/07/2024 12:43,303,303,155,148,31,272,266,6,0.04,0.04,0.017,0.069,0.063,0.069,1.095,0.5,0.788,86.957,Catch-up,14.493,0.756,0.927,0.917,0.94,46:17.3
FUSEDOC,Last100,0,16/07/2024 12:29,16/07/2024 12:43, , ,1,1,3,N/A,1,-2,NaN,NaN,NaN,NaN,0,NaN,NaN,NaN,NaN,NaN,Catch-up,NaN,NaN,NaN,NaN,NaN,46:17.3
FUSETOOLS,All,4688,05/01/2011 16:16,07/11/2023 13:21,3025,3025,1629,1396,610,2415,1925,490,0.397,0.399,0.174,0.474,0.622,0.616,0.762,0.499,0.781,1033.755,Scale-up,2.11,0.957,0.956,0.941,0.97,46:37.5
FUSETOOLS,Last100,0,07/11/2023 13:21,07/11/2023 13:21, , ,1,1,1,N/A,1,0,NaN,NaN,NaN,NaN,0,NaN,NaN,NaN,NaN,NaN,Scale-up,NaN,NaN,NaN,NaN,NaN,46:37.5
GITOPS,All,1546,19/08/2020 11:59,13/11/2024 10:20,4060,3604,2764,840,832,2772,2454,318,1.919,0.659,0.579,1.844,1.999,2.055,0.922,0.744,0.775,172.451,Scale-up,0.542,0.983,0.988,0.929,0.991,47:00.1
GITOPS,Last100,99,05/08/2024 16:14,13/11/2024 10:20, , ,352,56,248,N/A,253,-92,3.319,0.587,3.34,2.708,0.5659999999999998,0.399,4.784,0.85,0.145,117.43,Catch-up,0.369,0.899,0.976,0.493,0.972,47:04.8
GRPA,All,1327,04/02/2021 05:43,23/09/2024 23:00,183,182,176,6,27,155,154,1,0.317,0.02,0.09,0.278,0.247,0.297,1.126,0.941,0.733,3.597,Plan-up,3.597,0.61,0.881,0.969,0.653,47:22.4
GRPA,Last100,0,23/09/2024 23:00,23/09/2024 23:00, , ,1,1,1,N/A,1,0,NaN,NaN,NaN,NaN,0,NaN,NaN,NaN,NaN,NaN,Plan-up,NaN,NaN,NaN,NaN,NaN,47:22.4
HAL,All,4862,18/07/2011 06:15,08/11/2024 13:57,1702,1702,661,1041,300,1402,1298,104,0.166,0.259,0.093,0.335,0.332,0.345,1.009,0.391,0.781,310.448,Catch-up,2.985,0.898,0.869,0.839,0.914,47:42.8
HAL,Last100,79,21/08/2024 08:46,08/11/2024 13:57, , ,3,6,1,N/A,7,1,0.024,0.058,NaN,0.052,0.082,0.078,NaN,NaN,NaN,NaN,Catch-up,19.231,0.845,0.79,NaN,0.858,47:42.8
HAWKULAR,All,3462,15/01/2015 20:04,09/07/2024 18:56,1105,1105,543,562,308,797,756,41,0.436,0.702,0.179,0.548,0.959,0.595,0.571,0.383,0.843,74.818,Scale-up,1.825,0.664,0.748,0.592,0.53,48:02.8
HAWKULAR,Last100,96,03/04/2024 21:01,09/07/2024 18:56, , ,1,1,1,N/A,1,-1,NaN,NaN,NaN,NaN,0,NaN,NaN,NaN,NaN,NaN,Scale-up,NaN,NaN,NaN,NaN,NaN,48:02.8
HAWNG,All,799,24/08/2022 18:27,01/11/2024 11:49,261,261,241,20,207,54,39,15,0.734,0.026,0.558,0.087,0.202,0.131,0.431,0.966,0.266,172.414,Scale-up,11.494,0.764,0.584,0.168,0.972,48:22.0
HAWNG,Last100,77,16/08/2024 03:52,01/11/2024 11:49, , ,4,9,6,N/A,8,-2,0.115,0.586,0.071,0.114,0.63,0.075,0.181,0.164,0.899,131.579,Scale-up,8.772,0.897,0.859,0.69,0.741,48:26.3
HCCDDF,All,879,13/06/2022 16:57,08/11/2024 21:05,128,128,88,40,27,101,101,0,0.151,0.046,0.032,0.141,0.165,0.134,0.855,0.766,0.838,0,Start-up,7.092,0.93,0.912,0.975,0.861,48:44.9
HCCDDF,Last100,86,14/08/2024 17:22,08/11/2024 21:05, , ,1,3,2,N/A,5,-2,NaN,0.037,0.033,0.044,0.004,0.037,NaN,NaN,NaN,NaN,Start-up,22.727,NaN,0.99,1,0.983,48:44.9
HCIDOCS,All,1176,18/08/2021 14:03,06/11/2024 20:51,422,422,243,179,57,365,216,149,0.308,0.341,0.166,0.633,0.483,0.518,1.311,0.475,0.744,235.387,Catch-up,1.58,0.77,0.911,0.925,0.987,49:04.3
HCIDOCS,Last100,99,30/07/2024 06:02,06/11/2024 20:51, , ,66,55,10,N/A,64,46,0.829,0.672,0.145,0.721,1.3559999999999999,1.382,0.532,0.552,0.903,206.657,Scale-up,1.387,0.894,0.956,0.92,0.956,49:08.8
HELM,All,1735,04/12/2019 20:48,04/09/2024 14:57,419,419,344,75,33,386,324,62,0.287,0.076,0.03,0.31,0.333,0.332,0.931,0.791,0.917,200,Scale-up,3.226,0.952,0.927,0.737,0.965,49:27.8
HELM,Last100,97,30/05/2024 05:24,04/09/2024 14:57, , ,5,1,1,N/A,2,1,0.032,NaN,NaN,1,0,0.022,NaN,NaN,NaN,NaN,Scale-up,1,0.901,NaN,NaN,1,49:27.8
HIVE,All,2300,26/07/2018 20:17,12/11/2024 19:16,1079,998,822,176,190,808,569,239,0.556,0.124,0.131,0.383,0.549,0.55,0.698,0.818,0.807,624.021,Scale-up,2.611,0.989,0.986,0.991,0.997,49:47.9
HIVE,Last100,99,05/08/2024 07:37,12/11/2024 19:16, , ,55,5,18,N/A,48,-5,0.477,0.09,0.164,0.471,0.4029999999999999,0.365,1.169,0.841,0.711,507.431,Catch-up,2.123,0.974,0.968,0.955,0.983,49:52.4
HMS,All,1038,04/01/2022 18:03,08/11/2024 17:02,2069,2069,1581,488,207,1862,1615,247,2.066,0.645,0.261,2.253,2.45,2.472,0.92,0.762,0.904,109.632,Scale-up,0.444,0.994,0.996,0.944,0.994,50:13.9
HMS,Last100,99,31/07/2024 20:58,08/11/2024 17:02, , ,214,60,69,N/A,232,-28,1.974,0.583,0.708,2.361,1.849,1.822,1.277,0.772,0.723,104.617,Catch-up,0.424,0.992,0.988,0.747,0.995,50:18.7
HOSTEDCP,All,1755,24/01/2020 09:37,13/11/2024 15:23,1665,1442,1304,138,235,1207,818,389,0.783,0.117,0.139,0.539,0.761,0.752,0.708,0.87,0.846,721.707,Scale-up,1.855,0.909,0.921,0.923,0.937,50:39.3
HOSTEDCP,Last100,99,05/08/2024 20:55,13/11/2024 15:23, , ,249,4,54,N/A,106,92,2.084,0.031,0.569,0.973,1.5460000000000003,1.464,0.629,0.985,0.731,399.794,Scale-up,1.028,0.922,0.6,0.636,0.989,50:43.8
HRCPP,All,3527,15/08/2013 02:10,12/04/2023 08:05,482,482,260,222,35,447,422,25,0.111,0.088,0.006,0.159,0.193,0.154,0.824,0.558,0.97,157.233,Scale-up,6.289,0.938,0.906,0.815,0.906,51:03.2
HRCPP,Last100,67,03/02/2023 16:47,12/04/2023 08:05, , ,1,1,19,N/A,6,-22,NaN,NaN,NaN,0.045,0,-0.127,NaN,NaN,NaN,NaN,Scale-up,22.222,NaN,NaN,NaN,0.429,51:03.2
INSTALLER,All,1700,02/04/2020 08:10,27/11/2024 08:49,135,120,97,23,5,115,59,56,0.094,0.102,0.016,0.257,0.18,0.127,1.428,0.48,0.918,217.899,Catch-up,3.891,0.35,0.958,0.834,0.988,51:22.0
INSTALLER,Last100,97,22/08/2024 08:20,27/11/2024 08:49, , ,41,12,3,N/A,29,20,0.476,0.15,0.135,0.315,0.491,0.586,0.642,0.76,0.784,177.778,Scale-up,3.175,0.935,0.947,0.942,0.978,51:26.4
IR,All,1988,04/06/2019 16:03,13/11/2024 13:16,278,227,220,7,66,161,116,45,0.129,0.003,0.055,0.084,0.077,0.088,1.091,0.977,0.583,535.714,Catch-up,11.905,0.953,0.939,0.926,0.93,51:45.7
IR,Last100,84,21/08/2024 06:05,13/11/2024 13:16, , ,14,2,3,N/A,7,7,0.179,0.053,0.031,0.067,0.20099999999999998,0.169,0.333,0.772,0.866,671.642,Scale-up,14.925,0.925,1,0.75,0.785,51:49.9
ISPN,All,5729,03/03/2009 10:56,08/11/2024 20:44,15138,15138,7709,7429,2851,12287,10821,1466,1.369,1.469,0.513,2.005,2.325,2.328,0.862,0.482,0.819,731.172,Scale-up,0.499,0.993,0.99,0.967,0.998,52:18.5
ISPN,Last100,99,01/08/2024 11:54,08/11/2024 20:44, , ,199,270,251,N/A,320,-101,2.545,2.959,5.211,3.742,0.29299999999999926,2.464,12.771,0.462,0.053,391.769,Catch-up,0.267,0.958,0.98,0.241,0.956,52:23.4
JANDEX,All,4550,07/04/2011 14:37,22/09/2023 13:41,49,49,22,27,10,39,39,0,0.007,0.007,0.002,0.009,0.012,0.01,0.75,0.5,0.857,0,Start-up,111.111,0.944,0.904,0.902,0.888,52:42.3
JANDEX,Last100,0,21/09/2023 15:10,22/09/2023 13:41, , ,1,1,1,N/A,1,-1,NaN,NaN,NaN,NaN,0,NaN,NaN,NaN,NaN,NaN,Start-up,NaN,NaN,NaN,NaN,NaN,52:42.3
JBAS,All,8223,06/04/2001 03:49,11/10/2023 13:56,6835,6835,2518,4317,2546,4289,4007,282,0.912,1.3,0.725,1.548,1.487,1.539,1.041,0.412,0.672,182.171,Catch-up,0.646,0.945,0.98,0.917,0.969,53:08.2
JBAS,Last100,0,11/10/2023 13:56,11/10/2023 13:56, , ,1,1,1,N/A,1,0,NaN,NaN,NaN,NaN,0,NaN,NaN,NaN,NaN,NaN,Catch-up,NaN,NaN,NaN,NaN,NaN,53:08.2
JBCS,All,3554,17/02/2015 16:35,11/11/2024 14:51,635,635,104,531,154,481,445,36,0.045,0.18,0.058,0.134,0.167,0.132,0.802,0.2,0.742,268.657,Scale-up,7.463,0.838,0.884,0.916,0.976,53:31.1
JBCS,Last100,89,13/08/2024 15:43,11/11/2024 14:51, , ,10,5,1,N/A,8,7,0.122,0.059,NaN,0.081,0.181,0.175,NaN,NaN,NaN,NaN,Scale-up,12.346,0.744,0.95,NaN,0.644,53:31.1
JBDS,All,6186,16/03/2007 05:46,21/02/2024 10:02,3954,3886,1685,2201,918,2968,2841,127,0.378,0.533,0.214,0.633,0.697,0.677,0.908,0.415,0.765,200.632,Scale-up,1.58,0.978,0.974,0.971,0.979,53:54.3
JBDS,Last100,0,21/02/2024 09:53,21/02/2024 10:02, , ,1,2,2,N/A,1,-1,NaN,1,NaN,NaN,0,0,NaN,NaN,NaN,NaN,Scale-up,NaN,NaN,1,NaN,NaN,53:54.3
JBEAP,All,4311,22/01/2013 10:29,11/11/2024 15:44,21678,21649,5868,15781,4822,16827,16160,667,1.703,4.695,1.449,4.759,4.949,4.677,0.962,0.266,0.774,140.155,Scale-up,0.21,0.968,0.811,0.976,0.859,54:29.0
JBEAP,Last100,99,04/08/2024 00:07,11/11/2024 15:44, , ,133,128,68,N/A,257,-63,1.357,1.364,0.706,2.451,2.015,2.012,1.216,0.499,0.741,272.134,Catch-up,0.408,0.988,0.97,0.971,0.979,54:33.7
JBEE,All,5917,17/03/2008 17:44,29/05/2024 20:32,231,231,140,91,22,209,189,20,0.023,0.019,0.004,0.036,0.038,0.037,0.947,0.548,0.905,555.556,Scale-up,27.778,0.893,0.971,0.934,0.943,54:52.9
JBEE,Last100,0,29/05/2024 19:55,29/05/2024 20:32, , ,1,1,1,N/A,1,-1,NaN,NaN,NaN,NaN,0,NaN,NaN,NaN,NaN,NaN,Scale-up,NaN,NaN,NaN,NaN,NaN,54:52.9
JBERET,All,3991,23/10/2013 10:44,26/09/2024 14:18,510,510,325,185,17,493,400,93,0.083,0.058,0.006,0.105,0.135,0.133,0.778,0.589,0.957,885.714,Scale-up,9.524,0.943,0.919,0.88,0.942,55:11.7
JBERET,Last100,21,05/09/2024 12:30,26/09/2024 14:18, , ,3,1,1,N/A,3,0,0.167,NaN,NaN,0.136,0,0.158,NaN,NaN,NaN,NaN,Scale-up,7.353,0.75,NaN,NaN,0.75,55:11.7
JBIDE,All,7958,31/01/2003 10:45,14/11/2024 18:27,24947,24890,9471,15419,4967,19923,18775,1148,1.711,3.408,0.956,3.714,4.163,3.902,0.892,0.334,0.813,309.101,Scale-up,0.269,0.976,0.939,0.937,0.954,55:45.8
JBIDE,Last100,99,07/08/2024 11:40,14/11/2024 18:27, , ,10,3,4,N/A,8,2,0.084,0.077,0.172,0.147,-0.011,0.088,-13.364,0.522,-0.068,7809.524,Scale-up,6.803,0.813,0.959,0.995,0.818,55:50.2
JBJCA,All,7269,14/12/2004 16:48,08/11/2024 20:12,1130,1130,763,367,96,1034,982,52,0.149,0.073,0.021,0.204,0.201,0.192,1.015,0.671,0.905,254.902,Catch-up,4.902,0.736,0.881,0.724,0.771,56:11.5
JBJCA,Last100,99,01/08/2024 11:12,08/11/2024 20:12, , ,5,5,1,N/A,4,4,0.143,0.044,NaN,0.024,0.187,0.073,NaN,NaN,NaN,NaN,Catch-up,41.667,0.941,0.985,NaN,0.743,56:11.5
JBLOGGING,All,5998,08/04/2008 06:23,09/09/2024 15:27,132,132,81,51,36,96,93,3,0.012,0.009,0.005,0.014,0.016,0.015,0.875,0.571,0.762,214.286,Scale-up,71.429,0.975,0.889,0.92,0.983,56:30.5
JBLOGGING,Last100,53,17/07/2024 15:58,09/09/2024 15:27, , ,2,1,2,N/A,2,-2,0.019,NaN,NaN,1,0,-0.001,NaN,NaN,NaN,NaN,Scale-up,1,1,NaN,NaN,1,56:30.5
JBMAR,All,5639,02/10/2008 11:00,12/03/2024 10:42,240,240,82,158,29,211,193,18,0.011,0.03,0.006,0.03,0.035,0.033,0.857,0.268,0.854,600,Scale-up,33.333,0.802,0.91,0.969,0.83,56:49.1
JBMAR,Last100,20,20/02/2024 16:19,12/03/2024 10:42, , ,2,1,1,N/A,3,-2,0.048,NaN,NaN,0.071,0,0.048,NaN,NaN,NaN,NaN,Scale-up,14.085,1,NaN,NaN,0.75,56:49.1
JBMETA,All,6292,26/04/2007 23:07,18/07/2024 16:47,423,423,227,196,34,389,370,19,0.032,0.034,0.004,0.054,0.062,0.059,0.871,0.485,0.939,351.852,Scale-up,18.519,0.631,0.762,0.889,0.678,57:06.9
JBMETA,Last100,0,18/07/2024 16:47,18/07/2024 16:47, , ,1,1,1,N/A,1,0,NaN,NaN,NaN,NaN,0,NaN,NaN,NaN,NaN,NaN,Scale-up,NaN,NaN,NaN,NaN,NaN,57:06.9
JBNAME,All,3957,19/08/2007 23:10,20/06/2018 18:39,55,55,35,20,5,50,38,12,0.047,0.008,0.001,0.028,0.054,0.014,0.519,0.855,0.982,428.571,Scale-up,35.714,0.945,0.821,0.809,0.757,57:24.2
JBNAME,Last100,64,17/04/2018 10:27,20/06/2018 18:39, , ,1,1,3,N/A,1,-2,NaN,NaN,0.023,NaN,0,-0.023,NaN,NaN,NaN,NaN,Scale-up,NaN,NaN,NaN,0.75,NaN,57:24.2
JBPAPP,All,5768,01/03/2007 20:38,16/12/2022 15:23,5339,5339,1786,3553,1372,3967,3965,2,0.858,1.67,0.262,1.849,2.266,1.132,0.816,0.339,0.896,1.082,Start-up,0.541,0.916,0.955,0.901,0.948,57:47.1
JBPAPP,Last100,87,20/09/2022 11:32,16/12/2022 15:23, , ,1,1,1,N/A,1,-1,NaN,NaN,NaN,NaN,0,-0.011,NaN,NaN,NaN,NaN,Start-up,NaN,NaN,NaN,NaN,NaN,57:47.1
JBPM,All,7267,23/11/2004 04:07,16/10/2024 07:42,8951,8893,4234,4659,1997,6896,5338,1558,0.669,0.777,0.288,0.869,1.158,1.148,0.75,0.463,0.801,1792.865,Scale-up,1.151,0.976,0.955,0.949,0.961,58:11.6
JBPM,Last100,82,25/07/2024 10:21,16/10/2024 07:42, , ,2,6,1,N/A,2,4,0.5,0.053,NaN,0.018,0.553,0.065,NaN,NaN,NaN,NaN,Scale-up,55.556,1,0.767,NaN,1,58:11.6
JBTM,All,6897,23/12/2005 17:03,11/11/2024 15:04,3692,3692,1943,1749,664,3028,2741,287,0.309,0.314,0.128,0.46,0.495,0.494,0.929,0.496,0.795,623.913,Scale-up,2.174,0.962,0.952,0.918,0.962,58:33.3
JBTM,Last100,94,09/08/2024 09:32,11/11/2024 15:04, , ,16,17,6,N/A,28,0,0.167,0.204,0.059,0.373,0.312,0.298,1.196,0.45,0.841,769.437,Catch-up,2.681,0.962,0.952,0.753,0.885,58:37.7
JBVFS,All,6340,02/12/2006 12:25,11/04/2024 13:13,212,212,126,86,18,194,176,18,0.017,0.018,0.004,0.025,0.031,0.029,0.806,0.486,0.886,720,Scale-up,40,0.542,0.686,0.877,0.558,58:56.6
JBVFS,Last100,63,08/02/2024 11:47,11/04/2024 13:13, , ,2,1,1,N/A,4,-2,0.03,NaN,NaN,0.052,0,0.036,NaN,NaN,NaN,NaN,Scale-up,19.231,1,NaN,NaN,0.966,58:56.6
JBWS,All,7338,06/10/2004 06:04,08/11/2024 06:25,3654,3654,2003,1651,934,2720,2680,40,0.285,0.301,0.155,0.402,0.431,0.397,0.933,0.486,0.735,99.502,Scale-up,2.488,0.871,0.787,0.805,0.852,59:18.4
JBWS,Last100,94,05/08/2024 07:16,08/11/2024 06:25, , ,1,2,2,N/A,6,-5,NaN,0.017,1,0.037,-0.983,0.019,NaN,NaN,NaN,NaN,Scale-up,27.027,NaN,1,1,0.851,59:18.4
JDF,All,4061,22/11/2011 08:31,04/01/2023 15:36,785,785,461,324,105,680,609,71,0.169,0.24,0.049,0.258,0.36,0.307,0.717,0.413,0.88,275.194,Scale-up,3.876,0.543,0.701,0.632,0.584,59:38.4
JDF,Last100,64,01/11/2022 13:43,04/01/2023 15:36, , ,1,1,1,N/A,1,0,NaN,NaN,NaN,NaN,0,0.016,NaN,NaN,NaN,NaN,Scale-up,NaN,NaN,NaN,NaN,NaN,59:38.4
JDG,All,3201,10/02/2016 09:32,15/11/2024 11:48,2293,2272,625,1647,451,1821,1676,145,0.17,0.427,0.147,0.442,0.45,0.416,0.982,0.285,0.754,328.054,Scale-up,2.262,0.954,0.778,0.815,0.882,59:59.6
JDG,Last100,97,09/08/2024 12:52,15/11/2024 11:48, , ,32,57,5,N/A,77,6,0.362,0.513,0.065,0.821,0.81,0.802,1.014,0.414,0.926,176.614,Catch-up,1.218,0.913,0.971,0.97,0.961,00:05.6
JGRP,All,7262,24/12/2004 09:01,11/11/2024 12:36,2694,2694,1437,1257,498,2196,2134,62,0.194,0.185,0.078,0.3,0.301,0.301,0.997,0.512,0.794,206.667,Scale-up,3.333,0.971,0.959,0.987,0.965,00:33.4
JGRP,Last100,98,05/08/2024 05:12,11/11/2024 12:36, , ,20,16,5,N/A,25,7,0.171,0.133,0.044,0.276,0.26000000000000006,0.264,1.062,0.562,0.855,224.638,Catch-up,3.623,0.947,0.955,0.948,0.954,00:37.8
JKNS,All,1392,21/01/2021 04:01,13/11/2024 13:12,158,140,114,26,24,116,89,27,0.076,0.023,0.022,0.065,0.077,0.073,0.844,0.768,0.778,415.385,Scale-up,15.385,0.984,0.912,0.951,0.983,00:56.7
JKNS,Last100,90,14/08/2024 16:11,13/11/2024 13:12, , ,3,8,1,N/A,11,0,0.022,0.117,NaN,0.099,0.139,0.111,NaN,NaN,NaN,NaN,Scale-up,10.101,0.923,0.908,NaN,0.885,00:56.7
JWS,All,3878,31/03/2014 14:42,11/11/2024 17:05,1110,1095,259,836,241,854,801,53,0.069,0.243,0.07,0.203,0.242,0.207,0.839,0.221,0.776,261.084,Scale-up,4.926,0.82,0.894,0.954,0.957,01:17.1
JWS,Last100,97,06/08/2024 11:17,11/11/2024 17:05, , ,17,8,9,N/A,21,-6,0.319,0.066,0.206,0.204,0.17900000000000002,0.206,1.14,0.829,0.465,259.804,Catch-up,4.902,0.924,0.937,0.615,0.931,01:21.5
KATA,All,1482,23/10/2020 10:06,13/11/2024 15:12,812,730,542,188,91,639,431,208,0.886,0.137,0.108,0.633,0.915,0.669,0.692,0.866,0.894,328.594,Scale-up,1.58,0.747,0.789,0.745,0.826,01:41.7
KATA,Last100,100,05/08/2024 13:05,13/11/2024 15:12, , ,108,36,23,N/A,94,28,1.398,0.353,0.214,0.884,1.537,1.502,0.575,0.798,0.878,235.294,Scale-up,1.131,0.902,0.963,0.95,0.982,01:46.4
KFLUXUI,All,1296,26/04/2021 09:48,12/11/2024 10:29,157,136,135,1,10,126,12,114,0.122,0,0.554,0.399,-0.432,0.115,-0.924,1,-3.541,285.714,Scale-up,2.506,0.739,0,0.745,0.543,02:04.8
KFLUXUI,Last100,94,09/08/2024 14:26,12/11/2024 10:29, , ,81,1,10,N/A,12,59,0.783,NaN,0.518,0.378,0.265,0.651,NaN,NaN,NaN,NaN,Scale-up,2.646,0.75,NaN,0.766,0.549,02:04.8
KIECLOUD,All,1837,17/09/2018 16:12,28/09/2023 19:13,579,572,404,168,65,507,505,2,0.227,0.096,0.04,0.276,0.283,0.279,0.975,0.703,0.876,7.246,Start-up,3.623,0.942,0.7,0.956,0.898,02:24.3
KIECLOUD,Last100,99,21/06/2023 15:55,28/09/2023 19:13, , ,7,4,3,N/A,11,-4,0.087,0.069,0.067,0.129,0.089,0.094,1.449,0.558,0.571,15.504,Plan-up,7.752,0.797,0.97,0.999,0.92,02:28.5
KOGITO,All,2914,31/10/2016 15:27,24/10/2024 11:27,8551,8103,5782,2321,1230,6873,5725,1148,3.49,1.485,0.702,3.483,4.273,4.216,0.815,0.702,0.859,329.601,Scale-up,0.287,0.958,0.958,0.993,0.962,02:52.1
KOGITO,Last100,99,17/07/2024 08:03,24/10/2024 11:27, , ,1,1,1,N/A,4,-4,NaN,NaN,NaN,0.025,0,NaN,NaN,NaN,NaN,NaN,Scale-up,40,NaN,NaN,NaN,0.859,02:52.1
LOGMGR,All,5699,08/03/2009 01:59,14/10/2024 15:26,326,326,184,142,38,288,251,38,0.037,0.026,0.007,0.046,0.056,0.055,0.821,0.587,0.889,826.087,Scale-up,21.739,0.973,0.985,0.952,0.966,03:11.3
LOGMGR,Last100,28,16/09/2024 07:03,14/10/2024 15:26, , ,1,1,1,N/A,1,-1,NaN,NaN,NaN,NaN,0,NaN,NaN,NaN,NaN,NaN,Scale-up,NaN,NaN,NaN,NaN,NaN,03:11.3
LOG,All,1475,29/10/2020 10:44,13/11/2024 08:30,2919,2776,1274,1502,609,2167,1986,181,0.917,1.145,0.494,1.529,1.568,1.565,0.975,0.445,0.76,118.378,Scale-up,0.654,0.997,0.997,0.99,0.999,03:32.6
LOG,Last100,100,05/08/2024 08:01,13/11/2024 08:30, , ,64,120,72,N/A,145,-34,0.587,1.114,0.721,1.337,0.9800000000000001,1.042,1.364,0.345,0.576,135.378,Catch-up,0.748,0.985,0.987,0.933,0.977,03:37.2
MAISTRA,All,2249,15/08/2018 12:51,12/10/2024 01:04,1929,1928,1153,775,349,1579,1489,90,1.009,0.705,0.224,1.314,1.49,1.335,0.882,0.589,0.869,68.493,Scale-up,0.761,0.997,0.938,0.977,0.993,03:57.7
MAISTRA,Last100,66,06/08/2024 11:24,12/10/2024 01:04, , ,1,1,1,N/A,1,1,NaN,NaN,NaN,NaN,0,0.015,NaN,NaN,NaN,NaN,Scale-up,NaN,NaN,NaN,NaN,NaN,03:57.7
MCO,All,1521,11/09/2020 14:51,11/11/2024 14:36,1267,1131,1113,18,285,846,534,312,0.955,0.018,0.313,0.528,0.66,0.727,0.8,0.982,0.678,590.909,Scale-up,1.894,0.953,0.952,0.901,0.961,04:17.9
MCO,Last100,97,05/08/2024 19:58,11/11/2024 14:36, , ,153,2,52,N/A,56,48,1.498,0.25,0.546,0.468,1.202,0.983,0.389,0.857,0.688,666.667,Scale-up,2.137,0.872,1,0.798,0.976,04:22.5
MDC,All,307,14/12/2023 16:15,17/10/2024 08:46,68,62,60,2,2,60,23,37,0.199,0.2,0,0.083,0.399,0.18,0.208,0.499,1,445.783,Scale-up,12.048,0.724,1,0,0.913,04:40.1
MDC,Last100,99,09/07/2024 19:43,17/10/2024 08:46, , ,8,2,1,N/A,6,3,0.058,0.2,NaN,0.085,0.258,0.07,NaN,NaN,NaN,NaN,Scale-up,11.765,0.918,1,NaN,0.862,04:40.1
MGDAPI,All,2099,12/02/2019 12:58,12/11/2024 11:38,866,814,751,63,126,688,551,137,0.86,0.055,0.173,0.634,0.742,0.77,0.854,0.94,0.811,216.088,Scale-up,1.577,0.854,0.679,0.899,0.878,05:00.1
MGDAPI,Last100,99,05/08/2024 08:11,12/11/2024 11:38, , ,23,1,4,N/A,22,-4,0.2,NaN,0.04,0.181,0.16,0.159,NaN,NaN,NaN,NaN,Scale-up,5.525,0.877,NaN,0.616,0.874,05:00.1
MGDOBR,All,736,14/03/2022 10:56,19/03/2024 14:33,749,711,605,106,229,482,480,2,1.68,0.331,0.567,1.351,1.444,1.532,0.936,0.835,0.718,1.48,Start-up,0.74,0.971,0.965,0.525,0.96,05:19.9
MGDOBR,Last100,89,21/12/2023 08:21,19/03/2024 14:33, , ,1,1,1,N/A,1,-1,NaN,NaN,NaN,NaN,0,NaN,NaN,NaN,NaN,NaN,Start-up,NaN,NaN,NaN,NaN,NaN,05:19.9
MGDSR,All,1034,21/10/2021 16:14,21/08/2024 08:51,99,94,85,9,31,63,60,3,0.135,0.025,0.041,0.097,0.119,0.091,0.815,0.844,0.744,30.928,Scale-up,10.309,0.767,0.805,0.763,0.852,05:37.2
MGDSR,Last100,0,21/08/2024 08:51,21/08/2024 08:51, , ,1,1,1,N/A,1,0,NaN,NaN,NaN,NaN,0,NaN,NaN,NaN,NaN,NaN,Scale-up,NaN,NaN,NaN,NaN,NaN,05:37.2
MGDSTRM,All,1275,23/03/2021 06:37,18/09/2024 18:00,2015,1832,1620,212,344,1488,1172,316,3.617,0.563,0.672,2.749,3.508,3.293,0.784,0.865,0.839,114.951,Scale-up,0.364,0.948,0.935,0.903,0.93,05:57.0
MGDSTRM,Last100,0,18/09/2024 18:00,18/09/2024 18:00, , ,1,1,1,N/A,1,0,NaN,NaN,NaN,NaN,0,NaN,NaN,NaN,NaN,NaN,Scale-up,NaN,NaN,NaN,NaN,NaN,05:57.0
MGDX,All,671,14/03/2022 11:10,15/01/2024 09:32,297,275,220,55,23,252,153,99,0.506,0.123,0.045,0.356,0.584,0.587,0.61,0.804,0.928,278.09,Scale-up,2.809,0.982,0.958,0.984,0.933,06:15.4
MGDX,Last100,0,15/01/2024 09:32,15/01/2024 09:32, , ,1,1,1,N/A,1,0,NaN,NaN,NaN,NaN,0,NaN,NaN,NaN,NaN,NaN,Scale-up,NaN,NaN,NaN,NaN,NaN,06:15.4
MIG,All,1762,16/01/2020 14:19,13/11/2024 05:33,600,553,481,72,15,538,352,186,0.331,0.047,0.08,0.257,0.298,0.355,0.862,0.876,0.788,723.735,Scale-up,3.891,0.925,0.936,0.817,0.965,06:35.1
MIG,Last100,97,07/08/2024 10:14,13/11/2024 05:33, , ,24,18,1,N/A,15,26,0.212,0.184,NaN,0.207,0.396,0.402,NaN,NaN,NaN,NaN,Scale-up,4.831,0.754,0.832,NaN,0.825,06:35.1
MODCLUSTER,All,5972,23/06/2008 14:24,30/10/2024 11:27,757,757,343,414,143,614,550,64,0.058,0.073,0.025,0.089,0.106,0.105,0.84,0.443,0.809,719.101,Scale-up,11.236,0.982,0.939,0.979,0.979,06:54.6
MODCLUSTER,Last100,99,23/07/2024 09:33,30/10/2024 11:27, , ,3,7,1,N/A,5,3,0.031,0.07,NaN,0.071,0.101,0.087,NaN,NaN,NaN,NaN,Scale-up,14.085,0.96,0.777,NaN,0.928,06:54.6
MODE,All,6139,21/01/2008 20:48,12/11/2024 10:36,2496,2496,1100,1396,372,2124,2058,66,0.282,0.459,0.139,0.706,0.602,0.614,1.173,0.381,0.812,93.484,Catch-up,1.416,0.865,0.956,0.973,0.979,07:13.8
MODE,Last100,97,07/08/2024 06:39,12/11/2024 10:36, , ,10,1,1,N/A,1,10,0.079,NaN,NaN,NaN,0,0.089,NaN,NaN,NaN,NaN,Catch-up,NaN,0.976,NaN,NaN,NaN,07:13.8
MODULES,All,5117,08/07/2010 10:44,11/07/2024 15:14,408,408,209,199,54,354,305,49,0.042,0.041,0.012,0.06,0.071,0.071,0.845,0.506,0.855,816.667,Scale-up,16.667,0.953,0.965,0.946,0.956,07:32.6
MODULES,Last100,99,02/04/2024 19:24,11/07/2024 15:14, , ,2,1,1,N/A,1,1,0.01,NaN,NaN,NaN,0,0.015,NaN,NaN,NaN,NaN,Scale-up,NaN,1,NaN,NaN,NaN,07:32.6
MON,All,1916,15/08/2019 07:20,13/11/2024 04:47,1628,1474,1366,108,332,1142,1013,129,0.923,0.096,0.254,0.778,0.765,0.784,1.017,0.906,0.751,165.81,Catch-up,1.285,0.988,0.984,0.938,0.997,07:53.5
MON,Last100,100,05/08/2024 01:11,13/11/2024 04:47, , ,50,2,4,N/A,60,-11,0.444,0.027,0.039,0.509,0.43200000000000005,0.42,1.178,0.943,0.917,253.438,Catch-up,1.965,0.974,1,0.905,0.925,07:57.8
MR,All,5192,20/07/2007 14:00,07/10/2021 11:12,783,783,417,366,107,676,659,17,0.177,0.147,0.035,0.264,0.289,0.269,0.913,0.546,0.892,64.394,Scale-up,3.788,0.982,0.978,0.916,0.978,08:16.2
MR,Last100,0,07/10/2021 11:12,07/10/2021 11:12, , ,1,1,1,N/A,1,0,NaN,NaN,NaN,NaN,0,NaN,NaN,NaN,NaN,NaN,Scale-up,NaN,NaN,NaN,NaN,NaN,08:16.2
MSC,All,5184,08/07/2010 10:41,16/09/2024 10:49,327,327,214,113,21,306,298,8,0.033,0.023,0.004,0.047,0.052,0.05,0.904,0.589,0.929,170.213,Scale-up,21.277,0.928,0.933,0.885,0.95,08:34.3
MSC,Last100,0,16/09/2024 10:49,16/09/2024 10:49, , ,1,1,1,N/A,1,0,NaN,NaN,NaN,NaN,0,NaN,NaN,NaN,NaN,NaN,Scale-up,NaN,NaN,NaN,NaN,NaN,08:34.3
MTA,All,887,09/06/2022 06:31,12/11/2024 09:53,2333,2292,1354,938,181,2111,1707,404,2.172,1.441,0.269,2.914,3.344,3.358,0.871,0.601,0.926,138.641,Scale-up,0.343,0.997,0.972,0.997,0.983,08:55.5
MTA,Last100,100,04/08/2024 06:37,12/11/2024 09:53, , ,124,80,24,N/A,250,-69,1.184,0.813,0.197,2.627,1.7999999999999998,1.768,1.459,0.593,0.901,153.788,Catch-up,0.381,0.941,0.979,0.962,0.847,09:00.1
MTV,All,1531,02/09/2020 05:37,11/11/2024 16:16,1287,1201,862,339,126,1075,832,243,0.599,0.429,0.249,0.613,0.779,0.75,0.787,0.583,0.758,396.411,Scale-up,1.631,0.979,0.834,0.991,0.931,09:20.5
MTV,Last100,97,06/08/2024 10:56,11/11/2024 16:16, , ,99,91,23,N/A,146,20,1.026,1.035,0.259,2.117,1.802,1.808,1.175,0.498,0.874,114.785,Catch-up,0.472,0.981,0.985,0.939,0.927,09:25.1
MULTIARCH,All,1479,20/10/2020 16:49,07/11/2024 20:04,3035,2845,2633,212,355,2490,2277,213,1.849,0.179,0.241,1.711,1.787,1.763,0.957,0.912,0.881,124.489,Scale-up,0.584,0.994,0.976,0.962,0.996,09:47.0
MULTIARCH,Last100,100,30/07/2024 13:48,07/11/2024 20:04, , ,247,3,25,N/A,256,-32,1.787,0.037,0.241,2.09,1.5829999999999997,1.638,1.32,0.98,0.868,101.914,Catch-up,0.478,0.888,0.832,0.928,0.948,09:51.4
NE,All,1379,01/02/2021 04:49,11/11/2024 20:15,971,847,840,7,149,698,389,309,0.606,0.009,0.116,0.289,0.499,0.511,0.579,0.985,0.811,1069.204,Scale-up,3.46,0.929,0.947,0.884,0.989,10:11.8
NE,Last100,99,03/08/2024 23:17,11/11/2024 20:15, , ,85,1,20,N/A,28,36,0.767,NaN,0.179,0.24,0.5880000000000001,0.553,NaN,NaN,NaN,NaN,Scale-up,4.167,0.883,NaN,0.725,0.956,10:11.8
NETOBSERV,All,1291,30/04/2021 17:15,12/11/2024 09:24,1580,1447,1009,438,176,1271,1092,179,0.856,0.411,0.174,0.998,1.093,1.094,0.913,0.676,0.863,179.359,Scale-up,1.002,0.998,0.994,0.985,0.996,10:32.2
NETOBSERV,Last100,98,05/08/2024 16:31,12/11/2024 09:24, , ,87,42,15,N/A,95,18,0.928,0.491,0.198,1.009,1.221,1.244,0.826,0.654,0.86,177.403,Scale-up,0.991,0.967,0.957,0.767,0.958,10:36.7
NEXUS,All,5292,18/05/2010 10:55,12/11/2024 14:33,501,475,303,172,35,440,412,28,0.063,0.04,0.008,0.094,0.095,0.095,0.989,0.612,0.922,297.872,Scale-up,10.638,0.935,0.962,0.978,0.946,10:56.2
NEXUS,Last100,82,22/08/2024 08:44,12/11/2024 14:33, , ,10,7,1,N/A,16,0,0.181,0.114,NaN,0.199,0.295,0.273,NaN,NaN,NaN,NaN,Scale-up,5.025,0.78,0.905,NaN,0.792,10:56.2
NHE,All,1345,04/03/2021 20:48,08/11/2024 21:56,721,606,564,42,65,541,408,133,0.652,0.045,0.089,0.563,0.608,0.628,0.926,0.935,0.872,236.234,Scale-up,1.776,0.873,0.852,0.955,0.944,11:16.1
NHE,Last100,98,02/08/2024 17:55,08/11/2024 21:56, , ,34,6,3,N/A,35,3,0.342,0.067,0.026,0.354,0.383,0.376,0.924,0.836,0.936,375.706,Scale-up,2.825,0.968,0.934,0.97,0.987,11:20.6
NP,All,1360,17/02/2021 10:56,08/11/2024 23:11,469,420,401,19,52,368,228,140,0.327,0.013,0.048,0.201,0.292,0.298,0.688,0.962,0.859,696.517,Scale-up,4.975,0.94,0.943,0.814,0.977,11:39.9
NP,Last100,99,01/08/2024 02:30,08/11/2024 23:11, , ,37,3,11,N/A,20,10,0.377,0.29,0.096,0.164,0.5710000000000001,0.364,0.287,0.565,0.856,853.659,Scale-up,6.098,0.909,0.871,0.5,0.936,11:44.3
OADP,All,1672,14/04/2020 14:56,12/11/2024 12:31,2172,2051,1403,648,372,1679,1301,378,1.275,0.627,0.379,1.251,1.523,1.612,0.821,0.67,0.801,302.158,Scale-up,0.799,0.941,0.993,0.927,0.962,12:05.7
OADP,Last100,99,05/08/2024 07:46,12/11/2024 12:31, , ,143,59,96,N/A,165,-58,1.454,0.606,0.955,1.779,1.105,1.072,1.61,0.706,0.536,212.479,Catch-up,0.562,0.992,0.943,0.925,0.976,12:10.4
OBSDA,All,1676,06/04/2020 12:23,08/11/2024 01:32,703,697,688,9,108,589,158,431,0.486,0.006,0.095,0.142,0.397,0.409,0.358,0.988,0.807,3035.211,Scale-up,7.042,0.933,0.846,0.948,0.842,12:30.2
OBSDA,Last100,99,31/07/2024 20:43,08/11/2024 01:32, , ,112,1,8,N/A,19,85,1.166,NaN,0.076,0.225,1.0899999999999999,1.102,NaN,NaN,NaN,NaN,Scale-up,4.444,0.956,NaN,0.913,0.975,12:30.2
OBSDOCS,All,1824,14/11/2019 14:54,11/11/2024 16:58,1053,1002,645,357,169,833,527,306,0.514,0.422,0.317,0.889,0.619,0.737,1.436,0.549,0.661,344.207,Catch-up,1.125,0.771,0.897,0.951,0.865,12:50.0
OBSDOCS,Last100,98,05/08/2024 06:53,11/11/2024 16:58, , ,95,57,20,N/A,83,50,1.035,0.775,0.177,0.959,1.633,1.574,0.587,0.572,0.902,319.082,Scale-up,1.043,0.964,0.958,0.918,0.967,12:54.5
OCMUI,All,1960,01/07/2019 15:49,12/11/2024 13:17,1963,1796,1069,727,189,1607,972,635,0.898,0.664,0.44,2.462,1.122,1.465,2.194,0.575,0.718,257.92,Catch-up,0.406,0.733,0.822,0.959,0.997,13:15.1
OCMUI,Last100,99,05/08/2024 09:57,12/11/2024 13:17, , ,304,117,89,N/A,260,71,3.252,1.114,0.95,2.553,3.4159999999999995,3.501,0.747,0.745,0.782,248.727,Scale-up,0.392,0.99,0.991,0.917,0.996,13:19.9
OCPBUGS,All,1831,08/11/2019 02:13,12/11/2024 13:47,25361,25361,0,25361,5708,19653,15452,4201,0,27.427,7.431,20.306,19.996,21.074,1.016,0,0.729,206.885,Catch-up,0.049,0,0.956,0.996,0.989,13:55.4
OCPBUGS,Last100,99,04/08/2024 20:06,12/11/2024 13:47, , ,1,3291,742,N/A,2230,318,0,34.132,7.869,26.771,26.262999999999998,26.043,1.019,0,0.769,156.924,Catch-up,0.037,0,0.985,0.968,0.855,14:00.9
OCPBUILD,All,2307,13/07/2018 19:54,05/11/2024 19:54,113,85,84,1,34,51,45,6,0.044,0,0.037,0.037,0.007,0.027,5.286,1,0.159,162.162,Catch-up,27.027,0.947,0,0.844,0.971,14:19.2
OCPBUILD,Last100,89,08/08/2024 07:04,05/11/2024 19:54, , ,5,1,4,N/A,1,0,0.059,NaN,0.051,NaN,0.008,0.007,NaN,NaN,NaN,NaN,Catch-up,NaN,0.638,NaN,0.791,NaN,14:19.2
OCPCLOUD,All,1387,25/01/2021 07:29,13/11/2024 06:26,1254,1108,1099,9,183,925,693,232,0.841,0.008,0.141,0.56,0.708,0.727,0.791,0.991,0.834,414.286,Scale-up,1.786,0.979,0.926,0.837,0.996,14:39.4
OCPCLOUD,Last100,97,07/08/2024 07:35,13/11/2024 06:26, , ,77,1,23,N/A,49,6,0.99,NaN,0.166,0.577,0.824,0.827,NaN,NaN,NaN,NaN,Scale-up,1.733,0.864,NaN,0.821,0.921,14:39.4
OCPNODE,All,1397,14/01/2021 11:14,11/11/2024 18:01,1618,1428,1406,22,252,1176,939,237,1.083,0.02,0.207,0.796,0.896,0.932,0.888,0.982,0.812,297.739,Scale-up,1.256,0.97,0.968,0.886,0.979,15:00.1
OCPNODE,Last100,96,06/08/2024 23:15,11/11/2024 18:01, , ,155,2,38,N/A,98,20,1.715,0.016,0.451,1.02,1.28,1.337,0.797,0.991,0.739,232.353,Scale-up,0.98,0.981,1,0.872,0.979,15:04.6
OCPPLAN,All,1850,14/10/2019 15:28,06/11/2024 19:06,439,411,409,2,87,324,186,138,0.374,0.002,0.072,0.162,0.304,0.289,0.533,0.995,0.809,851.852,Scale-up,6.173,0.865,1,0.961,0.921,15:22.9
OCPPLAN,Last100,0,06/11/2024 19:06,06/11/2024 19:06, , ,1,1,1,N/A,1,0,NaN,NaN,NaN,NaN,0,NaN,NaN,NaN,NaN,NaN,Scale-up,NaN,NaN,NaN,NaN,NaN,15:22.9
OCPSTRAT,All,1889,11/09/2019 11:48,12/11/2024 22:25,1482,1482,1482,0,117,1365,626,739,1.33,0,0.157,0.88,1.173,1.232,0.75,1,0.882,839.773,Scale-up,1.136,0.853,0,0.914,0.956,15:42.5
OCPSTRAT,Last100,99,05/08/2024 08:23,12/11/2024 22:25, , ,199,1,16,N/A,114,70,1.794,0,0.177,1.274,1.617,1.624,0.788,1,0.901,580.063,Scale-up,0.785,0.994,0,0.972,0.984,15:46.7
ODC,All,1829,05/11/2019 13:13,07/11/2024 14:15,1850,1591,1001,590,209,1382,1309,73,0.628,1.193,0.148,0.844,1.673,0.869,0.504,0.345,0.919,86.493,Scale-up,1.185,0.952,0.771,0.721,0.846,16:07.3
ODC,Last100,99,30/07/2024 18:39,07/11/2024 14:15, , ,27,1,7,N/A,36,-14,0.347,NaN,0.104,0.343,0.243,0.288,NaN,NaN,NaN,NaN,Scale-up,2.915,0.903,NaN,0.895,0.962,16:07.3
ODH,All,1320,28/01/2021 19:15,10/09/2024 01:58,415,406,342,64,1,405,149,256,0.754,0.147,0,0.099,0.901,0.878,0.11,0.837,1,2585.859,Scale-up,10.101,0.881,0.972,0,0.579,16:25.1
ODH,Last100,0,10/09/2024 01:58,10/09/2024 01:58, , ,1,1,1,N/A,11,-10,NaN,NaN,NaN,NaN,0,NaN,NaN,NaN,NaN,NaN,Scale-up,NaN,NaN,NaN,NaN,NaN,16:25.1
OKD,All,962,08/03/2022 15:47,25/10/2024 16:29,212,183,163,20,28,155,106,49,0.249,0.018,0.043,0.12,0.224,0.196,0.536,0.933,0.839,408.333,Scale-up,8.333,0.911,0.922,0.856,0.857,16:44.4
OKD,Last100,79,07/08/2024 14:28,25/10/2024 16:29, , ,1,5,3,N/A,12,-9,NaN,0.043,NaN,0.082,0,0.048,NaN,NaN,NaN,NaN,Scale-up,12.195,NaN,0.849,NaN,0.231,16:44.4
OPCT,All,900,07/04/2022 19:51,24/09/2024 07:32,161,129,94,35,14,115,74,41,0.117,0.041,0.016,0.077,0.142,0.136,0.542,0.741,0.899,532.468,Scale-up,12.987,0.919,0.828,0.907,0.912,17:05.9
OPCT,Last100,82,03/07/2024 14:43,24/09/2024 07:32, , ,6,4,4,N/A,15,-10,0.069,NaN,0.073,0.197,-0.004,0.083,NaN,NaN,NaN,NaN,Scale-up,5.076,0.876,NaN,0.958,0.885,17:05.9
OPECO,All,1322,03/02/2021 09:45,17/09/2024 15:39,1299,1192,1163,29,319,873,765,109,0.945,0.023,0.274,0.65,0.694,0.73,0.937,0.976,0.717,167.692,Scale-up,1.538,0.997,0.843,0.903,0.996,17:29.3
OPECO,Last100,99,10/06/2024 13:25,17/09/2024 15:39, , ,2,2,10,N/A,9,-16,0.091,0.167,0.089,0.113,0.169,-0.068,0.669,0.353,0.655,964.602,Scale-up,8.85,1,1,0.741,0.86,17:34.2
OPENJDK,All,2809,27/02/2017 13:13,06/11/2024 16:42,1041,981,697,284,136,845,680,165,0.424,0.125,0.083,0.452,0.466,0.461,0.97,0.772,0.849,365.044,Scale-up,2.212,0.92,0.951,0.921,0.941,18:07.9
OPENJDK,Last100,93,05/08/2024 07:59,06/11/2024 16:42, , ,13,12,1,N/A,19,5,0.198,0.103,NaN,0.177,0.301,0.239,NaN,NaN,NaN,NaN,Scale-up,5.65,0.771,0.973,NaN,0.901,18:07.9
OPNET,All,1423,14/12/2020 22:39,07/11/2024 18:43,510,424,413,11,106,318,210,108,0.351,0.013,0.124,0.215,0.24,0.271,0.896,0.964,0.659,502.326,Scale-up,4.651,0.921,0.797,0.83,0.973,18:28.5
OPNET,Last100,99,31/07/2024 08:58,07/11/2024 18:43, , ,25,2,5,N/A,15,8,0.235,0.048,0.057,0.152,0.22599999999999998,0.188,0.673,0.83,0.799,710.526,Scale-up,6.579,0.95,1,0.915,0.869,18:32.7
OPRUN,All,2065,18/03/2019 15:06,11/11/2024 18:21,1285,1134,1102,32,279,855,661,194,0.707,0.03,0.229,0.459,0.508,0.517,0.904,0.959,0.689,422.658,Scale-up,2.179,0.965,0.484,0.963,0.987,18:53.1
OPRUN,Last100,98,05/08/2024 02:35,11/11/2024 18:21, , ,131,1,22,N/A,123,-12,1.287,NaN,0.213,1.301,1.0739999999999998,1.104,NaN,NaN,NaN,NaN,Scale-up,0.769,0.964,NaN,0.949,0.994,18:53.1
ORG,All,6182,22/05/2007 09:55,24/04/2024 10:54,1771,1763,1138,625,398,1365,1363,2,0.276,0.206,0.076,0.364,0.406,0.321,0.897,0.573,0.842,5.495,Start-up,2.747,0.907,0.895,0.928,0.925,19:12.1
ORG,Last100,0,24/04/2024 10:54,24/04/2024 10:54, , ,1,1,1,N/A,1,0,NaN,NaN,NaN,NaN,0,NaN,NaN,NaN,NaN,NaN,Start-up,NaN,NaN,NaN,NaN,NaN,19:12.1
OSASINFRA,All,1455,19/11/2020 03:09,13/11/2024 15:31,1209,1079,1058,21,236,843,756,87,0.63,0.014,0.16,0.489,0.484,0.483,1.01,0.978,0.752,177.914,Catch-up,2.045,0.976,0.91,0.982,0.99,19:32.4
OSASINFRA,Last100,99,05/08/2024 16:13,13/11/2024 15:31, , ,96,1,29,N/A,67,0,0.882,NaN,0.39,0.584,0.492,0.537,NaN,NaN,NaN,NaN,Catch-up,1.712,0.969,NaN,0.891,0.981,19:32.4
OSJC,All,4599,12/09/2011 06:12,15/04/2024 09:03,281,281,190,91,20,261,235,26,0.108,0.04,0.005,0.12,0.143,0.123,0.839,0.73,0.966,216.667,Scale-up,8.333,0.892,0.925,0.658,0.886,19:50.3
OSJC,Last100,0,15/04/2024 09:03,15/04/2024 09:03, , ,1,1,1,N/A,1,0,NaN,NaN,NaN,NaN,0,NaN,NaN,NaN,NaN,NaN,Scale-up,NaN,NaN,NaN,NaN,NaN,19:50.3
OSPK8,All,1665,22/04/2020 15:25,13/11/2024 09:54,338,311,193,118,15,296,233,63,0.177,0.119,0.013,0.192,0.283,0.238,0.678,0.598,0.956,328.125,Scale-up,5.208,0.792,0.975,0.979,0.957,20:10.2
OSPK8,Last100,98,06/08/2024 10:49,13/11/2024 09:54, , ,1,8,3,N/A,11,-4,NaN,0.064,0.02,0.103,0.044,0.042,NaN,NaN,NaN,NaN,Scale-up,9.709,NaN,0.929,0.813,0.947,20:10.2
OSPRH,All,2929,07/11/2016 17:29,15/11/2024 15:58,5335,4245,3106,1139,515,3730,2532,1198,3.588,0.734,0.983,4.099,3.339,3.689,1.228,0.83,0.773,292.266,Catch-up,0.244,0.9,0.464,0.93,0.867,20:33.9
OSPRH,Last100,99,08/08/2024 01:54,15/11/2024 15:58, , ,688,360,139,N/A,737,171,6.459,3.691,1.227,6.625,8.922999999999998,8.882,0.742,0.636,0.879,180.83,Scale-up,0.151,0.983,0.994,0.967,0.993,20:39.1
OSSM,All,1944,19/07/2019 03:44,13/11/2024 17:15,5027,4768,3948,820,1212,3556,3107,449,2.349,0.437,0.848,2.134,1.938,2.144,1.101,0.843,0.696,210.403,Catch-up,0.469,0.892,0.973,0.756,0.891,21:02.1
OSSM,Last100,100,05/08/2024 02:35,13/11/2024 17:15, , ,863,64,364,N/A,647,-83,7.988,0.821,3.934,5.925,4.875000000000001,4.385,1.215,0.907,0.553,75.781,Catch-up,0.169,0.439,0.986,0.53,0.705,21:07.1
OTA,All,1911,19/08/2019 21:11,12/11/2024 16:38,859,772,765,7,191,581,402,179,0.528,0.007,0.133,0.289,0.402,0.424,0.719,0.987,0.751,619.377,Scale-up,3.46,0.987,0.964,0.843,0.996,21:27.0
OTA,Last100,99,05/08/2024 07:28,12/11/2024 16:38, , ,34,1,18,N/A,25,-8,0.295,NaN,0.215,0.248,0.08,0.098,NaN,NaN,NaN,NaN,Scale-up,4.032,0.96,NaN,0.796,0.954,21:27.0
OU,All,827,03/08/2022 11:50,07/11/2024 14:24,326,306,241,65,27,279,177,102,0.424,0.095,0.044,0.316,0.475,0.461,0.665,0.817,0.915,322.785,Scale-up,3.165,0.967,0.922,0.788,0.905,21:47.1
OU,Last100,98,01/08/2024 09:26,07/11/2024 14:24, , ,73,13,8,N/A,65,12,0.821,0.154,0.083,0.703,0.892,0.875,0.788,0.842,0.915,145.092,Scale-up,1.422,0.971,0.964,0.927,0.986,21:51.6
PD,All,1505,25/03/2020 11:48,09/05/2024 11:43,625,573,570,3,11,562,394,168,0.528,0.003,0.021,0.7,0.51,0.523,1.373,0.994,0.96,240,Catch-up,1.429,0.976,0.75,0.933,0.755,22:10.8
PD,Last100,45,25/03/2024 06:44,09/05/2024 11:43, , ,2,1,1,N/A,1,-1,0.022,NaN,NaN,NaN,0,0.011,NaN,NaN,NaN,NaN,Catch-up,NaN,1,NaN,NaN,NaN,22:10.8
PLANNER,All,6410,03/02/2007 09:16,23/08/2024 08:20,2826,2767,2002,765,541,2226,1881,345,0.501,0.201,0.152,0.507,0.55,0.61,0.922,0.714,0.783,680.473,Scale-up,1.972,0.877,0.953,0.859,0.893,22:32.0
PLANNER,Last100,0,23/08/2024 07:46,23/08/2024 08:20, , ,1,1,1,N/A,1,-1,NaN,NaN,NaN,NaN,0,NaN,NaN,NaN,NaN,NaN,Scale-up,NaN,NaN,NaN,NaN,NaN,22:32.0
PLINK,All,4946,16/03/2009 04:39,30/09/2022 06:19,720,720,370,350,137,583,531,52,0.261,0.15,0.066,0.445,0.345,0.281,1.29,0.635,0.839,116.854,Catch-up,2.247,0.729,0.77,0.673,0.755,22:50.2
PLINK,Last100,0,30/09/2022 06:19,30/09/2022 06:19, , ,1,1,2,N/A,1,-1,NaN,NaN,NaN,NaN,0,NaN,NaN,NaN,NaN,NaN,Catch-up,NaN,NaN,NaN,NaN,NaN,22:50.2
PODAUTO,All,1239,23/06/2021 14:44,13/11/2024 15:23,206,168,168,0,12,156,77,79,0.145,0,0.024,0.082,0.121,0.137,0.678,1,0.834,963.415,Scale-up,12.195,0.716,0,0.943,0.734,23:08.7
PODAUTO,Last100,99,06/08/2024 07:50,13/11/2024 15:23, , ,45,1,4,N/A,27,13,0.399,0,0.026,0.226,0.373,0.36,0.606,1,0.935,349.558,Scale-up,4.425,0.945,0,0.6,0.937,23:12.6
PROJQUAY,All,2539,01/12/2017 17:59,14/11/2024 11:47,5345,5128,2435,2693,878,4250,3256,994,1.329,1.476,0.59,1.85,2.215,2.244,0.835,0.474,0.79,537.297,Scale-up,0.541,0.994,0.997,0.985,0.996,23:35.1
PROJQUAY,Last100,99,06/08/2024 12:39,14/11/2024 11:47, , ,116,169,19,N/A,240,25,1.154,1.63,0.166,2.408,2.618,2.612,0.92,0.415,0.94,412.791,Scale-up,0.415,0.966,0.989,0.974,0.978,23:39.9
PSAP,All,1380,02/02/2021 08:41,13/11/2024 16:19,754,640,631,9,109,531,450,81,0.442,0.007,0.077,0.318,0.372,0.372,0.855,0.984,0.829,254.717,Scale-up,3.145,0.991,0.923,0.969,0.989,23:59.9
PSAP,Last100,98,06/08/2024 20:55,13/11/2024 16:19, , ,33,1,20,N/A,49,-36,0.316,NaN,0.172,0.434,0.14400000000000002,0.172,NaN,NaN,NaN,NaN,Scale-up,2.304,0.989,NaN,0.854,0.922,23:59.9
PTL,All,5292,19/05/2010 15:16,14/11/2024 11:00,10730,10699,3580,7119,2183,8516,7210,1306,0.836,1.619,0.558,1.667,1.897,1.952,0.879,0.341,0.773,783.443,Scale-up,0.6,0.959,0.961,0.887,0.941,24:25.7
PTL,Last100,99,06/08/2024 17:17,14/11/2024 11:00, , ,52,263,38,N/A,179,97,0.446,2.49,0.486,1.655,2.45,2.48,0.676,0.152,0.834,789.124,Scale-up,0.604,0.947,0.975,0.838,0.958,24:30.3
QDOCS,All,915,13/05/2022 17:48,14/11/2024 02:17,876,826,816,10,66,760,658,102,0.958,0.011,0.083,0.758,0.886,0.888,0.856,0.989,0.914,134.565,Scale-up,1.319,0.984,0.921,0.975,0.974,24:50.5
QDOCS,Last100,98,07/08/2024 19:19,14/11/2024 02:17, , ,135,3,13,N/A,161,-35,1.376,0.185,0.093,1.522,1.468,1.267,1.037,0.881,0.94,67.017,Catch-up,0.657,0.946,0.832,0.939,0.807,24:55.0
QUARKUS,All,1526,23/09/2020 05:17,27/11/2024 14:45,2419,2383,917,1466,349,2034,1818,216,0.637,0.905,0.239,1.248,1.303,1.301,0.958,0.413,0.845,173.077,Scale-up,0.801,0.989,0.991,0.996,0.993,25:16.6
QUARKUS,Last100,99,20/08/2024 13:46,27/11/2024 14:45, , ,84,202,22,N/A,169,96,0.724,1.53,0.213,2.002,2.041,1.972,0.981,0.321,0.906,107.892,Scale-up,0.5,0.961,0.885,0.961,0.924,25:21.3
RAT,All,2661,07/06/2017 21:45,20/09/2024 07:57,186,186,154,32,15,171,124,47,0.076,0.018,0.044,0.067,0.05,0.087,1.34,0.809,0.532,701.493,Catch-up,14.925,0.88,0.911,0.518,0.764,25:40.7
RAT,Last100,7,13/09/2024 03:05,20/09/2024 07:57, , ,1,1,1,N/A,1,-1,NaN,NaN,NaN,NaN,0,NaN,NaN,NaN,NaN,NaN,Catch-up,NaN,NaN,NaN,NaN,NaN,25:40.7
RDO,All,1276,12/05/2021 09:19,08/11/2024 14:29,171,152,119,33,7,145,111,34,0.09,0.067,0.006,0.114,0.151,0.109,0.755,0.573,0.962,298.246,Scale-up,8.772,0.899,0.805,0.574,0.778,25:59.9
RDO,Last100,98,02/08/2024 12:55,08/11/2024 14:29, , ,28,17,1,N/A,27,16,0.276,0.182,NaN,0.502,0.458,0.446,NaN,NaN,NaN,NaN,Scale-up,1.992,0.854,0.833,NaN,0.917,25:59.9
REMJMX,All,4307,21/09/2011 14:09,07/07/2023 16:48,171,171,124,47,11,160,143,17,0.031,0.015,0.003,0.035,0.043,0.041,0.814,0.674,0.935,485.714,Scale-up,28.571,0.873,0.985,0.943,0.877,26:21.5
REMJMX,Last100,0,07/07/2023 12:35,07/07/2023 16:48, , ,5,1,1,N/A,7,-4,2.5,NaN,NaN,NaN,0,2,NaN,NaN,NaN,NaN,Scale-up,NaN,0.5,NaN,NaN,NaN,26:21.5
RESTEASY,All,6103,27/02/2008 20:07,13/11/2024 19:56,3233,3233,1584,1649,592,2641,2365,276,0.266,0.303,0.134,0.4,0.435,0.437,0.92,0.467,0.764,690,Scale-up,2.5,0.932,0.996,0.898,0.964,26:48.1
RESTEASY,Last100,99,06/08/2024 00:02,13/11/2024 19:56, , ,31,6,2,N/A,42,-8,0.249,0.037,0.012,0.315,0.27399999999999997,0.255,1.15,0.871,0.958,876.19,Catch-up,3.175,0.893,0.766,1,0.9,26:53.4
RFE,All,2059,26/03/2019 15:10,13/11/2024 17:13,3656,3656,3656,0,58,3598,856,2742,2.359,0,0.041,0.654,2.318,2.321,0.282,1,0.983,4192.661,Scale-up,1.529,0.986,0,0.796,0.971,27:16.8
RFE,Last100,99,06/08/2024 10:57,13/11/2024 17:13, , ,290,1,1,N/A,75,214,2.917,0,NaN,0.926,2.917,2.917,NaN,NaN,NaN,NaN,Scale-up,1.08,0.998,0,NaN,0.972,27:16.8
RHBK,All,994,16/02/2022 17:18,07/11/2024 12:42,205,203,29,174,3,200,167,33,0.037,0.576,0.008,0.573,0.605,0.464,0.947,0.06,0.987,57.592,Scale-up,1.745,0.764,0.967,0.939,0.97,27:35.9
RHBK,Last100,85,13/08/2024 15:42,07/11/2024 12:42, , ,9,38,1,N/A,39,6,0.084,0.551,NaN,0.571,0.635,0.571,NaN,NaN,NaN,NaN,Scale-up,1.751,0.961,0.335,NaN,0.368,27:35.9
RHBOP,All,314,09/09/2022 08:26,20/07/2023 14:17,39,39,24,15,11,28,28,0,0.1,0.062,0.032,0.079,0.13,0.102,0.608,0.617,0.802,0,Start-up,12.658,0.885,0.873,0.898,0.81,27:54.5
RHBOP,Last100,57,23/05/2023 18:39,20/07/2023 14:17, , ,1,1,2,N/A,5,-7,NaN,NaN,0.091,0.208,0,-0.031,NaN,NaN,NaN,NaN,Start-up,4.808,NaN,NaN,1,0.5,27:54.5
RHBPMS,All,3418,17/04/2012 13:33,27/08/2021 05:34,4024,4024,403,3621,1213,2811,2770,41,0.268,2.263,0.384,2.007,2.147,1.267,0.935,0.106,0.848,20.429,Start-up,0.498,0.888,0.952,0.938,0.853,28:15.0
RHBPMS,Last100,0,27/08/2021 05:34,27/08/2021 05:34, , ,1,1,1,N/A,1,0,NaN,NaN,NaN,NaN,0,NaN,NaN,NaN,NaN,NaN,Start-up,NaN,NaN,NaN,NaN,NaN,28:15.0
RHCLOUD,All,1642,11/05/2020 12:37,08/11/2024 21:34,8761,8761,7274,1487,1293,7468,6461,1007,6.439,1.216,1.289,5.884,6.366,6.518,0.924,0.841,0.832,171.142,Scale-up,0.17,0.972,0.939,0.911,0.962,28:40.5
RHCLOUD,Last100,100,31/07/2024 19:36,08/11/2024 21:34, , ,825,157,122,N/A,687,172,8.049,1.649,1.453,6.795,8.245000000000001,8.29,0.824,0.83,0.85,148.197,Scale-up,0.147,0.997,0.993,0.956,0.998,28:45.6
RHDEVDOCS,All,4522,22/06/2012 07:15,08/11/2024 16:31,3687,3687,3018,669,610,3077,2830,247,1.071,0.249,0.259,1.027,1.061,1.11,0.968,0.811,0.804,240.506,Scale-up,0.974,0.935,0.941,0.801,0.956,29:07.4
RHDEVDOCS,Last100,99,01/08/2024 10:01,08/11/2024 16:31, , ,53,12,6,N/A,41,17,0.483,0.092,0.056,0.366,0.5189999999999999,0.523,0.705,0.84,0.903,674.863,Scale-up,2.732,0.914,0.966,0.984,0.969,29:11.8
RHDM,All,3659,13/06/2014 06:34,19/06/2024 06:34,1309,1309,251,1058,367,942,922,20,0.148,0.51,0.185,0.468,0.473,0.455,0.989,0.225,0.719,42.735,Scale-up,2.137,0.972,0.927,0.98,0.945,29:30.3
RHDM,Last100,49,01/05/2024 02:55,19/06/2024 06:34, , ,1,4,1,N/A,1,3,NaN,0.05,NaN,NaN,0,0.05,NaN,NaN,NaN,NaN,Scale-up,NaN,NaN,0.9,NaN,NaN,29:30.3
RHELC,All,2352,28/05/2018 17:56,04/11/2024 21:03,432,411,252,159,41,370,303,67,0.225,0.153,0.055,0.314,0.323,0.34,0.972,0.595,0.854,213.376,Scale-up,3.185,0.888,0.958,0.909,0.985,29:49.7
RHELC,Last100,95,01/08/2024 12:16,04/11/2024 21:03, , ,8,8,2,N/A,30,-15,0.084,0.079,0.015,0.314,0.14800000000000002,0.137,2.122,0.515,0.908,213.376,Catch-up,3.185,0.957,0.954,1,0.607,29:54.0
RHELDOCS,All,1752,28/01/2020 05:17,14/11/2024 13:58,231,226,41,185,86,140,120,20,0.034,0.253,0.192,0.24,0.095,0.162,2.526,0.118,0.331,83.333,Catch-up,4.167,0.573,0.723,0.98,0.9,30:13.3
RHELDOCS,Last100,99,06/08/2024 15:41,14/11/2024 13:58, , ,7,25,15,N/A,17,-1,0.098,0.225,0.114,0.159,0.20900000000000002,0.195,0.761,0.303,0.647,125.786,Scale-up,6.289,0.966,0.916,0.812,0.957,30:17.6
RHEL,All,2074,13/03/2019 11:16,15/11/2024 15:56,12378,12050,2643,9407,2373,9677,3705,5972,3.805,17.166,5.503,8.915,15.468,16.347,0.576,0.181,0.738,669.882,Scale-up,0.112,0.825,0.935,0.979,0.898,30:43.5
RHEL,Last100,100,07/08/2024 09:42,15/11/2024 15:56, , ,499,1727,648,N/A,1270,307,4.767,16.002,6.394,10.089,14.374999999999998,14.35,0.702,0.23,0.692,591.932,Scale-up,0.099,0.992,0.996,0.997,0.631,30:49.1
RHIDP,All,296,23/01/2024 17:36,15/11/2024 16:51,1272,1096,792,304,104,992,571,421,4.13,1.74,0.64,3.621,5.23,5.303,0.692,0.704,0.891,116.266,Scale-up,0.276,0.951,0.968,0.994,0.98,31:09.9
RHIDP,Last100,100,07/08/2024 10:15,15/11/2024 16:51, , ,472,193,61,N/A,408,195,4.953,2.223,0.619,4.258,6.557,6.567,0.649,0.69,0.914,98.873,Scale-up,0.235,0.988,0.988,0.987,0.991,31:14.7
RHINENG,All,1518,16/09/2020 13:40,13/11/2024 12:25,132,126,49,77,31,95,67,28,0.038,0.108,0.053,0.104,0.093,0.094,1.118,0.26,0.637,269.231,Catch-up,9.615,0.827,0.922,0.944,0.947,31:33.6
RHINENG,Last100,93,12/08/2024 01:35,13/11/2024 12:25, , ,7,15,5,N/A,17,-1,0.069,0.171,0.075,0.223,0.16500000000000004,0.175,1.352,0.288,0.688,125.561,Catch-up,4.484,0.977,0.956,0.978,0.845,31:37.9
RHODS,All,1483,28/09/2020 11:20,21/10/2024 10:01,5677,5325,4190,1135,656,4669,3692,977,3.731,1.177,0.588,3.467,4.32,4.296,0.803,0.76,0.88,281.8,Scale-up,0.288,0.991,0.994,0.984,0.988,31:59.8
RHODS,Last100,94,18/07/2024 20:24,21/10/2024 10:01, , ,1,1,18,N/A,15,-32,NaN,NaN,0.13,0.144,0,-0.13,NaN,NaN,NaN,NaN,Scale-up,6.944,NaN,NaN,0.902,0.898,31:59.8
RHPAM,All,4214,01/05/2013 12:31,13/11/2024 16:19,3276,3276,690,2586,1010,2266,2133,133,0.297,1.12,0.469,0.93,0.948,0.942,0.981,0.21,0.669,143.011,Scale-up,1.075,0.961,0.926,0.981,0.931,32:21.3
RHPAM,Last100,41,03/10/2024 14:09,13/11/2024 16:19, , ,3,1,1,N/A,1,1,0.046,NaN,NaN,NaN,0,0.046,NaN,NaN,NaN,NaN,Scale-up,NaN,0.974,NaN,NaN,NaN,32:21.3
RHSSO,All,3466,28/04/2015 06:12,23/10/2024 08:18,1442,1076,325,751,32,1044,956,88,0.091,0.194,0.036,0.267,0.249,0.276,1.072,0.319,0.874,329.588,Catch-up,3.745,0.824,0.83,0.961,0.872,32:41.5
RHSSO,Last100,84,30/07/2024 09:28,23/10/2024 08:18, , ,3,4,1,N/A,11,-5,0.037,0.046,NaN,0.142,0.083,0.084,NaN,NaN,NaN,NaN,Catch-up,7.042,0.768,0.618,NaN,0.736,32:41.5
RUN,All,1365,12/02/2021 09:48,08/11/2024 16:44,804,804,797,7,54,750,605,145,0.548,0.009,0.04,0.433,0.517,0.513,0.838,0.984,0.928,334.873,Scale-up,2.309,0.989,0.924,0.966,0.986,33:01.4
RUN,Last100,100,30/07/2024 19:19,08/11/2024 16:44, , ,96,2,9,N/A,70,20,0.977,0.167,0.095,0.737,1.049,0.884,0.703,0.854,0.917,196.744,Scale-up,1.357,0.926,1,0.799,0.907,33:05.8
SAT,All,3717,11/09/2014 12:28,14/11/2024 19:33,5880,5834,1592,4242,686,5148,3261,1936,1.166,3.083,0.756,2.035,3.493,3.723,0.583,0.274,0.822,951.351,Scale-up,0.491,0.648,0.923,0.871,0.808,33:29.2
SAT,Last100,99,07/08/2024 05:35,14/11/2024 19:33, , ,694,354,282,N/A,748,19,6.83,3.795,3.327,6.443,7.298,7.16,0.883,0.643,0.687,300.481,Scale-up,0.155,0.996,0.975,0.874,0.864,33:34.3
SBXBUG,All,375,18/04/2023 10:54,28/04/2024 01:56,44,44,0,44,9,35,5,30,0,0.108,0.016,0.05,0.092,0.098,0.543,0,0.852,600,Scale-up,20,0,0.985,0.815,0.971,33:52.1
SBXBUG,Last100,94,24/01/2024 07:05,28/04/2024 01:56, , ,1,11,5,N/A,1,5,0,0.097,NaN,NaN,0.097,0.069,NaN,NaN,NaN,NaN,Scale-up,NaN,0,0.906,NaN,NaN,33:52.1
SB,All,2762,09/01/2017 02:30,02/08/2024 20:19,1277,1258,1105,153,156,1102,995,107,0.495,0.179,0.159,0.444,0.515,0.506,0.862,0.734,0.764,240.991,Scale-up,2.252,0.697,0.906,0.812,0.595,34:11.2
SB,Last100,0,02/08/2024 20:19,02/08/2024 20:19, , ,1,1,1,N/A,1,0,NaN,NaN,NaN,NaN,0,NaN,NaN,NaN,NaN,NaN,Scale-up,NaN,NaN,NaN,NaN,NaN,34:11.2
SDN,All,1881,19/09/2019 15:12,12/11/2024 20:33,2566,2362,2253,109,466,1896,1295,601,1.548,0.088,0.344,0.974,1.292,1.295,0.754,0.946,0.79,617.043,Scale-up,1.027,0.978,0.828,0.968,0.993,34:32.2
SDN,Last100,99,05/08/2024 10:41,12/11/2024 20:33, , ,204,12,49,N/A,112,54,2.002,0.13,0.535,1.065,1.5969999999999995,1.62,0.667,0.939,0.749,564.319,Scale-up,0.939,0.962,0.641,0.93,0.988,34:36.8
SDSTRAT,All,520,12/06/2023 19:41,14/11/2024 18:07,57,57,57,0,5,52,3,49,0.101,0,0.147,0.042,-0.046,0.098,-0.913,1,-0.455,1166.667,Scale-up,23.81,0.788,0,0.5,0.982,34:54.5
SDSTRAT,Last100,99,07/08/2024 13:41,14/11/2024 18:07, , ,30,1,5,N/A,2,22,0.275,0,0.139,0.036,0.136,0.234,0.265,1,0.495,1361.111,Scale-up,27.778,0.846,0,0.5,1,34:58.2
SECDATA,All,1476,29/10/2020 14:36,13/11/2024 15:40,67,66,56,10,21,45,44,1,0.041,0.007,0.017,0.034,0.031,0.033,1.097,0.854,0.646,29.412,Plan-up,29.412,0.963,0.811,0.967,0.969,35:17.0
SECDATA,Last100,83,21/08/2024 17:48,13/11/2024 15:40, , ,16,1,4,N/A,12,0,0.148,NaN,0.241,0.095,-0.093,0.131,NaN,NaN,NaN,NaN,Plan-up,10.526,0.911,NaN,0.842,0.849,35:17.0
SECURITY,All,5363,05/09/2006 13:15,13/05/2021 09:32,881,881,582,299,56,825,697,128,0.154,0.076,0.012,0.177,0.218,0.205,0.812,0.67,0.948,723.164,Scale-up,5.65,0.924,0.981,0.921,0.948,35:35.2
SECURITY,Last100,0,13/05/2021 09:32,13/05/2021 09:32, , ,1,1,1,N/A,1,0,NaN,NaN,NaN,NaN,0,NaN,NaN,NaN,NaN,NaN,Scale-up,NaN,NaN,NaN,NaN,NaN,35:35.2
SHRINKRES,All,4970,29/03/2011 21:58,06/11/2024 15:13,333,333,184,149,35,298,244,54,0.035,0.03,0.007,0.046,0.058,0.057,0.793,0.538,0.892,1173.913,Scale-up,21.739,0.702,0.851,0.687,0.757,35:54.4
SHRINKRES,Last100,99,30/07/2024 10:27,06/11/2024 15:13, , ,4,4,1,N/A,7,0,0.03,0.024,NaN,0.063,0.054,0.054,NaN,NaN,NaN,NaN,Scale-up,15.873,0.888,0.717,NaN,0.863,35:54.4
SHRINKWRAP,All,5571,05/08/2009 16:20,06/11/2024 12:18,479,479,332,147,38,441,378,63,0.075,0.029,0.006,0.08,0.098,0.09,0.816,0.721,0.942,787.5,Scale-up,12.5,0.535,0.661,0.659,0.509,36:13.7
SHRINKWRAP,Last100,98,31/07/2024 10:23,06/11/2024 12:18, , ,1,2,1,N/A,5,-1,NaN,1,NaN,0.215,0,0.016,NaN,NaN,NaN,NaN,Scale-up,4.651,NaN,1,NaN,0.881,36:13.7
SKUPPER,All,1184,18/08/2021 15:14,15/11/2024 03:30,376,372,226,146,21,351,249,102,0.234,0.16,0.025,0.237,0.369,0.38,0.642,0.594,0.937,430.38,Scale-up,4.219,0.889,0.9,0.84,0.859,36:33.1
SKUPPER,Last100,99,07/08/2024 19:36,15/11/2024 03:30, , ,46,16,9,N/A,93,-39,0.396,0.17,0.081,0.867,0.48500000000000004,0.472,1.788,0.7,0.857,117.647,Catch-up,1.153,0.948,0.919,0.739,0.923,36:37.5
SO,All,1467,30/10/2020 07:01,05/11/2024 07:39,106,86,69,17,5,81,73,8,0.053,0.013,0,0.062,0.066,0.061,0.939,0.803,1,129.032,Scale-up,16.129,0.919,0.723,0,0.964,36:55.8
SO,Last100,97,30/07/2024 07:40,05/11/2024 07:39, , ,15,2,1,N/A,14,2,0.171,0.028,NaN,0.144,0.199,0.201,NaN,NaN,NaN,NaN,Scale-up,6.944,0.892,1,NaN,0.933,36:55.8
SPLAT,All,1388,25/01/2021 14:59,13/11/2024 19:42,1281,1182,1137,45,260,922,783,139,0.827,0.037,0.235,0.597,0.629,0.65,0.949,0.957,0.728,232.831,Scale-up,1.675,0.971,0.956,0.874,0.976,37:16.6
SPLAT,Last100,98,07/08/2024 11:47,13/11/2024 19:42, , ,145,4,20,N/A,82,46,1.306,0.096,0.241,0.872,1.161,1.13,0.751,0.932,0.828,159.404,Scale-up,1.147,0.994,0.916,0.946,0.976,37:21.2
SRVKP,All,1744,04/02/2020 00:03,13/11/2024 18:01,3907,3490,2737,753,1103,2387,1773,614,1.835,0.532,1.562,1.27,0.805,1.988,1.578,0.775,0.34,483.465,Catch-up,0.787,0.847,0.982,0.337,0.985,37:44.2
SRVKP,Last100,99,05/08/2024 21:30,13/11/2024 18:01, , ,246,101,107,N/A,202,37,2.141,0.982,0.708,2.189,2.415,2.051,0.906,0.686,0.773,280.493,Scale-up,0.457,0.947,0.981,0.762,0.971,37:49.8
SRVLOGIC,All,979,11/03/2022 10:55,14/11/2024 11:16,389,352,280,72,22,330,131,199,0.266,0.096,0.034,0.124,0.328,0.324,0.378,0.735,0.906,1604.839,Scale-up,8.065,0.956,0.786,0.848,0.953,38:16.1
SRVLOGIC,Last100,99,07/08/2024 06:34,14/11/2024 11:16, , ,61,17,7,N/A,19,51,0.599,0.401,0.066,0.219,0.9339999999999999,0.754,0.234,0.599,0.934,908.676,Scale-up,4.566,0.841,0.944,0.782,0.844,38:21.3
SSLNTV,All,1490,22/07/2020 17:13,21/08/2024 16:32,37,37,27,10,0,37,27,10,0.019,0.006,0,0.019,0.025,0.025,0.76,0.76,1,526.316,Scale-up,52.632,0.903,0.939,0,0.946,38:37.9
SSLNTV,Last100,0,21/08/2024 16:29,21/08/2024 16:32, , ,2,1,1,N/A,1,1,1,NaN,0,NaN,1,1,NaN,NaN,NaN,NaN,Scale-up,NaN,1,NaN,0,NaN,38:37.9
STOR,All,1376,05/02/2021 15:48,13/11/2024 11:01,1196,997,972,25,270,727,588,139,0.745,0.023,0.247,0.489,0.521,0.571,0.939,0.97,0.678,284.254,Scale-up,2.045,0.906,0.964,0.771,0.944,39:01.6
STOR,Last100,99,05/08/2024 14:38,13/11/2024 11:01, , ,85,6,36,N/A,80,-24,0.79,0.053,0.405,0.683,0.43800000000000006,0.416,1.559,0.937,0.52,203.514,Catch-up,1.464,0.906,0.758,0.877,0.929,39:06.8
SWATCH,All,1477,29/10/2020 09:49,14/11/2024 19:18,912,880,732,148,116,764,585,179,0.877,0.168,0.171,0.835,0.874,0.896,0.955,0.839,0.836,214.371,Scale-up,1.198,0.96,0.914,0.948,0.988,39:29.8
SWATCH,Last100,99,07/08/2024 07:07,14/11/2024 19:18, , ,96,25,11,N/A,67,42,0.889,0.264,0.14,0.806,1.013,1.027,0.796,0.771,0.879,222.084,Scale-up,1.241,0.988,0.959,0.98,0.962,39:34.9
SWSQE,All,2122,14/02/2018 11:18,08/12/2023 03:12,986,980,866,114,111,869,867,2,0.634,0.095,0.048,0.623,0.681,0.571,0.915,0.87,0.934,3.21,Start-up,1.605,0.956,0.827,0.932,0.946,39:55.2
SWSQE,Last100,0,08/12/2023 03:12,08/12/2023 03:12, , ,1,1,1,N/A,1,0,NaN,NaN,NaN,NaN,0,NaN,NaN,NaN,NaN,NaN,Start-up,NaN,NaN,NaN,NaN,NaN,39:55.2
TACKLE,All,1192,22/02/2021 07:00,29/05/2024 23:28,677,648,267,381,78,570,446,124,0.389,0.605,0.097,0.703,0.897,0.862,0.784,0.391,0.902,176.387,Scale-up,1.422,0.948,0.795,0.733,0.887,40:16.3
TACKLE,Last100,97,22/02/2024 09:57,29/05/2024 23:28, , ,1,1,2,N/A,1,-1,NaN,NaN,0.01,NaN,0,-0.01,NaN,NaN,NaN,NaN,Scale-up,NaN,NaN,NaN,1,NaN,40:16.3
TEIIDDES,All,5404,01/12/2005 00:00,17/09/2020 08:12,3011,3011,966,2045,983,2028,2028,0,0.306,0.611,0.196,0.68,0.721,0.572,0.943,0.334,0.786,0,Start-up,1.471,0.977,0.992,0.962,0.979,40:40.3
TEIIDDES,Last100,63,15/07/2020 10:49,17/09/2020 08:12, , ,2,1,325,N/A,1,-324,0.04,NaN,18.056,NaN,-18.016,-3.193,NaN,NaN,NaN,NaN,Start-up,NaN,1,NaN,0.009,NaN,40:40.3
TEIID,All,7929,31/10/2001 00:00,17/07/2023 19:37,5453,5453,2455,2998,976,4477,4396,81,0.54,0.695,0.207,1.053,1.028,1.029,1.024,0.437,0.832,76.923,Catch-up,0.95,0.988,0.985,0.991,0.995,41:04.0
TEIID,Last100,0,17/07/2023 19:37,17/07/2023 19:37, , ,1,1,1,N/A,1,0,NaN,NaN,NaN,NaN,0,NaN,NaN,NaN,NaN,NaN,Catch-up,NaN,NaN,NaN,NaN,NaN,41:04.0
TEST,All,4203,05/05/2013 02:51,06/11/2024 06:09,506,490,392,98,13,477,153,324,0.16,0.021,0.002,0.057,0.179,0.164,0.318,0.884,0.989,5684.211,Scale-up,17.544,0.792,0.613,0.767,0.383,41:22.5
TEST,Last100,90,07/08/2024 06:20,06/11/2024 06:09, , ,3,14,1,N/A,1,16,0.035,0.112,NaN,NaN,0.14700000000000002,0.143,NaN,NaN,NaN,NaN,Scale-up,NaN,0.75,0.904,NaN,NaN,41:22.5
THREESCALE,All,2957,10/10/2016 09:43,14/11/2024 11:09,6095,5797,3652,2145,2089,3708,2877,831,1.419,0.852,0.901,1.143,1.37,1.383,0.834,0.625,0.603,727.034,Scale-up,0.875,0.989,0.968,0.97,0.976,41:46.1
THREESCALE,Last100,100,06/08/2024 07:11,14/11/2024 11:09, , ,53,45,37,N/A,63,-1,0.526,0.475,0.496,0.596,0.5049999999999999,0.579,1.18,0.525,0.504,1394.295,Catch-up,1.678,0.976,0.989,0.871,0.955,41:50.8
TRACING,All,2478,26/01/2018 03:49,08/11/2024 12:14,2728,2728,2333,395,1205,1523,1215,308,0.916,0.146,0.525,0.476,0.537,0.563,0.886,0.863,0.506,647.059,Scale-up,2.101,0.991,0.954,0.656,0.855,42:11.7
TRACING,Last100,99,01/08/2024 06:36,08/11/2024 12:14, , ,159,46,24,N/A,102,78,1.778,0.661,0.262,1.027,2.177,2.134,0.472,0.729,0.893,299.903,Scale-up,0.974,0.914,0.978,0.876,0.99,42:16.3
TRT,All,1679,07/04/2020 09:44,11/11/2024 14:18,1725,1694,1434,260,172,1522,1357,165,1.369,0.164,0.207,1.254,1.326,1.323,0.946,0.893,0.865,131.579,Scale-up,0.797,0.977,0.772,0.9,0.947,42:36.6
TRT,Last100,98,05/08/2024 12:46,11/11/2024 14:18, , ,74,27,10,N/A,75,17,0.889,0.425,0.14,0.885,1.174,1.15,0.754,0.677,0.893,186.441,Scale-up,1.13,0.98,0.945,0.917,0.97,42:41.0
UNDERTOW,All,4633,29/02/2012 14:31,05/11/2024 23:44,2093,2092,637,1455,319,1773,1533,240,0.14,0.384,0.08,0.374,0.444,0.437,0.842,0.267,0.847,641.711,Scale-up,2.674,0.996,0.968,0.978,0.974,43:02.1
UNDERTOW,Last100,95,02/08/2024 22:37,05/11/2024 23:44, , ,12,18,3,N/A,34,-8,0.118,0.188,0.033,0.374,0.273,0.275,1.37,0.386,0.892,641.711,Catch-up,2.674,0.961,0.988,0.962,0.906,43:06.5
USHIFT,All,919,08/05/2022 10:05,12/11/2024 10:19,1983,1860,1363,497,302,1558,1324,234,1.786,0.639,0.441,1.793,1.984,1.999,0.904,0.736,0.818,130.508,Scale-up,0.558,0.992,0.984,0.969,0.991,43:27.7
USHIFT,Last100,99,05/08/2024 08:36,12/11/2024 10:19, , ,238,44,58,N/A,170,55,2.626,0.415,0.542,1.665,2.4989999999999997,2.591,0.666,0.864,0.822,140.541,Scale-up,0.601,0.905,0.961,0.795,0.991,43:32.4
VIRTSTRAT,All,345,05/12/2023 17:18,14/11/2024 17:52,44,44,44,0,1,43,0,43,0.145,0,0,0,0.145,0.148,0,1,1,NaN,Indeterminate,0,0.364,0,0,0,43:48.9
VIRTSTRAT,Last100,56,19/09/2024 09:16,14/11/2024 17:52, , ,42,1,1,N/A,1,40,0.582,0,NaN,NaN,0.582,0.563,NaN,NaN,NaN,NaN,Indeterminate,NaN,0.8,0,NaN,NaN,43:48.9
WEJBHTTP,All,2597,12/09/2017 14:06,22/10/2024 21:54,127,127,73,54,4,123,104,19,0.036,0.022,0.002,0.038,0.056,0.047,0.679,0.621,0.966,500,Scale-up,26.316,0.813,0.988,0.883,0.929,44:08.0
WEJBHTTP,Last100,57,26/08/2024 16:52,22/10/2024 21:54, , ,4,1,1,N/A,2,1,0.14,NaN,NaN,0.025,0,0.14,NaN,NaN,NaN,NaN,Scale-up,40,0.898,NaN,NaN,1,44:08.0
WELD,All,6006,02/06/2008 09:35,11/11/2024 12:37,2577,2577,1043,1534,536,2041,1949,92,0.224,0.32,0.124,0.416,0.42,0.422,0.99,0.412,0.772,221.154,Scale-up,2.404,0.935,0.895,0.92,0.916,44:28.5
WELD,Last100,90,12/08/2024 13:25,11/11/2024 12:37, , ,1,5,1,N/A,7,0,NaN,0.053,NaN,0.06,0,0.071,NaN,NaN,NaN,NaN,Scale-up,16.667,NaN,0.887,NaN,0.91,44:28.5
WFARQ,All,4748,15/11/2011 14:26,14/11/2024 14:41,186,186,128,58,24,162,151,11,0.034,0.014,0.007,0.045,0.041,0.041,1.098,0.708,0.854,244.444,Catch-up,22.222,0.911,0.965,0.927,0.949,44:47.7
WFARQ,Last100,86,19/08/2024 15:30,14/11/2024 14:41, , ,7,3,1,N/A,10,-1,0.108,0.02,NaN,0.109,0.128,0.101,NaN,NaN,NaN,NaN,Catch-up,9.174,0.7,0.867,NaN,0.84,44:47.7
WFCC,All,2695,27/04/2017 18:38,13/09/2024 16:36,302,302,253,49,41,261,21,240,0.08,0.016,0.023,0.006,0.073,0.072,0.082,0.833,0.76,40000,Scale-up,166.667,0.316,0.935,0.555,0.916,45:07.0
WFCC,Last100,91,13/06/2024 17:50,13/09/2024 16:36, , ,200,2,1,N/A,1,200,2.404,0.04,NaN,NaN,2.444,2.378,NaN,NaN,NaN,NaN,Scale-up,NaN,0.04,1,NaN,NaN,45:07.0
WFCOM,All,2778,24/03/2016 17:50,02/11/2023 12:59,69,69,58,11,10,59,52,7,0.024,0.005,0.004,0.02,0.025,0.023,0.8,0.828,0.862,350,Scale-up,50,0.82,0.729,0.892,0.704,45:24.7
WFCOM,Last100,0,02/11/2023 12:58,02/11/2023 12:59, , ,1,1,1,N/A,3,-2,NaN,NaN,NaN,NaN,0,NaN,NaN,NaN,NaN,NaN,Scale-up,NaN,NaN,NaN,NaN,NaN,45:24.7
WFCORE,All,5405,26/01/2010 13:23,14/11/2024 10:52,6002,6002,3291,2711,617,5385,4797,588,0.809,0.785,0.176,1.321,1.418,1.385,0.932,0.508,0.89,445.117,Scale-up,0.757,0.983,0.882,0.945,0.957,45:47.3
WFCORE,Last100,98,08/08/2024 09:37,14/11/2024 10:52, , ,60,31,10,N/A,75,5,0.57,0.33,0.101,0.838,0.7989999999999999,0.825,1.049,0.633,0.888,701.671,Catch-up,1.193,0.946,0.984,0.883,0.97,45:51.8
WFDISC,All,2738,17/10/2016 13:21,17/04/2024 10:50,50,50,37,13,2,48,37,11,0.009,0.003,0.001,0.009,0.011,0.012,0.818,0.75,0.917,1222.222,Scale-up,111.111,0.787,0.756,1,0.683,46:10.2
WFDISC,Last100,51,25/02/2024 22:26,17/04/2024 10:50, , ,1,2,1,N/A,2,-1,NaN,0.2,NaN,1,0,0.2,NaN,NaN,NaN,NaN,Scale-up,1,NaN,1,NaN,1,46:10.2
WFLY,All,5811,18/12/2008 05:22,15/11/2024 10:39,15772,15772,7980,7792,2657,13115,11695,1420,1.713,1.882,0.638,2.714,2.957,2.891,0.918,0.476,0.823,523.213,Scale-up,0.368,0.983,0.974,0.979,0.999,46:38.8
WFLY,Last100,99,07/08/2024 11:41,15/11/2024 10:39, , ,200,100,23,N/A,200,76,1.934,1.067,0.27,2.264,2.731,2.742,0.829,0.644,0.91,627.208,Scale-up,0.442,0.995,0.988,0.978,0.965,46:43.4
WFMP,All,3653,14/11/2014 04:33,14/11/2024 14:33,270,270,169,101,43,227,213,14,0.04,0.024,0.011,0.052,0.053,0.052,0.981,0.625,0.828,269.231,Scale-up,19.231,0.935,0.951,0.968,0.937,47:02.7
WFMP,Last100,93,12/08/2024 15:21,14/11/2024 14:33, , ,10,5,3,N/A,16,-5,0.288,0.067,0.022,0.189,0.33299999999999996,0.132,0.568,0.811,0.938,74.074,Scale-up,5.291,0.914,0.898,0.883,0.75,47:07.0
WFNC,All,2818,23/06/2016 16:15,12/03/2024 10:57,88,88,59,29,4,84,72,12,0.016,0.009,0.004,0.02,0.021,0.024,0.952,0.64,0.84,600,Scale-up,50,0.886,0.713,0.71,0.861,47:26.0
WFNC,Last100,84,18/12/2023 12:57,12/03/2024 10:57, , ,1,1,1,N/A,1,0,NaN,NaN,NaN,NaN,0,0.012,NaN,NaN,NaN,NaN,Scale-up,NaN,NaN,NaN,NaN,NaN,47:26.0
WFSSL,All,2646,24/05/2017 05:51,21/08/2024 16:32,110,110,62,48,2,108,89,19,0.043,0.021,0.048,0.047,0.016,0.054,2.938,0.672,0.25,404.255,Catch-up,21.277,0.928,0.958,1,0.899,47:43.3
WFSSL,Last100,55,27/06/2024 14:00,21/08/2024 16:32, , ,1,1,1,N/A,1,1,NaN,NaN,NaN,NaN,0,0.018,NaN,NaN,NaN,NaN,Catch-up,NaN,NaN,NaN,NaN,NaN,47:43.3
WFTC,All,2712,22/09/2016 12:13,26/02/2024 09:30,126,126,71,55,10,116,100,17,0.021,0.022,0.003,0.032,0.04,0.037,0.8,0.488,0.93,531.25,Scale-up,31.25,0.916,0.855,0.953,0.955,48:01.8
WFTC,Last100,74,13/12/2023 09:53,26/02/2024 09:30, , ,1,2,1,N/A,2,-1,NaN,0.024,NaN,0.25,0,0.021,NaN,NaN,NaN,NaN,Scale-up,4,NaN,1,NaN,1,48:01.8
WFWIP,All,2519,01/12/2017 09:11,24/10/2024 10:59,479,479,35,444,89,390,354,36,0.014,0.182,0.044,0.142,0.152,0.151,0.934,0.071,0.776,253.521,Scale-up,7.042,0.937,0.978,0.92,0.962,48:20.9
WFWIP,Last100,27,26/09/2024 12:28,24/10/2024 10:59, , ,1,7,1,N/A,1,5,NaN,0.182,NaN,NaN,0,0.182,NaN,NaN,NaN,NaN,Scale-up,NaN,NaN,0.928,NaN,NaN,48:20.9
WINC,All,1491,13/10/2020 14:49,12/11/2024 19:41,634,607,604,3,161,446,377,69,0.442,0.003,0.138,0.303,0.307,0.311,0.987,0.993,0.69,227.723,Scale-up,3.3,0.997,0.846,0.986,0.99,48:40.3
WINC,Last100,99,05/08/2024 19:20,12/11/2024 19:41, , ,26,1,10,N/A,34,-19,0.2,NaN,0.075,0.389,0.125,0.148,NaN,NaN,NaN,NaN,Scale-up,2.571,0.954,NaN,0.79,0.958,48:40.3
AS7,All,2710,19/04/2006 09:53,20/09/2013 05:05,5481,5479,2376,3103,1085,4394,4394,0,2.687,4.305,1.56,5.894,5.432,5.443,1.085,0.384,0.777,0,Plan-up,0.17,0.924,0.919,0.972,0.967,49:02.5
AS7,Last100,76,05/07/2013 08:23,20/09/2013 05:05, , ,1,1,1,N/A,5,-4,NaN,NaN,NaN,0.054,0,NaN,NaN,NaN,NaN,NaN,Plan-up,18.519,NaN,NaN,NaN,0.96,49:02.5
REM3,All,7124,20/04/2005 06:56,21/10/2024 18:21,364,364,170,194,44,320,292,28,0.023,0.043,0.008,0.05,0.058,0.052,0.862,0.348,0.879,560,Scale-up,20,0.946,0.946,0.878,0.975,49:21.7
REM3,Last100,81,01/08/2024 09:41,21/10/2024 18:21, , ,2,4,1,N/A,6,-2,0.015,0.034,NaN,0.125,0.049,0.044,NaN,NaN,NaN,NaN,Scale-up,8,1,0.846,NaN,0.686,49:21.7
WINDUPRULE,All,3990,10/10/2013 15:33,12/09/2024 15:45,691,660,486,174,66,594,256,338,0.13,0.046,0.019,0.076,0.157,0.156,0.484,0.739,0.892,4447.368,Scale-up,13.158,0.977,0.949,0.859,0.98,49:41.4
WINDUPRULE,Last100,91,13/06/2024 11:02,12/09/2024 15:45, , ,1,3,1,N/A,7,-4,NaN,0.043,NaN,0.052,0,0.016,NaN,NaN,NaN,NaN,Scale-up,19.231,NaN,0.844,NaN,0.516,49:41.4
WINDUP,All,4149,09/05/2013 08:17,17/09/2024 13:03,3596,3469,2121,1348,461,3008,1686,1322,0.55,0.385,0.121,0.423,0.814,0.809,0.52,0.588,0.871,3125.296,Scale-up,2.364,0.993,0.982,0.961,0.993,50:03.1
WINDUP,Last100,77,02/07/2024 06:54,17/09/2024 13:03, , ,17,1,1,N/A,15,4,0.286,NaN,NaN,0.13,0,0.29,NaN,NaN,NaN,NaN,Scale-up,7.692,0.415,NaN,NaN,0.29,50:03.1
WRKLDS,All,1380,02/02/2021 08:28,13/11/2024 17:37,707,590,582,8,150,440,335,105,0.434,0.005,0.153,0.254,0.286,0.322,0.888,0.989,0.651,413.386,Scale-up,3.937,0.877,0.952,0.839,0.914,50:22.9
WRKLDS,Last100,99,05/08/2024 19:53,13/11/2024 17:37, , ,42,2,15,N/A,29,1,0.352,0.037,0.397,0.266,-0.008,0.211,-33.25,0.905,-0.021,394.737,Scale-up,3.759,0.914,1,0.443,0.984,50:27.3
WTO,All,1600,22/06/2020 14:36,08/11/2024 15:07,210,195,158,37,12,183,147,36,0.078,0.019,0.007,0.076,0.09,0.089,0.844,0.804,0.928,473.684,Scale-up,13.158,0.953,0.96,0.645,0.967,50:46.4
WTO,Last100,98,01/08/2024 16:39,08/11/2024 15:07, , ,7,5,1,N/A,10,3,0.095,0.044,NaN,0.111,0.139,0.128,NaN,NaN,NaN,NaN,Scale-up,9.009,0.899,0.987,NaN,0.958,50:46.4
XNIO,All,5992,04/06/2008 13:48,30/10/2024 20:19,397,397,178,219,51,346,295,51,0.028,0.039,0.01,0.048,0.057,0.057,0.842,0.418,0.851,1062.5,Scale-up,20.833,0.969,0.97,0.971,0.968,51:05.5
XNIO,Last100,56,04/09/2024 13:59,30/10/2024 20:19, , ,2,2,1,N/A,3,2,0.143,0.018,NaN,0.05,0.16099999999999998,0.055,NaN,NaN,NaN,NaN,Scale-up,20,1,1,NaN,0.75,51:05.5
WAGB,All,91,05/05/2022 14:23,04/08/2022 15:03,65,65,65,0,25,40,40,0,0.369,0,0,0,0.369,0.364,0,1,1,NaN,Indeterminate,0,0.712,0,0,0,51:21.3
WAGB,Last100,91,05/05/2022 14:23,04/08/2022 15:03, , ,65,1,25,N/A,40,-1,0.374,0,NaN,NaN,0.374,0.366,NaN,NaN,NaN,NaN,Indeterminate,NaN,0.713,0,NaN,NaN,51:21.3
