WADI,All,1450,2005-11-12 01:21:00,2009-11-01 15:51:00,94,94,30,64,14,80,33,47,0.069,0.034,0.028,0.021,0.075,0.059,0.28,0.67,0.728,2238.095,Scale-up,47.619,0.511,0.265,0.367,0.616,2025-06-16 20:22:51.863101,,
WADI,Last100,0,2009-11-01 07:17:00,2009-11-01 15:51:00, , ,1,3,1,N/A,3,-1,NaN,1.5,NaN,1.5,0,1.5,NaN,NaN,NaN,NaN,Scale-up,0.667,NaN,0.75,NaN,0.75,2025-06-16 20:22:51.869087,,
DACCO,All,2687,2005-03-23 08:19:00,2012-07-31 17:23:00,5250,5250,18,5232,25,5225,4999,226,0.006,2.322,0.015,2.238,2.313,2.318,0.968,0.003,0.994,100.983,Scale-up,0.447,0.895,0.938,0.816,0.943,2025-06-16 20:23:18.802451,,
DACCO,Last100,97,2012-04-24 20:41:00,2012-07-31 17:23:00, , ,1,44,1,N/A,13,32,NaN,0.283,NaN,0.252,0,0.283,NaN,NaN,NaN,NaN,Scale-up,3.968,NaN,0.625,NaN,0.751,2025-06-16 20:23:18.811426,,
CONTINUUM,All,3434,2004-07-12 05:21:00,2013-12-06 08:20:00,2629,2629,424,2205,587,2042,1598,444,0.181,0.974,0.273,0.669,0.882,0.863,0.759,0.157,0.764,663.677,Scale-up,1.495,0.914,0.951,0.905,0.924,2025-06-16 20:23:42.073289,,
CONTINUUM,Last100,65,2013-10-01 18:53:00,2013-12-06 08:20:00, , ,1,5,1,N/A,2,2,NaN,0.059,NaN,1.0,0,0.063,NaN,NaN,NaN,NaN,Scale-up,1.0,NaN,0.856,NaN,1.0,2025-06-16 20:23:42.080270,,
OPENEJB,All,945,2004-02-12 05:57:00,2006-09-15 05:54:00,130,130,58,72,6,124,64,60,0.077,0.091,0.014,0.09,0.154,0.163,0.584,0.458,0.917,666.667,Scale-up,11.111,0.842,0.947,0.776,0.813,2025-06-16 20:24:02.299508,,
OPENEJB,Last100,85,2006-06-21 07:32:00,2006-09-15 05:54:00, , ,10,11,3,N/A,4,13,0.112,0.11,0.5,0.341,-0.278,0.205,-1.227,0.505,-1.252,175.953,Scale-up,2.933,0.824,0.805,0.75,0.717,2025-06-16 20:24:06.665623,,
CASTOR,All,4953,2000-05-26 02:32:00,2013-12-18 00:52:00,2655,2655,250,2405,667,1988,1393,595,0.105,0.703,0.251,0.524,0.557,0.525,0.941,0.13,0.689,1135.496,Scale-up,1.908,0.943,0.959,0.78,0.878,2025-06-16 20:24:27.596081,,
CASTOR,Last100,91,2013-09-17 11:26:00,2013-12-18 00:52:00, , ,1,8,1,N/A,1,7,NaN,0.062,NaN,NaN,0,0.074,NaN,NaN,NaN,NaN,Scale-up,NaN,NaN,0.942,NaN,NaN,2025-06-16 20:24:27.601066,,
MTOMCAT,All,1720,2006-11-25 09:35:00,2011-08-12 04:02:00,92,92,14,78,14,78,48,30,0.008,0.048,0.025,0.049,0.031,0.045,1.581,0.143,0.554,612.245,Catch-up,20.408,0.946,0.879,0.858,0.949,2025-06-16 20:24:46.654552,,
MTOMCAT,Last100,99,2011-05-05 01:41:00,2011-08-12 04:02:00, , ,1,6,1,N/A,1,5,NaN,0.038,NaN,NaN,0,0.046,NaN,NaN,NaN,NaN,Catch-up,NaN,NaN,0.891,NaN,NaN,2025-06-16 20:24:46.656379,,
JACKSON,All,2086,2008-03-26 06:54:00,2013-12-12 01:00:00,906,906,236,670,201,705,657,48,0.176,0.47,0.14,0.464,0.506,0.494,0.917,0.272,0.783,103.448,Scale-up,2.155,0.988,0.973,0.97,0.978,2025-06-16 20:25:06.464580,,
JACKSON,Last100,96,2013-09-06 03:06:00,2013-12-12 01:00:00, , ,1,4,8,N/A,2,-7,NaN,0.027,0.071,NaN,-0.044,-0.04,NaN,NaN,NaN,NaN,Scale-up,NaN,NaN,0.792,0.573,NaN,2025-06-16 20:25:06.468448,,
HYDRACACHE,All,859,2009-02-14 00:47:00,2011-06-23 21:39:00,68,68,27,41,1,67,57,10,0.026,0.042,0,0.065,0.068,0.068,0.956,0.382,1.0,153.846,Scale-up,15.385,0.747,0.867,0,0.876,2025-06-16 20:25:24.985928,,
HYDRACACHE,Last100,0,2011-06-22 22:02:00,2011-06-23 21:39:00, , ,2,3,1,N/A,2,2,1.0,NaN,NaN,1.0,0,2.5,NaN,NaN,NaN,NaN,Scale-up,1.0,1.0,NaN,NaN,1.0,2025-06-16 20:25:24.988920,,
HTCJ,All,1365,2008-11-11 21:50:00,2012-08-08 17:06:00,121,121,31,90,1,120,95,25,0.037,0.07,0,0.078,0.107,0.1,0.729,0.346,1.0,320.513,Scale-up,12.821,0.95,0.953,0,0.933,2025-06-16 20:25:43.230149,,
HTCJ,Last100,36,2012-07-02 19:46:00,2012-08-08 17:06:00, , ,1,3,1,N/A,4,-2,NaN,0.042,NaN,NaN,0,0.042,NaN,NaN,NaN,NaN,Scale-up,NaN,NaN,0.77,NaN,NaN,2025-06-16 20:25:43.232143,,
HAUS,All,3802,2003-07-22 13:22:00,2013-12-18 22:15:00,1863,1863,948,915,168,1695,1519,176,0.301,0.257,0.05,0.472,0.508,0.496,0.929,0.539,0.91,372.881,Scale-up,2.119,0.913,0.968,0.983,0.917,2025-06-16 20:26:03.573897,,
HAUS,Last100,98,2013-09-11 18:16:00,2013-12-18 22:15:00, , ,2,18,5,N/A,7,7,0.333,0.183,0.072,0.088,0.444,0.157,0.198,0.645,0.86,2000.0,Scale-up,11.364,1.0,0.937,0.733,0.884,2025-06-16 20:26:08.146476,,
GPARS,All,1500,2009-09-22 21:11:00,2013-11-01 17:02:00,253,253,76,177,20,233,177,56,0.063,0.132,0.016,0.129,0.179,0.179,0.721,0.323,0.918,434.109,Scale-up,7.752,0.956,0.919,0.967,0.941,2025-06-16 20:26:29.639647,,
GPARS,Last100,99,2013-07-25 00:43:00,2013-11-01 17:02:00, , ,1,2,1,N/A,1,0,NaN,0.01,NaN,NaN,0,0.01,NaN,NaN,NaN,NaN,Scale-up,NaN,NaN,1.0,NaN,NaN,2025-06-16 20:26:29.642640,,
GLDP,All,682,2008-05-02 14:06:00,2010-03-16 13:49:00,112,112,40,72,5,107,93,15,0.057,0.109,0.008,0.168,0.158,0.155,1.063,0.343,0.952,89.286,Catch-up,5.952,0.457,0.631,0.848,0.576,2025-06-16 20:26:48.303416,,
GLDP,Last100,41,2010-02-03 06:41:00,2010-03-16 13:49:00, , ,1,2,1,N/A,1,1,NaN,0.024,NaN,NaN,0,0.037,NaN,NaN,NaN,NaN,Catch-up,NaN,NaN,1.0,NaN,NaN,2025-06-16 20:26:48.305410,,
GFS,All,368,2009-03-27 14:10:00,2010-03-31 11:29:00,34,34,18,16,1,33,10,23,0.034,0.035,0,0.023,0.069,0.066,0.333,0.493,1.0,1000.0,Scale-up,43.478,0.722,0.909,0,0.807,2025-06-16 20:27:06.370637,,
GFS,Last100,82,2010-01-07 12:52:00,2010-03-31 11:29:00, , ,1,6,1,N/A,2,4,NaN,0.049,NaN,NaN,0,0.058,NaN,NaN,NaN,NaN,Scale-up,NaN,NaN,0.922,NaN,NaN,2025-06-16 20:27:06.372660,,
MNGECLIPSE,All,1233,2005-10-26 02:56:00,2009-03-12 21:27:00,1195,1195,117,1078,363,832,480,352,0.086,0.866,0.3,0.409,0.652,0.624,0.627,0.09,0.685,860.636,Scale-up,2.445,0.923,0.898,0.95,0.831,2025-06-16 20:27:26.874414,,
MNGECLIPSE,Last100,99,2008-12-03 02:02:00,2009-03-12 21:27:00, , ,11,137,25,N/A,44,78,0.101,1.355,0.287,0.505,1.169,1.19,0.432,0.069,0.803,697.03,Scale-up,1.98,0.946,0.997,0.9,0.968,2025-06-16 20:27:31.413191,,
GEOT,All,3703,2003-10-28 17:49:00,2013-12-17 19:44:00,4267,4267,496,3771,401,3866,3097,769,0.153,1.185,0.136,1.019,1.202,1.198,0.848,0.114,0.898,754.661,Scale-up,0.981,0.99,0.991,0.918,0.976,2025-06-16 20:27:53.393297,,
GEOT,Last100,99,2013-09-08 23:48:00,2013-12-17 19:44:00, , ,6,78,3,N/A,66,14,0.08,0.678,0.026,0.617,0.732,0.717,0.843,0.106,0.966,1246.353,Scale-up,1.621,0.897,0.979,0.909,0.981,2025-06-16 20:27:57.841821,,
GEOS,All,3684,2003-11-19 04:32:00,2013-12-20 20:22:00,5830,5830,802,5028,848,4982,3831,1151,0.28,1.677,0.294,1.311,1.663,1.663,0.788,0.143,0.85,877.956,Scale-up,0.763,0.938,0.984,0.973,0.981,2025-06-16 20:28:20.719726,,
GEOS,Last100,99,2013-09-12 16:52:00,2013-12-20 20:22:00, , ,5,211,40,N/A,96,79,0.047,2.123,0.341,0.954,1.8290000000000004,1.861,0.522,0.022,0.843,1206.499,Scale-up,1.048,0.842,0.991,0.894,0.981,2025-06-16 20:28:25.130183,,
FABRICTHREE,All,2385,2007-05-16 11:23:00,2013-11-25 21:16:00,680,680,215,465,64,616,578,38,0.11,0.193,0.038,0.258,0.265,0.263,0.974,0.363,0.875,147.287,Scale-up,3.876,0.98,0.875,0.899,0.959,2025-06-16 20:28:44.995270,,
FABRICTHREE,Last100,92,2013-08-24 22:30:00,2013-11-25 21:16:00, , ,1,3,1,N/A,2,0,NaN,0.021,NaN,0.02,0,0.021,NaN,NaN,NaN,NaN,Scale-up,50.0,NaN,0.997,NaN,1.0,2025-06-16 20:28:44.998262,,
EUREKAJ,All,157,2010-04-08 13:58:00,2010-09-12 14:57:00,43,43,42,1,0,43,24,19,0.223,0,0,0.095,0.223,0.238,0.426,1.0,1.0,200.0,Scale-up,10.526,0.213,0,0,0.346,2025-06-16 20:29:02.271697,,
EUREKAJ,Last100,0,2010-09-12 14:53:00,2010-09-12 14:57:00, , ,1,1,1,N/A,2,0,NaN,NaN,0,NaN,0,NaN,NaN,NaN,NaN,NaN,Scale-up,NaN,NaN,NaN,0,NaN,2025-06-16 20:29:02.272385,,
ENUNCIATE,All,2468,2007-03-16 00:45:00,2013-12-18 00:19:00,809,809,248,561,115,694,548,146,0.113,0.231,0.054,0.233,0.29,0.29,0.803,0.328,0.843,626.609,Scale-up,4.292,0.963,0.998,0.983,0.988,2025-06-16 20:29:22.095398,,
ENUNCIATE,Last100,98,2013-09-10 04:15:00,2013-12-18 00:19:00, , ,7,22,10,N/A,19,1,0.059,0.238,0.101,0.216,0.19599999999999998,0.169,1.102,0.199,0.66,675.926,Catch-up,4.63,0.849,0.865,0.65,0.504,2025-06-16 20:29:26.505333,,
DROOLS,All,1772,2004-07-28 01:15:00,2009-06-04 12:42:00,107,107,29,78,6,101,46,55,0.014,0.049,0.007,0.037,0.056,0.059,0.661,0.222,0.889,1486.486,Scale-up,27.027,0.346,0.386,0.622,0.32,2025-06-16 20:29:45.673714,,
DROOLS,Last100,68,2009-03-28 00:59:00,2009-06-04 12:42:00, , ,2,3,1,N/A,1,3,0.045,0.03,NaN,NaN,0.075,0.054,NaN,NaN,NaN,NaN,Scale-up,NaN,1.0,0.918,NaN,NaN,2025-06-16 20:29:45.676080,,
DISPL,All,3243,2004-09-22 04:34:00,2013-08-09 22:02:00,673,673,111,562,140,533,163,370,0.049,0.217,0.06,0.069,0.206,0.202,0.335,0.184,0.774,5362.319,Scale-up,14.493,0.902,0.895,0.84,0.739,2025-06-16 20:30:06.692121,,
DISPL,Last100,0,2013-08-09 22:02:00,2013-08-09 22:02:00, , ,1,1,1,N/A,1,0,NaN,NaN,NaN,NaN,0,NaN,NaN,NaN,NaN,NaN,Scale-up,NaN,NaN,NaN,NaN,NaN,2025-06-16 20:30:06.695108,,
UDIG,All,3360,2004-09-16 09:39:00,2013-11-28 17:34:00,1921,1921,212,1709,133,1788,1295,493,0.067,0.527,0.041,0.442,0.553,0.551,0.799,0.113,0.931,1115.385,Scale-up,2.262,0.82,0.904,0.926,0.872,2025-06-16 20:30:27.631272,,
UDIG,Last100,49,2013-10-10 04:38:00,2013-11-28 17:34:00, , ,1,10,1,N/A,3,6,NaN,0.352,NaN,NaN,0,0.2,NaN,NaN,NaN,NaN,Scale-up,NaN,NaN,0.851,NaN,NaN,2025-06-16 20:30:27.635930,,
SYMMETRICDS,All,1318,2009-01-25 03:11:00,2012-09-04 08:48:00,644,644,138,506,19,625,489,136,0.1,0.404,0.015,0.389,0.489,0.479,0.796,0.198,0.97,349.614,Scale-up,2.571,0.96,0.993,0.971,0.995,2025-06-16 20:30:47.674822,,
SYMMETRICDS,Last100,96,2012-05-30 20:25:00,2012-09-04 08:48:00, , ,2,16,2,N/A,16,-1,0.333,0.627,0.014,1.376,0.946,0.16,1.455,0.347,0.985,98.837,Catch-up,0.727,1.0,0.886,1.0,0.868,2025-06-16 20:30:52.162828,,
SONARPLUGINS,All,2192,2007-12-19 16:45:00,2013-12-20 00:10:00,2618,2618,938,1680,372,2246,1715,531,0.52,1.076,0.243,1.087,1.353,1.351,0.803,0.326,0.848,488.5,Scale-up,0.92,0.946,0.973,0.956,0.964,2025-06-16 20:31:13.703457,,
SONARPLUGINS,Last100,98,2013-09-12 02:30:00,2013-12-20 00:10:00, , ,87,93,9,N/A,150,20,1.059,0.931,0.143,1.678,1.847,1.874,0.909,0.532,0.928,316.448,Scale-up,0.596,0.916,0.983,0.94,0.898,2025-06-16 20:31:18.264070,,
SONARDOTNT,All,2183,2007-12-21 17:34:00,2013-12-12 18:28:00,376,376,86,290,66,310,203,107,0.057,0.227,0.055,0.173,0.229,0.228,0.755,0.201,0.806,618.497,Scale-up,5.78,0.937,0.986,0.985,0.975,2025-06-16 20:31:37.786039,,
SONARDOTNT,Last100,87,2013-09-16 15:47:00,2013-12-12 18:28:00, , ,2,11,1,N/A,1,11,0.018,0.098,NaN,NaN,0.116,0.105,NaN,NaN,NaN,NaN,Scale-up,NaN,1.0,0.958,NaN,NaN,2025-06-16 20:31:37.788545,,
SONAR,All,2194,2007-12-17 18:32:00,2013-12-20 01:02:00,4394,4394,735,3659,1262,3132,2541,591,0.308,1.789,0.678,1.196,1.419,1.424,0.843,0.147,0.677,494.147,Scale-up,0.836,0.993,0.993,0.99,0.991,2025-06-16 20:32:00.109779,,
SONAR,Last100,99,2013-09-11 15:32:00,2013-12-20 01:02:00, , ,50,210,14,N/A,167,78,0.486,2.08,0.152,1.382,2.4139999999999997,2.428,0.572,0.189,0.941,427.641,Scale-up,0.724,0.954,0.991,0.894,0.964,2025-06-16 20:32:04.734190,,
OPENXMA,All,1044,2008-12-23 00:58:00,2011-11-02 23:42:00,393,393,122,271,25,368,244,124,0.116,0.286,0.025,0.253,0.377,0.371,0.671,0.289,0.938,490.119,Scale-up,3.953,0.914,0.95,0.962,0.91,2025-06-16 20:32:24.227618,,
OPENXMA,Last100,96,2011-07-29 22:22:00,2011-11-02 23:42:00, , ,8,12,1,N/A,20,-1,0.068,0.126,NaN,0.153,0.194,0.163,NaN,NaN,NaN,NaN,Scale-up,6.536,0.93,0.74,NaN,0.931,2025-06-16 20:32:24.230610,,
MRM,All,3435,2004-07-23 01:12:00,2013-12-18 14:06:00,1690,1690,300,1390,316,1374,1098,276,0.106,0.541,0.135,0.399,0.512,0.515,0.779,0.164,0.791,691.729,Scale-up,2.506,0.982,0.907,0.976,0.953,2025-06-16 20:32:45.334027,,
MRM,Last100,96,2013-09-12 17:06:00,2013-12-18 14:06:00, , ,1,18,2,N/A,27,-11,NaN,0.213,0.125,0.292,0.088,0.191,NaN,NaN,NaN,NaN,Scale-up,3.425,NaN,0.954,1.0,0.856,2025-06-16 20:32:45.338916,,
YFACES,All,1614,2009-01-16 17:15:00,2013-06-18 21:20:00,50,50,18,32,3,47,33,14,0.028,0.021,1.5,0.056,-1.451,0.04,-0.039,0.571,-29.612,250.0,Scale-up,17.857,0.905,0.464,0.75,0.883,2025-06-16 20:33:03.082580,,
YFACES,Last100,0,2013-06-18 21:20:00,2013-06-18 21:20:00, , ,1,1,1,N/A,1,0,NaN,NaN,NaN,NaN,0,NaN,NaN,NaN,NaN,NaN,Scale-up,NaN,NaN,NaN,NaN,NaN,2025-06-16 20:33:03.084589,,
XTENLANG,All,1916,2008-09-18 20:13:00,2013-12-18 15:39:00,3263,3263,351,2912,694,2569,2242,327,0.203,2.018,0.436,1.539,1.785,1.668,0.862,0.091,0.804,212.476,Scale-up,0.65,0.894,0.878,0.86,0.872,2025-06-16 20:33:24.568416,,
XTENLANG,Last100,99,2013-09-09 20:41:00,2013-12-18 15:39:00, , ,7,51,25,N/A,49,-17,0.052,0.496,0.228,0.418,0.32000000000000006,0.329,1.306,0.095,0.584,782.297,Catch-up,2.392,0.869,0.98,0.754,0.922,2025-06-16 20:33:29.009053,,
XPR,All,2754,2005-01-03 14:30:00,2012-07-19 14:32:00,456,456,117,339,44,412,121,291,0.091,0.204,0.03,0.164,0.265,0.255,0.619,0.308,0.898,1774.39,Scale-up,6.098,0.631,0.723,0.742,0.732,2025-06-16 20:33:47.035650,,
XPR,Last100,0,2012-07-19 14:32:00,2012-07-19 14:32:00, , ,1,1,1,N/A,1,0,NaN,NaN,NaN,NaN,0,NaN,NaN,NaN,NaN,NaN,Scale-up,NaN,NaN,NaN,NaN,NaN,2025-06-16 20:33:47.037644,,
XFIRE,All,2625,2004-08-23 10:45:00,2011-11-01 10:31:00,1135,1135,111,1024,174,961,526,435,0.104,0.904,0.205,0.655,0.803,0.834,0.816,0.103,0.797,664.122,Scale-up,1.527,0.953,0.81,0.82,0.931,2025-06-16 20:34:05.991653,,
XFIRE,Last100,0,2011-11-01 10:31:00,2011-11-01 10:31:00, , ,1,1,1,N/A,1,0,NaN,NaN,NaN,NaN,0,NaN,NaN,NaN,NaN,NaN,Scale-up,NaN,NaN,NaN,NaN,NaN,2025-06-16 20:34:05.994646,,
WAGON,All,3526,2004-04-21 21:56:00,2013-12-17 02:56:00,369,369,31,338,84,285,204,81,0.009,0.106,0.034,0.066,0.081,0.083,0.815,0.078,0.704,1227.273,Scale-up,15.152,0.889,0.972,0.834,0.954,2025-06-16 20:34:32.415887,,
WAGON,Last100,95,2013-09-12 17:44:00,2013-12-17 02:56:00, , ,1,5,1,N/A,4,3,NaN,0.039,NaN,0.051,0,0.052,NaN,NaN,NaN,NaN,Scale-up,19.608,NaN,0.786,NaN,0.847,2025-06-16 20:34:32.422869,,
TYNAMO,All,1520,2009-10-14 23:28:00,2013-12-13 20:10:00,233,233,46,187,38,195,168,27,0.03,0.12,0.034,0.113,0.116,0.127,0.974,0.2,0.773,238.938,Scale-up,8.85,0.952,0.983,0.955,0.984,2025-06-16 20:34:52.420898,,
TYNAMO,Last100,94,2013-09-10 10:11:00,2013-12-13 20:10:00, , ,3,6,1,N/A,3,5,0.038,0.054,NaN,0.038,0.092,0.082,NaN,NaN,NaN,NaN,Scale-up,26.316,0.999,0.948,NaN,0.803,2025-06-16 20:34:52.423856,,
SONARIDE,All,1412,2010-01-21 12:52:00,2013-12-03 18:53:00,388,388,137,251,111,277,222,55,0.093,0.173,0.092,0.138,0.174,0.162,0.793,0.35,0.654,398.551,Scale-up,7.246,0.786,0.982,0.944,0.949,2025-06-16 20:35:11.765516,,
SONARIDE,Last100,99,2013-08-26 16:09:00,2013-12-03 18:53:00, , ,3,9,3,N/A,10,-2,0.04,0.08,NaN,0.173,0.12,0.066,NaN,NaN,NaN,NaN,Scale-up,5.78,0.995,0.926,NaN,0.744,2025-06-16 20:35:11.768507,,
XSTR,All,3559,2004-03-19 23:06:00,2013-12-17 08:57:00,682,682,106,576,223,459,423,36,0.033,0.172,0.072,0.118,0.133,0.126,0.887,0.161,0.649,305.085,Scale-up,8.475,0.842,0.965,0.979,0.949,2025-06-16 20:35:31.373914,,
XSTR,Last100,90,2013-09-18 03:47:00,2013-12-17 08:57:00, , ,1,5,4,N/A,10,-8,NaN,0.04,0.089,0.087,-0.048999999999999995,0.025,NaN,NaN,NaN,NaN,Scale-up,11.494,NaN,0.761,0.8,0.817,2025-06-16 20:35:31.376906,,
XDP,All,2831,2003-12-05 10:30:00,2011-09-05 18:54:00,214,214,47,167,34,180,150,30,0.02,0.096,0.023,0.1,0.093,0.093,1.075,0.172,0.802,300.0,Catch-up,10.0,0.689,0.769,0.798,0.862,2025-06-16 20:35:48.991923,,
XDP,Last100,0,2011-09-05 18:53:00,2011-09-05 18:54:00, , ,1,1,1,N/A,1,1,NaN,NaN,NaN,NaN,0,1.0,NaN,NaN,NaN,NaN,Catch-up,NaN,NaN,NaN,NaN,NaN,2025-06-16 20:35:48.993922,,
WAFFLE,All,1999,2007-05-20 00:45:00,2012-11-08 19:45:00,101,101,34,67,5,96,81,15,0.058,0.051,0.004,0.191,0.105,0.086,1.819,0.532,0.963,78.534,Catch-up,5.236,0.945,0.5,0.763,0.955,2025-06-16 20:36:06.404607,,
WAFFLE,Last100,0,2012-11-08 19:45:00,2012-11-08 19:45:00, , ,1,1,1,N/A,1,0,NaN,NaN,NaN,NaN,0,NaN,NaN,NaN,NaN,NaN,Catch-up,NaN,NaN,NaN,NaN,NaN,2025-06-16 20:36:06.406605,,
SUREFIRE,All,3396,2004-09-01 06:29:00,2013-12-19 11:58:00,1026,1026,111,915,301,725,570,155,0.037,0.273,0.098,0.173,0.212,0.209,0.816,0.119,0.684,895.954,Scale-up,5.78,0.989,0.981,0.908,0.973,2025-06-16 20:36:26.264951,,
SUREFIRE,Last100,98,2013-09-12 11:32:00,2013-12-19 11:58:00, , ,1,15,2,N/A,4,8,NaN,0.121,0.018,0.031,0.103,0.102,NaN,NaN,NaN,NaN,Scale-up,32.258,NaN,0.962,1.0,0.879,2025-06-16 20:36:26.268939,,
XLITE,All,316,2008-12-15 01:20:00,2009-10-28 00:34:00,67,67,37,30,6,61,43,18,0.103,0.201,0.017,0.182,0.287,0.168,0.634,0.339,0.944,98.901,Scale-up,5.495,0.939,0.665,0.799,0.719,2025-06-16 20:36:45.272139,,
XLITE,Last100,62,2009-08-26 22:41:00,2009-10-28 00:34:00, , ,11,26,4,N/A,32,0,0.255,0.506,0.062,0.653,0.6990000000000001,0.623,0.934,0.335,0.919,27.565,Start-up,1.531,0.785,0.837,0.815,0.81,2025-06-16 20:36:49.660718,,
XSITE,All,2411,2006-11-11 20:31:00,2013-06-19 02:22:00,56,56,23,33,3,53,51,2,0.006,0.01,0,0.015,0.016,0.015,0.938,0.375,1.0,133.333,Scale-up,66.667,0.905,0.895,0,0.87,2025-06-16 20:37:08.073220,,
XSITE,Last100,40,2013-05-09 16:34:00,2013-06-19 02:22:00, , ,9,14,1,N/A,23,-1,0.15,0.189,NaN,0.338,0.33899999999999997,0.338,NaN,NaN,NaN,NaN,Scale-up,2.959,0.3,0.244,NaN,0.266,2025-06-16 20:37:08.077921,,
SVNA,All,2068,2007-11-12 23:40:00,2013-07-12 05:00:00,32,32,9,23,0,32,9,23,0.003,0.015,0,0.006,0.018,0.016,0.333,0.167,1.0,3833.333,Scale-up,166.667,0.528,0.838,0,0.85,2025-06-16 20:37:24.903765,,
SVNA,Last100,0,2013-07-12 05:00:00,2013-07-12 05:00:00, , ,1,1,1,N/A,1,0,NaN,NaN,0,NaN,0,NaN,NaN,NaN,NaN,NaN,Scale-up,NaN,NaN,NaN,0,NaN,2025-06-16 20:37:24.904773,,
SONARJAVA,All,1725,2009-03-31 00:36:00,2013-12-20 01:24:00,383,383,177,206,34,349,260,89,0.187,0.133,0.114,0.68,0.206,0.263,3.301,0.584,0.644,130.882,Catch-up,1.471,0.541,0.729,0.934,0.909,2025-06-16 20:37:44.307806,,
SONARJAVA,Last100,99,2013-09-11 16:40:00,2013-12-20 01:24:00, , ,27,57,14,N/A,80,-11,0.272,0.594,0.162,0.654,0.704,0.692,0.929,0.314,0.813,136.086,Scale-up,1.529,0.857,0.959,0.893,0.871,2025-06-16 20:37:48.792385,,
TRAILS,All,1135,2006-09-05 08:09:00,2009-10-15 00:06:00,185,185,32,153,59,126,115,11,0.034,0.174,0.07,0.136,0.138,0.14,0.986,0.163,0.663,80.882,Scale-up,7.353,0.717,0.926,0.916,0.925,2025-06-16 20:38:08.106941,,
TRAILS,Last100,24,2009-09-20 01:14:00,2009-10-15 00:06:00, , ,1,2,1,N/A,1,-1,NaN,0.333,NaN,NaN,0,-0.017,NaN,NaN,NaN,NaN,Scale-up,NaN,NaN,1.0,NaN,NaN,2025-06-16 20:38:08.108931,,
XDOCLET,All,2238,2003-10-03 00:05:00,2009-11-18 22:45:00,47,47,12,35,10,37,22,15,0.006,0.015,0.007,0.01,0.014,0.016,0.714,0.286,0.667,1500.0,Scale-up,100.0,0.833,0.97,0.878,0.965,2025-06-16 20:38:25.276101,,
XDOCLET,Last100,33,2009-10-16 01:09:00,2009-11-18 22:45:00, , ,1,3,1,N/A,1,2,NaN,0.045,NaN,NaN,0,0.045,NaN,NaN,NaN,NaN,Scale-up,NaN,NaN,0.772,NaN,NaN,2025-06-16 20:38:25.278068,,
WSTX,All,3273,2004-10-30 13:27:00,2013-10-17 05:42:00,290,290,43,247,30,260,215,45,0.02,0.09,0.012,0.08,0.098,0.094,0.816,0.182,0.891,562.5,Scale-up,12.5,0.851,0.964,0.958,0.923,2025-06-16 20:38:43.177180,,
WSTX,Last100,0,2013-10-17 05:42:00,2013-10-17 05:42:00, , ,1,1,1,N/A,1,0,NaN,NaN,NaN,NaN,0,NaN,NaN,NaN,NaN,NaN,Scale-up,NaN,NaN,NaN,NaN,NaN,2025-06-16 20:38:43.178177,,
MILYN,All,2587,2006-11-13 19:33:00,2013-12-14 18:26:00,629,629,293,336,34,595,478,117,0.184,0.199,0.019,0.312,0.364,0.344,0.857,0.48,0.95,375.0,Scale-up,3.205,0.985,0.956,0.92,0.983,2025-06-16 20:39:02.801278,,
MILYN,Last100,5,2013-12-09 12:14:00,2013-12-14 18:26:00, , ,1,1,1,N/A,1,-2,NaN,NaN,NaN,NaN,0,NaN,NaN,NaN,NaN,NaN,Scale-up,NaN,NaN,NaN,NaN,NaN,2025-06-16 20:39:02.804191,,
SCM,All,3516,2004-04-21 22:01:00,2013-12-07 02:56:00,718,718,130,588,69,649,456,193,0.042,0.191,0.024,0.152,0.209,0.205,0.727,0.18,0.897,1269.737,Scale-up,6.579,0.936,0.976,0.986,0.947,2025-06-16 20:39:22.176654,,
SCM,Last100,85,2013-09-13 02:17:00,2013-12-07 02:56:00, , ,1,7,1,N/A,6,-1,NaN,0.059,NaN,0.057,0,0.058,NaN,NaN,NaN,NaN,Scale-up,17.544,NaN,0.951,NaN,0.894,2025-06-16 20:39:22.179382,,
JRUBY,All,2354,2007-06-12 09:32:00,2013-11-21 15:22:00,6052,6052,156,5896,1220,4832,4332,500,0.086,2.844,0.556,2.122,2.374,2.372,0.894,0.029,0.81,235.627,Scale-up,0.471,0.974,0.987,0.964,0.982,2025-06-16 20:39:45.421081,,
JRUBY,Last100,91,2013-08-21 21:01:00,2013-11-21 15:22:00, , ,1,6,13,N/A,8,-16,NaN,0.117,0.148,0.07,-0.030999999999999986,-0.111,NaN,NaN,NaN,NaN,Scale-up,14.286,NaN,0.932,0.937,0.656,2025-06-16 20:39:45.432328,,
PLX,All,3645,2003-10-05 02:10:00,2013-09-27 07:28:00,252,252,34,218,25,227,180,47,0.019,0.083,0.014,0.085,0.088,0.086,0.966,0.186,0.863,552.941,Scale-up,11.765,0.906,0.953,0.935,0.951,2025-06-16 20:40:04.742847,,
PLX,Last100,84,2013-07-04 15:56:00,2013-09-27 07:28:00, , ,1,2,1,N/A,1,0,NaN,0.012,NaN,NaN,0,0.012,NaN,NaN,NaN,NaN,Scale-up,NaN,NaN,1.0,NaN,NaN,2025-06-16 20:40:04.744826,,
TQL,All,3303,2004-04-20 18:32:00,2013-05-07 17:09:00,31,31,8,23,0,31,12,19,0.003,0.007,0,0.005,0.01,0.01,0.5,0.3,1.0,3800.0,Scale-up,200.0,0.836,0.935,0,0.692,2025-06-16 20:40:21.495621,,
TQL,Last100,0,2013-05-07 17:09:00,2013-05-07 17:09:00, , ,1,1,1,N/A,1,0,NaN,NaN,0,NaN,0,NaN,NaN,NaN,NaN,NaN,Scale-up,NaN,NaN,NaN,0,NaN,2025-06-16 20:40:21.498010,,
TIMTAM,All,728,2004-03-21 21:37:00,2006-03-20 16:16:00,41,41,14,27,2,39,8,31,0.022,0.04,0.005,0.056,0.057,0.058,0.982,0.355,0.919,553.571,Scale-up,17.857,0.91,0.93,1.0,0.884,2025-06-16 20:40:38.813696,,
TIMTAM,Last100,0,2006-03-20 16:16:00,2006-03-20 16:16:00, , ,1,1,1,N/A,1,0,NaN,NaN,NaN,NaN,0,NaN,NaN,NaN,NaN,NaN,Scale-up,NaN,NaN,NaN,NaN,NaN,2025-06-16 20:40:38.815689,,
SWIZZLE,All,2589,2006-08-05 09:05:00,2013-09-06 10:00:00,54,54,10,44,0,54,19,35,0.005,0.02,0,0.009,0.025,0.025,0.36,0.2,1.0,3888.889,Scale-up,111.111,0.841,0.88,0,0.942,2025-06-16 20:40:55.437995,,
SWIZZLE,Last100,0,2013-09-06 10:00:00,2013-09-06 10:00:00, , ,1,1,1,N/A,1,0,NaN,NaN,0,NaN,0,NaN,NaN,NaN,NaN,NaN,Scale-up,NaN,NaN,NaN,0,NaN,2025-06-16 20:40:55.438997,,
STAX,All,2708,2004-05-13 05:26:00,2011-10-12 19:04:00,59,59,6,53,4,55,16,39,0.002,0.025,0.004,0.061,0.023,0.023,2.652,0.074,0.852,639.344,Catch-up,16.393,0.677,0.867,0.6,0.392,2025-06-16 20:41:12.842966,,
STAX,Last100,0,2011-10-12 19:04:00,2011-10-12 19:04:00, , ,1,1,1,N/A,1,0,NaN,NaN,NaN,NaN,0,NaN,NaN,NaN,NaN,NaN,Catch-up,NaN,NaN,NaN,NaN,NaN,2025-06-16 20:41:12.843963,,
RVM,All,2389,2007-06-03 10:16:00,2013-12-18 01:17:00,985,985,143,842,72,913,568,345,0.054,0.333,0.036,0.235,0.351,0.351,0.67,0.14,0.907,1468.085,Scale-up,4.255,0.69,0.768,0.758,0.783,2025-06-16 20:41:32.400375,,
RVM,Last100,98,2013-09-10 03:15:00,2013-12-18 01:17:00, , ,3,9,1,N/A,9,1,0.044,0.085,NaN,0.115,0.129,0.114,NaN,NaN,NaN,NaN,Scale-up,8.696,0.967,0.971,NaN,0.851,2025-06-16 20:41:32.404372,,
STAXMATE,All,2279,2007-04-22 04:06:00,2013-07-18 04:36:00,38,38,20,18,5,33,22,11,0.031,0.008,2.5,0.015,-2.461,0.014,-0.006,0.795,-63.103,733.333,Scale-up,66.667,0.77,0.833,0.5,0.733,2025-06-16 20:41:49.951343,,
STAXMATE,Last100,0,2013-07-18 04:36:00,2013-07-18 04:36:00, , ,1,1,1,N/A,1,0,NaN,NaN,NaN,NaN,0,NaN,NaN,NaN,NaN,NaN,Scale-up,NaN,NaN,NaN,NaN,NaN,2025-06-16 20:41:49.952341,,
PREON,All,1024,2010-03-27 15:07:00,2013-01-15 01:22:00,56,56,21,35,4,52,28,24,0.033,0.036,0.005,0.032,0.064,0.055,0.5,0.478,0.928,750.0,Scale-up,31.25,0.629,0.76,0.912,0.465,2025-06-16 20:42:07.544382,,
PREON,Last100,67,2012-11-08 14:56:00,2013-01-15 01:22:00, , ,1,2,1,N/A,1,1,NaN,0.015,NaN,NaN,0,0.015,NaN,NaN,NaN,NaN,Scale-up,NaN,NaN,1.0,NaN,NaN,2025-06-16 20:42:07.546224,,
PLATYPUS,All,867,2009-10-04 15:11:00,2012-02-18 16:55:00,74,74,20,54,6,68,49,19,0.034,0.092,0.031,0.076,0.095,0.118,0.8,0.27,0.754,250.0,Scale-up,13.158,0.668,0.791,0.429,0.774,2025-06-16 20:42:26.987489,,
PLATYPUS,Last100,98,2011-11-12 14:07:00,2012-02-18 16:55:00, , ,1,1,1,N/A,1,-1,NaN,NaN,NaN,NaN,0,NaN,NaN,NaN,NaN,NaN,Scale-up,NaN,NaN,NaN,NaN,NaN,2025-06-16 20:42:26.988882,,
MULTIVERSE,All,100,2010-02-25 04:08:00,2010-06-05 20:32:00,46,46,33,13,2,44,17,27,0.199,0.091,0.5,0.137,-0.21,0.281,-0.652,0.686,-0.724,197.08,Scale-up,7.299,0.827,0.851,1.0,0.815,2025-06-16 20:42:45.839427,,
MULTIVERSE,Last100,96,2010-02-28 22:54:00,2010-06-05 20:32:00, , ,18,12,2,N/A,17,10,0.147,0.088,0.333,0.136,-0.09800000000000003,0.225,-1.388,0.626,-0.417,198.529,Scale-up,7.353,0.613,0.813,1.0,0.821,2025-06-16 20:42:50.076341,,
SONARJNKNS,All,1990,2008-03-15 15:15:00,2013-08-26 16:15:00,200,200,7,193,79,121,104,17,0.004,0.114,0.052,0.057,0.066,0.065,0.864,0.034,0.559,298.246,Scale-up,17.544,0.916,0.982,0.949,0.945,2025-06-16 20:43:07.423715,,
SONARJNKNS,Last100,75,2013-06-12 15:39:00,2013-08-26 16:15:00, , ,3,2,1,N/A,1,4,0.02,0.053,NaN,NaN,0.073,0.047,NaN,NaN,NaN,NaN,Scale-up,NaN,0.75,1.0,NaN,NaN,2025-06-16 20:43:07.426183,,
SETPOINT,All,340,2005-10-24 21:34:00,2006-09-30 07:57:00,35,35,13,22,1,34,3,31,0.383,0.049,0,0.021,0.432,0.066,0.049,0.887,1.0,1476.19,Scale-up,47.619,0.904,0.518,0,0.8,2025-06-16 20:43:23.806421,,
SETPOINT,Last100,89,2006-07-02 17:45:00,2006-09-30 07:57:00, , ,1,19,1,N/A,1,18,NaN,0.136,NaN,NaN,0,0.136,NaN,NaN,NaN,NaN,Scale-up,NaN,NaN,0.451,NaN,NaN,2025-06-16 20:43:23.809416,,
NMAVEN,All,1112,2007-02-07 23:38:00,2010-02-24 00:40:00,232,232,62,170,41,191,82,109,0.073,0.227,0.058,0.138,0.242,0.217,0.57,0.243,0.807,789.855,Scale-up,7.246,0.862,0.908,0.677,0.954,2025-06-16 20:43:42.087646,,
NMAVEN,Last100,0,2010-02-24 00:40:00,2010-02-24 00:40:00, , ,1,1,1,N/A,1,0,NaN,NaN,NaN,NaN,0,NaN,NaN,NaN,NaN,NaN,Scale-up,NaN,NaN,NaN,NaN,NaN,2025-06-16 20:43:42.089646,,
NANO,All,2618,2003-10-27 22:11:00,2010-12-28 02:40:00,101,101,28,73,6,95,80,15,0.021,0.056,0.006,0.054,0.071,0.071,0.761,0.273,0.922,277.778,Scale-up,18.519,0.869,0.897,0.923,0.745,2025-06-16 20:44:00.282108,,
NANO,Last100,0,2010-12-28 02:40:00,2010-12-28 02:40:00, , ,1,1,1,N/A,1,0,NaN,NaN,NaN,NaN,0,NaN,NaN,NaN,NaN,NaN,Scale-up,NaN,NaN,NaN,NaN,NaN,2025-06-16 20:44:00.284323,,
MPCLOVER,All,1580,2004-03-20 20:21:00,2008-07-18 13:22:00,43,43,5,38,8,35,33,2,0.011,0.03,0.005,0.038,0.036,0.027,1.056,0.268,0.878,52.632,Catch-up,26.316,0.914,0.785,0.715,0.875,2025-06-16 20:44:19.375471,,
MPCLOVER,Last100,0,2008-07-18 12:49:00,2008-07-18 13:22:00, , ,1,1,1,N/A,1,-1,NaN,NaN,NaN,NaN,0,NaN,NaN,NaN,NaN,NaN,Catch-up,NaN,NaN,NaN,NaN,NaN,2025-06-16 20:44:19.376467,,
MWEBSTART,All,3046,2005-08-17 06:20:00,2013-12-19 18:18:00,231,231,48,183,42,189,137,52,0.015,0.059,0.013,0.043,0.061,0.06,0.705,0.203,0.824,1209.302,Scale-up,23.256,0.894,0.941,0.954,0.897,2025-06-16 20:44:39.041152,,
MWEBSTART,Last100,54,2013-10-26 10:20:00,2013-12-19 18:18:00, , ,4,15,5,N/A,16,-3,0.144,0.237,0.048,0.331,0.333,0.28,0.994,0.378,0.874,157.1,Scale-up,3.021,0.78,0.84,0.773,0.653,2025-06-16 20:44:43.480640,,
MSHITTY,All,821,2007-11-17 19:00:00,2010-02-16 18:57:00,36,36,7,29,1,35,13,22,0.025,0.034,0,0.033,0.059,0.043,0.559,0.424,1.0,666.667,Scale-up,30.303,0.943,0.801,0,0.882,2025-06-16 20:45:00.316586,,
MSHITTY,Last100,0,2010-02-16 18:57:00,2010-02-16 18:57:00, , ,1,1,1,N/A,1,0,NaN,NaN,NaN,NaN,0,NaN,NaN,NaN,NaN,NaN,Scale-up,NaN,NaN,NaN,NaN,NaN,2025-06-16 20:45:00.318234,,
MSELENIUM,All,2356,2007-05-04 20:03:00,2013-10-16 06:49:00,75,75,16,59,20,55,45,10,0.007,0.027,0.006,0.018,0.028,0.021,0.643,0.206,0.824,555.556,Scale-up,55.556,0.826,0.901,0.823,0.84,2025-06-16 20:45:19.196538,,
MSELENIUM,Last100,41,2013-09-04 18:28:00,2013-10-16 06:49:00, , ,1,2,6,N/A,2,-5,NaN,NaN,0.073,1.0,0,-0.049,NaN,NaN,NaN,NaN,Scale-up,1.0,NaN,NaN,0.429,1.0,2025-06-16 20:45:19.198732,,
MRP,All,1103,2009-03-30 22:54:00,2012-04-07 07:25:00,128,128,8,120,0,128,22,106,0.018,0.092,0,0.025,0.11,0.097,0.227,0.164,1.0,4240.0,Scale-up,40.0,0.794,0.706,0,0.547,2025-06-16 20:45:36.069950,,
MRP,Last100,45,2012-02-21 22:49:00,2012-04-07 07:25:00, , ,1,11,1,N/A,1,10,NaN,0.135,0,NaN,0.135,0.135,NaN,NaN,NaN,NaN,Scale-up,NaN,NaN,0.317,0,NaN,2025-06-16 20:45:36.071942,,
REDBACK,All,2178,2006-09-13 09:10:00,2012-08-30 12:52:00,282,282,30,252,23,259,194,65,0.013,0.145,0.013,0.109,0.145,0.142,0.752,0.082,0.918,596.33,Scale-up,9.174,0.9,0.943,0.845,0.93,2025-06-16 20:45:55.260907,,
REDBACK,Last100,19,2012-08-10 18:59:00,2012-08-30 12:52:00, , ,1,1,1,N/A,1,1,NaN,NaN,NaN,NaN,0,0.075,NaN,NaN,NaN,NaN,Scale-up,NaN,NaN,NaN,NaN,NaN,2025-06-16 20:45:55.263433,,
QUAERE,All,1574,2007-09-21 21:34:00,2012-01-13 03:35:00,43,43,18,25,1,42,24,18,0.007,0.042,0,0.198,0.049,0.022,4.041,0.143,1.0,90.909,Catch-up,5.051,0.272,0.368,0,0.94,2025-06-16 20:46:12.192212,,
QUAERE,Last100,0,2012-01-13 03:35:00,2012-01-13 03:35:00, , ,1,1,1,N/A,1,0,NaN,NaN,NaN,NaN,0,NaN,NaN,NaN,NaN,NaN,Catch-up,NaN,NaN,NaN,NaN,NaN,2025-06-16 20:46:12.193214,,
MVEL,All,2543,2007-01-01 03:57:00,2013-12-19 00:05:00,294,294,28,266,46,248,189,59,0.017,0.116,0.032,0.117,0.101,0.11,1.158,0.128,0.759,504.274,Catch-up,8.547,0.865,0.946,0.975,0.919,2025-06-16 20:46:29.664011,,
MVEL,Last100,99,2013-09-10 02:08:00,2013-12-19 00:05:00, , ,1,5,1,N/A,1,4,NaN,0.041,NaN,NaN,0,0.041,NaN,NaN,NaN,NaN,Catch-up,NaN,NaN,0.92,NaN,NaN,2025-06-16 20:46:29.667003,,
QDOX,All,3548,2003-10-31 13:12:00,2013-07-19 02:05:00,193,193,29,164,31,162,158,4,0.008,0.052,0.01,0.053,0.05,0.05,1.06,0.133,0.833,75.472,Catch-up,18.868,0.941,0.986,0.942,0.914,2025-06-16 20:46:49.060170,,
QDOX,Last100,97,2013-04-12 19:24:00,2013-07-19 02:05:00, , ,1,2,2,N/A,1,-1,NaN,0.01,0.01,NaN,0.0,-0.0,NaN,NaN,NaN,NaN,Catch-up,NaN,NaN,1.0,1.0,NaN,2025-06-16 20:46:49.063162,,
PROM,All,1036,2007-04-26 03:14:00,2010-02-26 00:40:00,72,72,60,12,2,70,25,45,0.495,0.007,0.012,0.206,0.49,0.066,0.42,0.986,0.976,218.447,Scale-up,4.854,0.645,0.31,1.0,0.834,2025-06-16 20:47:06.527264,,
PROM,Last100,0,2010-02-26 00:40:00,2010-02-26 00:40:00, , ,1,1,1,N/A,1,0,NaN,NaN,NaN,NaN,0,NaN,NaN,NaN,NaN,NaN,Scale-up,NaN,NaN,NaN,NaN,NaN,2025-06-16 20:47:06.529048,,
PLXCOMP,All,3426,2004-07-29 16:58:00,2013-12-16 05:13:00,225,225,32,193,21,204,138,66,0.012,0.061,0.008,0.042,0.065,0.064,0.646,0.164,0.89,1571.429,Scale-up,23.81,0.875,0.992,0.938,0.984,2025-06-16 20:47:25.540233,,
PLXCOMP,Last100,79,2013-09-27 23:28:00,2013-12-16 05:13:00, , ,1,9,1,N/A,8,0,NaN,0.094,NaN,0.179,0,0.093,NaN,NaN,NaN,NaN,Scale-up,5.587,NaN,0.975,NaN,0.718,2025-06-16 20:47:25.543230,,
SERVICECONDUIT,All,213,2010-03-29 07:30:00,2010-10-29 05:55:00,30,30,25,5,0,30,13,17,0.091,0.018,0,0.043,0.109,0.111,0.394,0.835,1.0,395.349,Scale-up,23.256,0.879,0.819,0,0.856,2025-06-16 20:47:43.929888,,
SERVICECONDUIT,Last100,73,2010-08-16 15:54:00,2010-10-29 05:55:00, , ,8,3,1,N/A,8,2,0.09,0.116,0,0.105,0.20600000000000002,0.126,0.51,0.437,1.0,161.905,Scale-up,9.524,0.877,0.99,0,0.804,2025-06-16 20:47:47.573669,,
MSKINS,All,2516,2007-01-09 08:02:00,2013-11-29 13:07:00,87,87,24,63,4,83,72,11,0.015,0.03,0.043,0.034,0.002,0.042,17.0,0.333,0.044,323.529,Catch-up,29.412,0.756,0.555,0.718,0.592,2025-06-16 20:48:06.523402,,
MSKINS,Last100,98,2013-08-23 03:47:00,2013-11-29 13:07:00, , ,3,2,1,N/A,4,2,0.044,0.056,NaN,0.02,0.1,0.057,NaN,NaN,NaN,NaN,Catch-up,50.0,0.771,1.0,NaN,0.608,2025-06-16 20:48:06.526397,,
MSITE,All,3138,2005-05-12 21:21:00,2013-12-15 14:24:00,619,619,78,541,199,420,330,90,0.028,0.179,0.079,0.113,0.128,0.129,0.883,0.135,0.618,796.46,Scale-up,8.85,0.985,0.98,0.983,0.991,2025-06-16 20:48:25.840442,,
MSITE,Last100,93,2013-09-13 00:24:00,2013-12-15 14:24:00, , ,2,4,1,N/A,2,3,0.111,0.032,NaN,0.037,0.14300000000000002,0.049,NaN,NaN,NaN,NaN,Scale-up,27.027,1.0,0.996,NaN,1.0,2025-06-16 20:48:25.843847,,
PLXUTILS,All,3396,2004-08-03 09:13:00,2013-11-20 18:26:00,157,157,21,136,16,141,106,35,0.008,0.049,0.006,0.041,0.051,0.051,0.804,0.14,0.895,853.659,Scale-up,24.39,0.863,0.958,0.967,0.928,2025-06-16 20:48:45.096058,,
PLXUTILS,Last100,54,2013-09-27 04:36:00,2013-11-20 18:26:00, , ,1,2,1,N/A,1,0,NaN,0.018,NaN,NaN,0,0.018,NaN,NaN,NaN,NaN,Scale-up,NaN,NaN,1.0,NaN,NaN,2025-06-16 20:48:45.098057,,
MWAR,All,3025,2005-08-03 19:46:00,2013-11-15 10:55:00,297,297,40,257,101,196,134,62,0.013,0.09,0.035,0.043,0.068,0.067,0.632,0.126,0.66,1441.86,Scale-up,23.256,0.91,0.968,0.983,0.899,2025-06-16 20:49:04.175093,,
MWAR,Last100,97,2013-08-09 20:12:00,2013-11-15 10:55:00, , ,1,5,1,N/A,1,3,NaN,0.038,NaN,NaN,0,0.036,NaN,NaN,NaN,NaN,Scale-up,NaN,NaN,0.775,NaN,NaN,2025-06-16 20:49:04.178298,,
MSHARED,All,3042,2005-08-19 13:01:00,2013-12-18 07:35:00,299,299,62,237,18,281,205,76,0.022,0.089,0.007,0.083,0.104,0.103,0.798,0.198,0.937,915.663,Scale-up,12.048,0.965,0.992,0.948,0.993,2025-06-16 20:49:23.379628,,
MSHARED,Last100,99,2013-09-10 02:50:00,2013-12-18 07:35:00, , ,7,12,1,N/A,13,5,0.059,0.124,NaN,0.245,0.183,0.197,NaN,NaN,NaN,NaN,Scale-up,4.082,0.436,0.838,NaN,0.885,2025-06-16 20:49:23.382624,,
MRRESOURCES,All,2526,2006-12-14 23:50:00,2013-11-14 16:22:00,71,71,14,57,7,64,60,5,0.006,0.018,0.003,0.02,0.021,0.021,0.952,0.25,0.875,250.0,Scale-up,50.0,0.94,0.91,0.92,0.94,2025-06-16 20:49:42.142138,,
MRRESOURCES,Last100,98,2013-08-08 04:48:00,2013-11-14 16:22:00, , ,1,3,1,N/A,1,2,NaN,0.021,NaN,NaN,0,0.027,NaN,NaN,NaN,NaN,Scale-up,NaN,NaN,0.966,NaN,NaN,2025-06-16 20:49:42.144136,,
MTRUEZIP,All,1527,2009-02-02 18:13:00,2013-04-10 17:52:00,32,32,15,17,2,30,22,8,0.009,0.009,0,0.012,0.018,0.017,0.667,0.5,1.0,666.667,Scale-up,83.333,0.801,0.899,0,0.706,2025-06-16 20:49:59.100130,,
MTRUEZIP,Last100,39,2013-03-01 21:43:00,2013-04-10 17:52:00, , ,1,1,1,N/A,1,1,NaN,NaN,NaN,NaN,0,0.025,NaN,NaN,NaN,NaN,Scale-up,NaN,NaN,NaN,NaN,NaN,2025-06-16 20:49:59.102126,,
MUNIX,All,1631,2009-02-04 04:10:00,2013-07-24 20:50:00,52,52,14,38,3,49,27,22,0.006,0.02,0.004,0.015,0.022,0.024,0.682,0.231,0.846,1466.667,Scale-up,66.667,0.316,0.882,0.864,0.776,2025-06-16 20:50:16.843286,,
MUNIX,Last100,0,2013-07-24 20:11:00,2013-07-24 20:50:00, , ,1,3,1,N/A,1,2,NaN,1.5,NaN,NaN,0,1.5,NaN,NaN,NaN,NaN,Scale-up,NaN,NaN,0.75,NaN,NaN,2025-06-16 20:50:16.845287,,
MPMD,All,2982,2005-09-29 09:29:00,2013-11-29 06:30:00,173,173,32,141,32,141,120,21,0.011,0.044,0.011,0.037,0.044,0.043,0.841,0.2,0.8,567.568,Scale-up,27.027,0.962,0.981,0.971,0.972,2025-06-16 20:50:36.043361,,
MPMD,Last100,76,2013-09-13 19:55:00,2013-11-29 06:30:00, , ,1,5,1,N/A,2,2,NaN,0.048,NaN,NaN,0,0.048,NaN,NaN,NaN,NaN,Scale-up,NaN,NaN,0.888,NaN,NaN,2025-06-16 20:50:36.045360,,
PLJ,All,677,2004-04-10 08:24:00,2006-02-17 00:21:00,58,58,16,42,3,55,26,29,0.029,0.082,0.006,0.059,0.105,0.104,0.562,0.261,0.946,491.525,Scale-up,16.949,0.802,0.931,0.75,0.926,2025-06-16 20:50:53.203155,,
PLJ,Last100,0,2006-02-17 00:21:00,2006-02-17 00:21:00, , ,1,1,1,N/A,1,0,NaN,NaN,NaN,NaN,0,NaN,NaN,NaN,NaN,NaN,Scale-up,NaN,NaN,NaN,NaN,NaN,2025-06-16 20:50:53.204189,,
PICO,All,3464,2004-01-24 05:27:00,2013-07-19 13:24:00,217,217,44,173,19,198,157,41,0.02,0.05,0.005,0.046,0.065,0.059,0.708,0.286,0.929,891.304,Scale-up,21.739,0.947,0.954,0.851,0.939,2025-06-16 20:51:12.393664,,
PICO,Last100,84,2013-04-25 17:39:00,2013-07-19 13:24:00, , ,1,6,2,N/A,7,-4,NaN,0.091,0.029,0.1,0.062,0.041,NaN,NaN,NaN,NaN,Scale-up,10.0,NaN,0.9,1.0,0.893,2025-06-16 20:51:12.396330,,
PERFFORJ,All,1379,2009-01-01 11:27:00,2012-10-12 02:49:00,64,64,34,30,4,60,35,25,0.021,0.019,0.003,0.022,0.037,0.037,0.595,0.525,0.925,1136.364,Scale-up,45.455,0.818,0.836,0.854,0.751,2025-06-16 20:51:29.917547,,
PERFFORJ,Last100,92,2012-07-11 10:07:00,2012-10-12 02:49:00, , ,1,2,1,N/A,1,1,NaN,0.011,NaN,NaN,0,0.011,NaN,NaN,NaN,NaN,Scale-up,NaN,NaN,1.0,NaN,NaN,2025-06-16 20:51:29.919661,,
MRAR,All,2897,2005-11-25 13:46:00,2013-10-31 15:48:00,30,30,11,19,5,25,17,8,0.003,0.007,0.005,0.004,0.005,0.006,0.8,0.3,0.5,2000.0,Scale-up,250.0,0.925,0.741,0.904,0.86,2025-06-16 20:51:48.622776,,
MRAR,Last100,42,2013-09-18 22:54:00,2013-10-31 15:48:00, , ,2,1,1,N/A,2,-1,0.023,NaN,NaN,NaN,0,0.023,NaN,NaN,NaN,NaN,Scale-up,NaN,1.0,NaN,NaN,NaN,2025-06-16 20:51:48.625764,,
MWAS,All,2085,2008-01-25 02:03:00,2013-10-10 04:07:00,70,70,10,60,22,48,46,2,0.014,0.03,0.008,0.018,0.036,0.023,0.5,0.318,0.818,111.111,Scale-up,55.556,0.869,0.749,0.856,0.904,2025-06-16 20:52:07.603089,,
MWAS,Last100,50,2013-08-20 19:41:00,2013-10-10 04:07:00, , ,1,3,4,N/A,4,-6,NaN,0.035,0.947,2.0,-0.9119999999999999,-0.009,NaN,NaN,NaN,NaN,Scale-up,0.5,NaN,0.813,0.853,0.8,2025-06-16 20:52:07.606081,,
NEO,All,1122,2004-03-05 20:14:00,2007-04-02 04:58:00,63,63,15,48,7,56,34,22,0.028,0.048,0.011,0.047,0.065,0.062,0.723,0.368,0.855,468.085,Scale-up,21.277,0.928,0.983,0.92,0.963,2025-06-16 20:52:24.948261,,
NEO,Last100,32,2007-02-28 18:49:00,2007-04-02 04:58:00, , ,1,2,1,N/A,1,1,NaN,0.03,NaN,NaN,0,0.03,NaN,NaN,NaN,NaN,Scale-up,NaN,NaN,1.0,NaN,NaN,2025-06-16 20:52:24.950690,,
OAUTHSS,All,866,2008-06-06 05:25:00,2010-10-20 23:39:00,56,56,10,46,16,40,39,1,0.011,0.07,0.02,0.06,0.061,0.066,0.984,0.136,0.753,16.667,Start-up,16.667,0.87,0.975,0.714,0.989,2025-06-16 20:52:44.100975,,
OAUTHSS,Last100,43,2010-09-07 22:47:00,2010-10-20 23:39:00, , ,1,3,9,N/A,3,-9,NaN,0.064,0.375,0.188,-0.311,-0.153,NaN,NaN,NaN,NaN,Start-up,5.319,NaN,0.964,0.3,0.75,2025-06-16 20:52:44.103418,,
MPA,All,2667,2003-12-01 05:09:00,2011-03-21 08:35:00,94,94,79,15,7,87,83,4,0.054,0.009,0.003,0.048,0.06,0.05,0.8,0.857,0.952,83.333,Scale-up,20.833,0.697,0.913,0.814,0.716,2025-06-16 20:53:03.366099,,
MPA,Last100,1,2011-03-20 01:09:00,2011-03-21 08:35:00, , ,1,1,1,N/A,1,-1,NaN,NaN,NaN,NaN,0,NaN,NaN,NaN,NaN,NaN,Scale-up,NaN,NaN,NaN,NaN,NaN,2025-06-16 20:53:03.369241,,
MVERSIONS,All,1985,2008-07-07 22:34:00,2013-12-14 04:28:00,241,241,67,174,64,177,103,74,0.037,0.084,0.027,0.046,0.094,0.09,0.489,0.306,0.777,1608.696,Scale-up,21.739,0.943,0.983,0.932,0.885,2025-06-16 20:53:22.429040,,
MVERSIONS,Last100,98,2013-09-06 23:37:00,2013-12-14 04:28:00, , ,1,12,16,N/A,12,-16,NaN,0.113,4.0,0.311,-3.887,0.022,NaN,NaN,NaN,NaN,Scale-up,3.215,NaN,0.924,0.176,0.595,2025-06-16 20:53:22.432035,,
MXMLBEANS,All,2921,2005-09-27 06:37:00,2013-09-26 23:26:00,69,69,7,62,14,55,42,13,0.002,0.023,0.005,0.024,0.02,0.019,1.2,0.08,0.8,541.667,Catch-up,41.667,0.946,0.898,0.96,0.933,2025-06-16 20:53:39.996793,,
MXMLBEANS,Last100,0,2013-09-26 23:26:00,2013-09-26 23:26:00, , ,1,1,1,N/A,1,0,NaN,NaN,NaN,NaN,0,NaN,NaN,NaN,NaN,NaN,Catch-up,NaN,NaN,NaN,NaN,NaN,2025-06-16 20:53:39.998205,,
MWEBLOGIC,All,2447,2006-01-05 20:16:00,2012-09-18 00:33:00,39,39,7,32,7,32,28,4,0.003,0.016,0.003,0.011,0.016,0.016,0.688,0.158,0.842,363.636,Scale-up,90.909,0.974,0.966,0.911,0.837,2025-06-16 20:53:59.107115,,
MWEBLOGIC,Last100,3,2012-09-14 00:54:00,2012-09-18 00:33:00, , ,1,1,1,N/A,1,-1,NaN,NaN,NaN,NaN,0,NaN,NaN,NaN,NaN,NaN,Scale-up,NaN,NaN,NaN,NaN,NaN,2025-06-16 20:53:59.108750,,
MNG,All,3631,2004-01-09 07:36:00,2013-12-18 21:03:00,4318,4318,691,3627,1360,2958,2217,741,0.227,1.206,0.524,0.79,0.909,0.915,0.869,0.158,0.634,937.975,Scale-up,1.266,0.897,0.953,0.969,0.957,2025-06-16 20:54:21.138160,,
MNG,Last100,98,2013-09-11 03:29:00,2013-12-18 21:03:00, , ,2,39,9,N/A,7,24,0.059,0.343,0.077,0.066,0.325,0.264,0.203,0.147,0.808,11227.273,Scale-up,15.152,1.0,0.983,0.927,0.859,2025-06-16 20:54:25.578182,,
MSQL,All,2731,2006-06-19 06:41:00,2013-12-11 00:50:00,92,92,25,67,36,56,43,13,0.012,0.027,0.016,0.019,0.023,0.023,0.826,0.308,0.59,684.211,Scale-up,52.632,0.933,0.987,0.93,0.968,2025-06-16 20:54:43.299293,,
MSQL,Last100,5,2013-12-05 04:22:00,2013-12-11 00:50:00, , ,1,2,1,N/A,1,1,NaN,0.167,NaN,NaN,0,0.167,NaN,NaN,NaN,NaN,Scale-up,NaN,NaN,1.0,NaN,NaN,2025-06-16 20:54:43.301294,,
MTAGLIST,All,2098,2005-09-22 17:26:00,2011-06-21 21:29:00,56,56,10,46,6,50,34,16,0.007,0.022,0.006,0.024,0.023,0.024,1.043,0.241,0.793,666.667,Catch-up,41.667,0.924,0.979,0.429,0.972,2025-06-16 20:55:01.359538,,
MTAGLIST,Last100,87,2011-03-25 23:23:00,2011-06-21 21:29:00, , ,1,2,1,N/A,1,1,NaN,0.011,NaN,NaN,0,0.011,NaN,NaN,NaN,NaN,Catch-up,NaN,NaN,1.0,NaN,NaN,2025-06-16 20:55:01.361537,,
MSOURCES,All,2879,2005-12-05 04:26:00,2013-10-23 20:11:00,65,65,12,53,19,46,39,7,0.005,0.018,0.007,0.012,0.016,0.015,0.75,0.217,0.696,583.333,Scale-up,83.333,0.966,0.903,0.869,0.962,2025-06-16 20:55:20.518392,,
MSOURCES,Last100,0,2013-10-23 19:42:00,2013-10-23 20:11:00, , ,1,1,1,N/A,1,-1,NaN,NaN,NaN,NaN,0,NaN,NaN,NaN,NaN,NaN,Scale-up,NaN,NaN,NaN,NaN,NaN,2025-06-16 20:55:20.520049,,
MSONAR,All,1504,2009-11-05 18:09:00,2013-12-19 00:15:00,44,44,2,42,17,27,14,13,0.05,0.025,0.014,0.009,0.061,0.012,0.148,0.667,0.813,1444.444,Scale-up,111.111,1.0,0.871,0.905,0.921,2025-06-16 20:55:39.297340,,
MSONAR,Last100,93,2013-09-16 17:41:00,2013-12-19 00:15:00, , ,1,16,4,N/A,4,9,NaN,0.153,0.09,0.059,0.063,0.133,NaN,NaN,NaN,NaN,Scale-up,16.949,NaN,0.984,0.845,0.623,2025-06-16 20:55:39.300297,,
MSANDBOX,All,2122,2005-10-13 17:38:00,2011-08-06 02:31:00,39,39,10,29,5,34,19,15,0.004,0.021,0.005,0.018,0.02,0.02,0.9,0.16,0.8,833.333,Scale-up,55.556,0.762,0.731,0.87,0.801,2025-06-16 20:55:56.938447,,
MSANDBOX,Last100,0,2011-08-06 02:31:00,2011-08-06 02:31:00, , ,1,1,1,N/A,1,0,NaN,NaN,NaN,NaN,0,NaN,NaN,NaN,NaN,NaN,Scale-up,NaN,NaN,NaN,NaN,NaN,2025-06-16 20:55:56.940446,,
MRPM,All,2472,2007-02-15 21:29:00,2013-11-22 21:39:00,149,149,22,127,37,112,70,42,0.012,0.059,0.021,0.032,0.05,0.049,0.64,0.169,0.704,1312.5,Scale-up,31.25,0.827,0.974,0.871,0.817,2025-06-16 20:56:15.945172,,
MRPM,Last100,63,2013-09-20 03:22:00,2013-11-22 21:39:00, , ,1,5,1,N/A,1,2,NaN,0.05,NaN,NaN,0,0.047,NaN,NaN,NaN,NaN,Scale-up,NaN,NaN,0.911,NaN,NaN,2025-06-16 20:56:15.948169,,
MSHADE,All,2410,2007-04-25 19:46:00,2013-11-29 23:33:00,158,158,19,139,27,131,95,36,0.007,0.056,0.013,0.041,0.05,0.051,0.82,0.111,0.794,878.049,Scale-up,24.39,0.982,0.992,0.936,0.973,2025-06-16 20:56:35.131585,,
MSHADE,Last100,86,2013-09-04 03:05:00,2013-11-29 23:33:00, , ,1,6,1,N/A,1,5,NaN,0.046,NaN,NaN,0,0.052,NaN,NaN,NaN,NaN,Scale-up,NaN,NaN,0.89,NaN,NaN,2025-06-16 20:56:35.133579,,
MPTEST,All,1392,2004-04-30 02:02:00,2008-02-21 11:36:00,43,43,3,40,15,28,20,8,0.003,0.03,0.016,0.015,0.017,0.018,0.882,0.091,0.515,533.333,Scale-up,66.667,0.996,0.932,0.797,0.831,2025-06-16 20:56:54.036142,,
MPTEST,Last100,0,2008-02-21 11:26:00,2008-02-21 11:36:00, , ,1,1,1,N/A,1,-1,NaN,NaN,NaN,NaN,0,NaN,NaN,NaN,NaN,NaN,Scale-up,NaN,NaN,NaN,NaN,NaN,2025-06-16 20:56:54.037140,,
MRMIC,All,2382,2006-06-14 18:50:00,2012-12-22 03:54:00,33,33,6,27,3,30,30,0,0.078,0.011,0.001,0.011,0.088,0.011,0.125,0.876,0.989,0.0,Start-up,90.909,0.471,0.715,0.998,0.482,2025-06-16 20:57:12.605727,,
MRMIC,Last100,71,2012-10-12 00:57:00,2012-12-22 03:54:00, , ,1,2,1,N/A,2,-1,NaN,NaN,NaN,0.014,0,NaN,NaN,NaN,NaN,NaN,Start-up,71.429,NaN,NaN,NaN,1.0,2025-06-16 20:57:12.607721,,
MPH,All,2988,2005-08-04 03:35:00,2013-10-09 17:45:00,88,88,21,67,26,62,49,13,0.007,0.025,0.01,0.018,0.022,0.022,0.818,0.219,0.688,722.222,Scale-up,55.556,0.844,0.933,0.912,0.863,2025-06-16 20:57:32.011170,,
MPH,Last100,85,2013-07-15 23:23:00,2013-10-09 17:45:00, , ,1,2,1,N/A,1,0,NaN,0.012,NaN,NaN,0,0.006,NaN,NaN,NaN,NaN,Scale-up,NaN,NaN,1.0,NaN,NaN,2025-06-16 20:57:32.013165,,
MPDF,All,1737,2009-02-28 06:08:00,2013-12-02 02:08:00,55,55,10,45,8,47,36,11,0.005,0.026,0.005,0.021,0.026,0.026,0.808,0.161,0.839,523.81,Scale-up,47.619,0.874,0.857,0.944,0.827,2025-06-16 20:57:49.506801,,
MPDF,Last100,0,2013-12-02 02:08:00,2013-12-02 02:08:00, , ,1,1,1,N/A,1,0,NaN,NaN,NaN,NaN,0,NaN,NaN,NaN,NaN,NaN,Scale-up,NaN,NaN,NaN,NaN,NaN,2025-06-16 20:57:49.508798,,
MRELEASE,All,3024,2005-09-07 21:44:00,2013-12-19 03:24:00,836,836,74,762,262,574,309,265,0.026,0.26,0.09,0.099,0.196,0.201,0.505,0.091,0.685,2676.768,Scale-up,10.101,0.993,0.994,0.935,0.983,2025-06-16 20:58:09.063097,,
MRELEASE,Last100,90,2013-09-19 16:29:00,2013-12-19 03:24:00, , ,1,13,9,N/A,2,2,NaN,0.14,0.12,0.083,0.020000000000000018,0.054,NaN,NaN,NaN,NaN,Scale-up,12.048,NaN,0.985,0.951,1.0,2025-06-16 20:58:09.066089,,
MOJO,All,3074,2005-07-20 17:40:00,2013-12-20 01:27:00,988,988,253,735,182,806,511,295,0.079,0.249,0.071,0.176,0.257,0.257,0.685,0.241,0.784,1676.136,Scale-up,5.682,0.959,0.98,0.965,0.967,2025-06-16 20:58:29.001563,,
MOJO,Last100,99,2013-09-11 01:53:00,2013-12-20 01:27:00, , ,1,15,4,N/A,6,6,NaN,0.113,0.042,0.044,0.07100000000000001,0.073,NaN,NaN,NaN,NaN,Scale-up,22.727,NaN,0.846,0.893,0.726,2025-06-16 20:58:29.006550,,
MRESOURCES,All,3017,2005-08-26 14:41:00,2013-11-29 17:49:00,162,162,21,141,58,104,67,37,0.008,0.053,0.025,0.026,0.036,0.037,0.722,0.131,0.59,1423.077,Scale-up,38.462,0.989,0.992,0.955,0.959,2025-06-16 20:58:46.802311,,
MRESOURCES,Last100,0,2013-11-29 17:49:00,2013-11-29 17:49:00, , ,1,1,1,N/A,1,0,NaN,NaN,NaN,NaN,0,NaN,NaN,NaN,NaN,NaN,Scale-up,NaN,NaN,NaN,NaN,NaN,2025-06-16 20:58:46.803309,,
MRETRO,All,1470,2006-05-31 05:20:00,2010-06-09 07:07:00,36,36,8,28,1,35,22,13,0.009,0.02,0,0.028,0.029,0.027,0.966,0.31,1.0,464.286,Scale-up,35.714,0.931,0.914,0,0.869,2025-06-16 20:59:03.875761,,
MRETRO,Last100,0,2010-06-09 07:07:00,2010-06-09 07:07:00, , ,1,1,1,N/A,1,0,NaN,NaN,NaN,NaN,0,NaN,NaN,NaN,NaN,NaN,Scale-up,NaN,NaN,NaN,NaN,NaN,2025-06-16 20:59:03.878059,,
MPIR,All,2953,2005-08-27 05:15:00,2013-09-28 03:33:00,279,279,30,249,58,221,184,37,0.011,0.081,0.022,0.061,0.07,0.07,0.871,0.12,0.761,606.557,Scale-up,16.393,0.925,0.988,0.966,0.983,2025-06-16 20:59:22.943817,,
MPIR,Last100,88,2013-07-01 04:28:00,2013-09-28 03:33:00, , ,1,10,1,N/A,6,3,NaN,0.105,NaN,0.345,0,0.11,NaN,NaN,NaN,NaN,Scale-up,2.899,NaN,0.909,NaN,0.75,2025-06-16 20:59:22.946752,,
MPIDEA,All,928,2004-05-27 18:15:00,2006-12-12 14:48:00,42,42,6,36,13,29,18,11,0.013,0.046,0.018,0.02,0.041,0.035,0.488,0.22,0.695,550.0,Scale-up,50.0,0.903,0.895,0.788,0.61,2025-06-16 20:59:42.268823,,
MPIDEA,Last100,66,2006-10-07 01:05:00,2006-12-12 14:48:00, , ,1,2,1,N/A,1,0,NaN,0.015,NaN,NaN,0,0.015,NaN,NaN,NaN,NaN,Scale-up,NaN,NaN,1.0,NaN,NaN,2025-06-16 20:59:42.270819,,
MODELLO,All,3478,2004-04-13 11:49:00,2013-10-21 20:37:00,276,276,61,215,16,260,202,58,0.017,0.08,0.008,0.073,0.089,0.088,0.82,0.175,0.918,794.521,Scale-up,13.699,0.953,0.896,0.892,0.876,2025-06-16 21:00:02.758666,,
MODELLO,Last100,89,2013-07-24 16:56:00,2013-10-21 20:37:00, , ,1,4,1,N/A,4,-1,NaN,0.033,NaN,0.029,0,0.033,NaN,NaN,NaN,NaN,Scale-up,34.483,NaN,0.931,NaN,0.612,2025-06-16 21:00:02.762655,,
MPXDOC,All,1564,2004-01-22 21:32:00,2008-05-05 15:16:00,104,104,9,95,20,84,71,13,0.013,0.092,0.017,0.082,0.088,0.077,0.932,0.124,0.838,158.537,Scale-up,12.195,0.872,0.916,0.618,0.862,2025-06-16 21:00:22.425500,,
MPXDOC,Last100,24,2008-04-10 17:38:00,2008-05-05 15:16:00, , ,1,1,1,N/A,1,-1,NaN,NaN,NaN,NaN,0,-0.04,NaN,NaN,NaN,NaN,Scale-up,NaN,NaN,NaN,NaN,NaN,2025-06-16 21:00:22.427494,,
MPWAR,All,2221,2004-01-15 06:33:00,2010-02-13 17:33:00,39,39,9,30,13,26,19,7,0.011,0.018,0.013,0.012,0.016,0.017,0.75,0.379,0.552,583.333,Scale-up,83.333,0.923,0.746,0.907,0.51,2025-06-16 21:00:41.529472,,
MPWAR,Last100,1,2010-02-12 17:14:00,2010-02-13 17:33:00, , ,1,1,1,N/A,1,-1,NaN,NaN,NaN,NaN,0,NaN,NaN,NaN,NaN,NaN,Scale-up,NaN,NaN,NaN,NaN,NaN,2025-06-16 21:00:41.531465,,
MPLUGIN,All,3190,2005-02-27 13:57:00,2013-11-23 04:31:00,236,236,33,203,30,206,178,28,0.013,0.064,0.012,0.064,0.065,0.064,0.985,0.169,0.844,437.5,Scale-up,15.625,0.958,0.952,0.926,0.917,2025-06-16 21:00:58.869083,,
MPLUGIN,Last100,57,2013-09-27 00:17:00,2013-11-23 04:31:00, , ,1,4,1,N/A,1,3,NaN,0.035,NaN,NaN,0,0.035,NaN,NaN,NaN,NaN,Scale-up,NaN,NaN,0.614,NaN,NaN,2025-06-16 21:00:58.872869,,
MPPDF,All,1498,2004-05-18 17:09:00,2008-06-24 22:12:00,53,53,6,47,10,43,38,5,0.004,0.037,0.01,0.028,0.031,0.033,0.903,0.098,0.756,178.571,Scale-up,35.714,0.819,0.784,0.786,0.604,2025-06-16 21:01:17.705055,,
MPPDF,Last100,3,2008-06-21 18:14:00,2008-06-24 22:12:00, , ,1,1,1,N/A,1,-1,NaN,NaN,NaN,NaN,0,NaN,NaN,NaN,NaN,NaN,Scale-up,NaN,NaN,NaN,NaN,NaN,2025-06-16 21:01:17.707050,,
MPSCM,All,1140,2004-05-20 16:15:00,2007-07-05 07:24:00,68,68,16,52,24,44,32,12,0.027,0.05,0.023,0.041,0.054,0.046,0.759,0.351,0.701,292.683,Scale-up,24.39,0.944,0.893,0.929,0.89,2025-06-16 21:01:35.569847,,
MPSCM,Last100,0,2007-07-05 07:24:00,2007-07-05 07:24:00, , ,1,1,1,N/A,1,0,NaN,NaN,NaN,NaN,0,NaN,NaN,NaN,NaN,NaN,Scale-up,NaN,NaN,NaN,NaN,NaN,2025-06-16 21:01:35.570885,,
MPMULTIPROJECT,All,902,2004-03-26 19:30:00,2006-09-14 23:19:00,40,40,2,38,15,25,17,8,0.005,0.036,0.013,0.016,0.028,0.023,0.571,0.122,0.683,500.0,Scale-up,62.5,1.0,0.955,0.913,0.905,2025-06-16 21:01:54.510618,,
MPMULTIPROJECT,Last100,98,2006-06-08 06:29:00,2006-09-14 23:19:00, , ,1,7,4,N/A,3,1,NaN,0.087,0.043,0.25,0.044,0.043,NaN,NaN,NaN,NaN,Scale-up,4.0,NaN,0.847,0.987,0.75,2025-06-16 21:01:54.513437,,
MPCHECKSTYLE,All,1277,2004-01-08 22:14:00,2007-07-09 15:33:00,32,32,5,27,11,21,15,6,0.011,0.028,0.015,0.015,0.024,0.023,0.625,0.282,0.615,400.0,Scale-up,66.667,0.99,0.973,0.893,0.781,2025-06-16 21:02:12.368256,,
MPCHECKSTYLE,Last100,0,2007-07-09 15:33:00,2007-07-09 15:33:00, , ,1,1,1,N/A,1,0,NaN,NaN,NaN,NaN,0,NaN,NaN,NaN,NaN,NaN,Scale-up,NaN,NaN,NaN,NaN,NaN,2025-06-16 21:02:12.370256,,
MNGFAQ,All,824,2005-12-10 01:58:00,2008-03-13 18:28:00,93,93,12,81,2,91,67,25,0.008,0.216,0.2,1.097,0.024,0.103,45.708,0.036,0.107,22.789,Plan-up,0.912,0.255,0.175,1.0,0.576,2025-06-16 21:02:29.962920,,
MNGFAQ,Last100,0,2008-03-13 18:28:00,2008-03-13 18:28:00, , ,1,1,1,N/A,1,0,NaN,NaN,NaN,NaN,0,NaN,NaN,NaN,NaN,NaN,Plan-up,NaN,NaN,NaN,NaN,NaN,2025-06-16 21:02:29.964945,,
MPECLIPSE,All,1913,2004-05-02 01:49:00,2009-07-28 20:55:00,93,93,13,80,39,54,37,17,0.019,0.065,0.028,0.037,0.056,0.045,0.661,0.226,0.667,459.459,Scale-up,27.027,0.726,0.77,0.764,0.93,2025-06-16 21:02:49.222594,,
MPECLIPSE,Last100,0,2009-07-28 20:32:00,2009-07-28 20:55:00, , ,1,1,1,N/A,1,-1,NaN,NaN,NaN,NaN,0,NaN,NaN,NaN,NaN,NaN,Scale-up,NaN,NaN,NaN,NaN,NaN,2025-06-16 21:02:49.224186,,
MPEAR,All,1981,2003-11-24 23:02:00,2009-04-28 03:12:00,30,30,5,25,8,22,16,6,0.006,0.014,0.003,0.021,0.017,0.01,1.235,0.3,0.85,285.714,Catch-up,47.619,0.562,0.477,0.526,0.692,2025-06-16 21:03:08.245268,,
MPEAR,Last100,0,2009-04-27 04:52:00,2009-04-28 03:12:00, , ,1,1,1,N/A,1,-1,NaN,NaN,NaN,NaN,0,NaN,NaN,NaN,NaN,NaN,Catch-up,NaN,NaN,NaN,NaN,NaN,2025-06-16 21:03:08.246594,,
MPJAR,All,1323,2003-12-17 02:33:00,2007-08-01 16:34:00,30,30,4,26,9,21,12,9,0.042,0.025,0.01,0.013,0.057,0.023,0.228,0.627,0.851,692.308,Scale-up,76.923,0.934,0.821,0.607,0.921,2025-06-16 21:03:25.687787,,
MPJAR,Last100,0,2007-08-01 16:34:00,2007-08-01 16:34:00, , ,1,1,1,N/A,1,0,NaN,NaN,NaN,NaN,0,NaN,NaN,NaN,NaN,NaN,Scale-up,NaN,NaN,NaN,NaN,NaN,2025-06-16 21:03:25.688795,,
MPJAVADOC,All,1072,2004-05-14 04:54:00,2007-04-22 02:25:00,43,43,6,37,8,35,27,8,0.004,0.041,0.009,0.026,0.036,0.036,0.722,0.089,0.8,307.692,Scale-up,38.462,0.786,0.75,0.803,0.713,2025-06-16 21:03:44.895599,,
MPJAVADOC,Last100,9,2007-04-13 01:51:00,2007-04-22 02:25:00, , ,1,1,1,N/A,1,0,NaN,NaN,NaN,NaN,0,0.111,NaN,NaN,NaN,NaN,Scale-up,NaN,NaN,NaN,NaN,NaN,2025-06-16 21:03:44.898592,,
MPDASHBOARD,All,1652,2003-11-19 01:41:00,2008-05-28 22:57:00,36,36,11,25,9,27,22,5,0.017,0.018,0.006,0.029,0.029,0.02,1.0,0.486,0.829,172.414,Catch-up,34.483,0.934,0.809,0.717,0.943,2025-06-16 21:04:04.222137,,
MPDASHBOARD,Last100,0,2008-05-28 16:04:00,2008-05-28 22:57:00, , ,1,1,1,N/A,1,-1,NaN,NaN,NaN,NaN,0,NaN,NaN,NaN,NaN,NaN,Catch-up,NaN,NaN,NaN,NaN,NaN,2025-06-16 21:04:04.223136,,
MPCRUISECONTROL,All,718,2004-05-17 16:42:00,2006-05-06 04:51:00,34,34,9,25,4,30,23,7,0.019,0.044,0.008,0.025,0.055,0.048,0.455,0.302,0.873,280.0,Scale-up,40.0,0.944,0.936,0.751,0.817,2025-06-16 21:04:21.925545,,
MPCRUISECONTROL,Last100,72,2006-02-22 15:15:00,2006-05-06 04:51:00, , ,1,1,3,N/A,4,-6,NaN,NaN,0.025,0.176,0,-0.025,NaN,NaN,NaN,NaN,Scale-up,5.682,NaN,NaN,0.75,0.72,2025-06-16 21:04:21.928315,,
MPCHANGELOG,All,1258,2003-12-06 20:25:00,2007-05-17 23:16:00,54,54,8,46,14,40,29,11,0.01,0.045,0.015,0.035,0.04,0.035,0.875,0.182,0.727,314.286,Scale-up,28.571,0.946,0.93,0.624,0.943,2025-06-16 21:04:40.845266,,
MPCHANGELOG,Last100,99,2007-02-07 04:04:00,2007-05-17 23:16:00, , ,1,2,1,N/A,1,0,NaN,0.01,NaN,NaN,0,0.005,NaN,NaN,NaN,NaN,Scale-up,NaN,NaN,1.0,NaN,NaN,2025-06-16 21:04:40.847265,,
MPARTIFACT,All,1252,2003-12-11 18:02:00,2007-05-17 03:46:00,64,64,8,56,16,48,46,2,0.006,0.051,0.013,0.036,0.044,0.037,0.818,0.105,0.772,55.556,Scale-up,27.778,0.955,0.843,0.776,0.857,2025-06-16 21:04:59.953307,,
MPARTIFACT,Last100,65,2007-03-12 19:34:00,2007-05-17 03:46:00, , ,1,1,2,N/A,7,-6,NaN,NaN,0.031,0.158,0,0.016,NaN,NaN,NaN,NaN,Scale-up,6.329,NaN,NaN,1.0,0.56,2025-06-16 21:04:59.956283,,
MOPENJPA,All,996,2008-04-22 07:21:00,2011-01-14 00:43:00,33,33,10,23,7,26,25,1,0.01,0.022,0.011,0.032,0.021,0.025,1.524,0.312,0.656,31.25,Catch-up,31.25,0.873,0.947,0.935,0.882,2025-06-16 21:05:18.846277,,
MOPENJPA,Last100,63,2010-11-11 08:26:00,2011-01-14 00:43:00, , ,1,2,3,N/A,2,-2,NaN,0.016,0.047,NaN,-0.031,-0.037,NaN,NaN,NaN,NaN,Catch-up,NaN,NaN,1.0,0.75,NaN,2025-06-16 21:05:18.849270,,
MAVENUPLOAD,All,3382,2004-05-12 14:24:00,2013-08-16 02:04:00,2680,2680,1762,918,548,2132,2130,2,1.054,0.487,0.225,1.121,1.316,1.077,0.852,0.684,0.854,1.784,Start-up,0.892,0.928,0.872,0.983,0.987,2025-06-16 21:05:40.133656,,
MAVENUPLOAD,Last100,0,2013-08-15 05:06:00,2013-08-16 02:04:00, , ,1,1,1,N/A,1,-1,NaN,NaN,NaN,NaN,0,NaN,NaN,NaN,NaN,NaN,Start-up,NaN,NaN,NaN,NaN,NaN,2025-06-16 21:05:40.138849,,
MODFORJ,All,911,2009-02-19 20:34:00,2011-08-19 21:04:00,222,222,60,162,17,205,115,90,0.083,0.215,0.019,0.146,0.279,0.261,0.523,0.279,0.936,616.438,Scale-up,6.849,0.825,0.816,0.723,0.91,2025-06-16 21:05:59.167010,,
MODFORJ,Last100,83,2011-05-28 06:28:00,2011-08-19 21:04:00, , ,1,2,1,N/A,3,0,NaN,0.021,NaN,0.023,0,0.001,NaN,NaN,NaN,NaN,Scale-up,43.478,NaN,1.0,NaN,0.964,2025-06-16 21:05:59.170008,,
MNGBOOK,All,2029,2005-10-27 04:39:00,2011-05-18 16:04:00,63,63,14,49,2,61,30,31,0.064,0.362,0.001,0.12,0.425,0.029,0.282,0.15,0.998,258.333,Scale-up,8.333,0.893,0.389,1.0,0.831,2025-06-16 21:06:16.986969,,
MNGBOOK,Last100,0,2011-05-18 16:04:00,2011-05-18 16:04:00, , ,1,1,1,N/A,1,0,NaN,NaN,NaN,NaN,0,NaN,NaN,NaN,NaN,NaN,Scale-up,NaN,NaN,NaN,NaN,NaN,2025-06-16 21:06:16.987966,,
MNBMODULE,All,2720,2006-07-05 23:30:00,2013-12-16 23:05:00,221,221,24,197,53,168,146,22,0.009,0.086,0.03,0.063,0.065,0.07,0.969,0.095,0.684,349.206,Scale-up,15.873,0.977,0.959,0.929,0.971,2025-06-16 21:06:35.821838,,
MNBMODULE,Last100,44,2013-11-02 00:32:00,2013-12-16 23:05:00, , ,2,7,3,N/A,4,1,0.067,0.12,0.043,0.102,0.14400000000000002,0.126,0.708,0.358,0.77,215.686,Scale-up,9.804,1.0,0.821,0.844,0.94,2025-06-16 21:06:40.022981,,
MERCURY,All,594,2008-06-02 01:52:00,2010-01-18 01:47:00,109,109,41,68,5,104,69,35,0.134,0.211,0.036,0.233,0.309,0.324,0.754,0.388,0.896,150.215,Scale-up,4.292,0.977,0.741,0.967,0.816,2025-06-16 21:06:59.254674,,
MERCURY,Last100,0,2010-01-18 01:44:00,2010-01-18 01:47:00, , ,1,1,1,N/A,1,-1,NaN,NaN,NaN,NaN,0,NaN,NaN,NaN,NaN,NaN,Scale-up,NaN,NaN,NaN,NaN,NaN,2025-06-16 21:06:59.255612,,
MNGSITE,All,3068,2005-07-21 00:05:00,2013-12-14 04:44:00,173,173,19,154,28,145,95,50,0.006,0.057,0.015,0.04,0.048,0.05,0.833,0.095,0.762,1250.0,Scale-up,25.0,0.943,0.986,0.965,0.976,2025-06-16 21:07:19.081089,,
MNGSITE,Last100,91,2013-09-13 04:52:00,2013-12-14 04:44:00, , ,1,6,1,N/A,1,5,NaN,0.047,NaN,NaN,0,0.047,NaN,NaN,NaN,NaN,Scale-up,NaN,NaN,0.896,NaN,NaN,2025-06-16 21:07:19.084080,,
MBUILDHELPER,All,2765,2006-03-22 05:52:00,2013-10-16 23:24:00,58,58,25,33,15,43,33,10,0.011,0.015,0.009,0.015,0.017,0.018,0.882,0.423,0.654,666.667,Scale-up,66.667,0.928,0.88,0.944,0.955,2025-06-16 21:07:39.135821,,
MBUILDHELPER,Last100,0,2013-10-16 23:24:00,2013-10-16 23:24:00, , ,1,1,1,N/A,1,0,NaN,NaN,NaN,NaN,0,NaN,NaN,NaN,NaN,NaN,Scale-up,NaN,NaN,NaN,NaN,NaN,2025-06-16 21:07:39.138015,,
MHIBERNATE,All,2765,2005-09-28 19:29:00,2013-04-25 13:49:00,113,113,14,99,32,81,67,14,0.005,0.041,0.017,0.03,0.029,0.031,1.034,0.109,0.63,466.667,Catch-up,33.333,0.842,0.941,0.944,0.944,2025-06-16 21:07:57.756239,,
MHIBERNATE,Last100,83,2013-02-01 01:17:00,2013-04-25 13:49:00, , ,1,2,1,N/A,1,1,NaN,0.012,NaN,NaN,0,0.018,NaN,NaN,NaN,NaN,Catch-up,NaN,NaN,1.0,NaN,NaN,2025-06-16 21:07:57.762205,,
MGROOVY,All,1055,2006-06-28 06:11:00,2009-05-18 19:08:00,164,164,31,133,31,133,133,0,0.055,0.17,0.041,0.175,0.184,0.173,0.951,0.244,0.818,0.0,Start-up,5.714,0.726,0.975,0.954,0.966,2025-06-16 21:08:16.832019,,
MGROOVY,Last100,93,2009-02-13 23:15:00,2009-05-18 19:08:00, , ,1,9,7,N/A,11,-8,NaN,0.065,0.064,0.075,0.0010000000000000009,-0.014,NaN,NaN,NaN,NaN,Start-up,13.333,NaN,0.584,0.477,0.354,2025-06-16 21:08:16.835984,,
MINDEXER,All,971,2010-12-04 06:53:00,2013-08-02 05:43:00,76,76,12,64,3,73,51,22,0.008,0.068,0.003,0.053,0.073,0.072,0.726,0.105,0.961,415.094,Scale-up,18.868,0.655,0.949,0.81,0.958,2025-06-16 21:08:34.215536,,
MINDEXER,Last100,0,2013-08-02 05:13:00,2013-08-02 05:43:00, , ,2,1,1,N/A,1,2,1.0,NaN,NaN,NaN,0,1.5,NaN,NaN,NaN,NaN,Scale-up,NaN,1.0,NaN,NaN,NaN,2025-06-16 21:08:34.217533,,
MEV,All,2369,2004-12-14 05:07:00,2011-06-10 22:58:00,654,654,79,575,231,423,423,0,0.072,0.293,0.096,0.178,0.269,0.194,0.662,0.197,0.737,0.0,Start-up,5.618,0.831,0.772,0.794,0.707,2025-06-16 21:08:53.651300,,
MEV,Last100,49,2011-04-22 18:28:00,2011-06-10 22:58:00, , ,1,1,1,N/A,1,-1,NaN,NaN,NaN,NaN,0,-0.02,NaN,NaN,NaN,NaN,Start-up,NaN,NaN,NaN,NaN,NaN,2025-06-16 21:08:53.654296,,
MJAVACC,All,2086,2005-09-28 20:39:00,2011-06-16 18:24:00,95,95,25,70,7,88,84,4,0.026,0.041,0.006,0.072,0.061,0.057,1.18,0.388,0.91,55.556,Catch-up,13.889,0.607,0.789,0.506,0.639,2025-06-16 21:09:11.114087,,
MJAVACC,Last100,65,2011-04-11 19:28:00,2011-06-16 18:24:00, , ,1,2,1,N/A,1,1,NaN,0.015,NaN,NaN,0,0.015,NaN,NaN,NaN,NaN,Catch-up,NaN,NaN,1.0,NaN,NaN,2025-06-16 21:09:11.116080,,
MJAR,All,2962,2005-10-03 10:16:00,2013-11-12 16:10:00,160,160,29,131,46,114,74,40,0.009,0.041,0.02,0.022,0.03,0.032,0.733,0.18,0.6,1818.182,Scale-up,45.455,0.912,0.903,0.902,0.825,2025-06-16 21:09:29.852866,,
MJAR,Last100,91,2013-08-12 20:33:00,2013-11-12 16:10:00, , ,2,3,1,N/A,4,0,0.25,0.023,NaN,0.052,0.273,0.037,NaN,NaN,NaN,NaN,Scale-up,19.231,1.0,0.99,NaN,0.786,2025-06-16 21:09:29.855863,,
MJAVADOC,All,3208,2005-03-04 09:14:00,2013-12-15 14:20:00,374,374,42,332,100,274,230,44,0.015,0.111,0.036,0.081,0.09,0.089,0.9,0.119,0.714,543.21,Scale-up,12.346,0.967,0.959,0.967,0.917,2025-06-16 21:09:48.747145,,
MJAVADOC,Last100,89,2013-09-17 13:43:00,2013-12-15 14:20:00, , ,1,6,1,N/A,2,3,NaN,0.052,NaN,0.02,0,0.052,NaN,NaN,NaN,NaN,Scale-up,50.0,NaN,0.843,NaN,1.0,2025-06-16 21:09:48.750310,,
MINVOKER,All,2629,2006-10-03 22:59:00,2013-12-15 14:27:00,157,157,52,105,18,139,120,19,0.02,0.041,0.007,0.048,0.054,0.055,0.889,0.328,0.885,395.833,Scale-up,20.833,0.905,0.942,0.959,0.854,2025-06-16 21:10:08.010995,,
MINVOKER,Last100,64,2013-10-11 22:29:00,2013-12-15 14:27:00, , ,1,4,1,N/A,1,1,NaN,0.041,NaN,NaN,0,0.026,NaN,NaN,NaN,NaN,Scale-up,NaN,NaN,0.949,NaN,NaN,2025-06-16 21:10:08.012990,,
MCHANGES,All,2993,2005-09-01 17:17:00,2013-11-12 06:55:00,318,318,70,248,56,262,196,66,0.026,0.082,0.022,0.069,0.086,0.086,0.802,0.241,0.796,956.522,Scale-up,14.493,0.976,0.996,0.943,0.989,2025-06-16 21:10:25.542013,,
MCHANGES,Last100,77,2013-08-27 02:23:00,2013-11-12 06:55:00, , ,1,6,1,N/A,1,6,NaN,0.056,NaN,NaN,0,0.065,NaN,NaN,NaN,NaN,Scale-up,NaN,NaN,0.818,NaN,NaN,2025-06-16 21:10:25.545010,,
MJS,All,1766,2007-11-27 16:47:00,2012-09-27 21:01:00,48,48,9,39,12,36,16,20,0.005,0.019,0.005,0.006,0.019,0.018,0.316,0.208,0.792,3333.333,Scale-up,166.667,0.953,0.872,0.91,0.821,2025-06-16 21:10:44.601535,,
MJS,Last100,37,2012-08-21 01:32:00,2012-09-27 21:01:00, , ,1,1,2,N/A,1,-2,NaN,NaN,0.027,NaN,0,-0.041,NaN,NaN,NaN,NaN,Scale-up,NaN,NaN,NaN,1.0,NaN,2025-06-16 21:10:44.603954,,
MJBOSS,All,2771,2005-11-09 05:29:00,2013-06-11 14:20:00,66,66,12,54,6,60,49,11,0.005,0.022,0.012,0.022,0.015,0.024,1.467,0.185,0.556,500.0,Catch-up,45.455,0.895,0.895,0.927,0.868,2025-06-16 21:11:02.427044,,
MJBOSS,Last100,0,2013-06-11 14:20:00,2013-06-11 14:20:00, , ,1,1,1,N/A,1,0,NaN,NaN,NaN,NaN,0,NaN,NaN,NaN,NaN,NaN,Catch-up,NaN,NaN,NaN,NaN,NaN,2025-06-16 21:11:02.428047,,
MKEYTOOL,All,2777,2006-05-11 06:39:00,2013-12-18 06:32:00,30,30,12,18,2,28,27,1,0.004,0.007,0,0.009,0.011,0.009,0.818,0.364,1.0,111.111,Scale-up,111.111,0.578,0.876,0,0.717,2025-06-16 21:11:20.764441,,
MKEYTOOL,Last100,39,2013-11-09 02:49:00,2013-12-18 06:32:00, , ,4,1,1,N/A,4,-1,0.055,NaN,NaN,0.057,0,0.055,NaN,NaN,NaN,NaN,Scale-up,17.544,0.847,NaN,NaN,0.6,2025-06-16 21:11:20.766755,,
MJNCSS,All,2222,2005-12-06 04:25:00,2012-01-07 00:52:00,48,48,7,41,0,48,35,13,0.003,0.018,0,0.019,0.021,0.022,0.905,0.143,1.0,684.211,Scale-up,52.632,0.923,0.89,0,0.895,2025-06-16 21:11:37.589535,,
MJNCSS,Last100,0,2012-01-07 00:52:00,2012-01-07 00:52:00, , ,1,1,1,N/A,1,0,NaN,NaN,0,NaN,0,NaN,NaN,NaN,NaN,NaN,Scale-up,NaN,NaN,NaN,0,NaN,2025-06-16 21:11:37.590532,,
MINSTALL,All,2956,2005-10-06 22:37:00,2013-11-09 23:25:00,99,99,20,79,37,62,50,12,0.008,0.023,0.01,0.014,0.021,0.019,0.667,0.258,0.677,857.143,Scale-up,71.429,0.942,0.955,0.97,0.94,2025-06-16 21:12:01.571891,,
MINSTALL,Last100,99,2013-08-02 02:23:00,2013-11-09 23:25:00, , ,1,8,2,N/A,4,1,NaN,0.072,0.032,0.078,0.039999999999999994,0.054,NaN,NaN,NaN,NaN,Scale-up,12.821,NaN,0.812,1.0,0.936,2025-06-16 21:12:01.575631,,
MLICENSE,All,1044,2011-01-16 17:24:00,2013-11-25 21:41:00,89,89,12,77,8,81,57,24,0.016,0.075,0.013,0.069,0.078,0.078,0.885,0.176,0.857,347.826,Scale-up,14.493,0.912,0.981,0.907,0.969,2025-06-16 21:12:19.389020,,
MLICENSE,Last100,72,2013-09-13 23:03:00,2013-11-25 21:41:00, , ,1,10,1,N/A,1,9,NaN,0.089,NaN,NaN,0,0.089,NaN,NaN,NaN,NaN,Scale-up,NaN,NaN,0.858,NaN,NaN,2025-06-16 21:12:19.391471,,
MJSPC,All,2725,2005-11-19 00:58:00,2013-05-06 14:23:00,54,54,9,45,10,44,34,10,0.003,0.015,0.003,0.009,0.015,0.015,0.6,0.167,0.833,1111.111,Scale-up,111.111,0.728,0.91,0.857,0.832,2025-06-16 21:12:37.051712,,
MJSPC,Last100,0,2013-05-06 14:23:00,2013-05-06 14:23:00, , ,1,1,1,N/A,1,0,NaN,NaN,NaN,NaN,0,NaN,NaN,NaN,NaN,NaN,Scale-up,NaN,NaN,NaN,NaN,NaN,2025-06-16 21:12:37.052883,,
MJAXB,All,2752,2006-03-19 04:19:00,2013-09-30 15:09:00,77,77,9,68,13,64,49,15,0.003,0.023,0.007,0.016,0.019,0.022,0.842,0.115,0.731,937.5,Scale-up,62.5,0.681,0.912,0.821,0.804,2025-06-16 21:12:56.002846,,
MJAXB,Last100,74,2013-07-18 00:48:00,2013-09-30 15:09:00, , ,1,3,1,N/A,1,2,NaN,0.025,NaN,NaN,0,0.025,NaN,NaN,NaN,NaN,Scale-up,NaN,NaN,0.932,NaN,NaN,2025-06-16 21:12:56.005836,,
MJBOSSPACK,All,2778,2006-01-26 20:29:00,2013-09-05 19:07:00,50,50,9,41,8,42,35,7,0.003,0.017,0.005,0.021,0.015,0.015,1.4,0.15,0.75,333.333,Catch-up,47.619,0.807,0.932,0.764,0.892,2025-06-16 21:13:13.372208,,
MJBOSSPACK,Last100,99,2013-05-28 20:39:00,2013-09-05 19:07:00, , ,1,1,1,N/A,1,1,NaN,NaN,NaN,NaN,0,0.01,NaN,NaN,NaN,NaN,Catch-up,NaN,NaN,NaN,NaN,NaN,2025-06-16 21:13:13.374598,,
MFINDBUGS,All,2904,2005-12-13 18:46:00,2013-11-26 13:31:00,184,184,26,158,57,127,125,2,0.009,0.062,0.022,0.05,0.049,0.049,1.02,0.127,0.69,40.0,Catch-up,20.0,0.975,0.989,0.961,0.989,2025-06-16 21:13:32.366610,,
MFINDBUGS,Last100,51,2013-10-06 01:11:00,2013-11-26 13:31:00, , ,1,3,3,N/A,2,-1,NaN,0.034,0.167,0.1,-0.133,0.021,NaN,NaN,NaN,NaN,Catch-up,10.0,NaN,0.812,0.75,1.0,2025-06-16 21:13:32.369606,,
MFITNESSE,All,2027,2007-02-26 07:51:00,2012-09-14 07:53:00,43,43,11,32,5,38,30,8,0.004,0.014,0.002,0.012,0.016,0.014,0.75,0.222,0.889,666.667,Scale-up,83.333,0.834,0.798,0.794,0.67,2025-06-16 21:13:51.089892,,
MFITNESSE,Last100,45,2012-07-30 19:44:00,2012-09-14 07:53:00, , ,2,2,2,N/A,3,-2,1.0,0.042,NaN,1.5,1.042,-0.001,NaN,NaN,NaN,NaN,Scale-up,0.667,1.0,1.0,NaN,0.75,2025-06-16 21:13:51.091888,,
MEVENIDE,All,2661,2004-04-10 18:28:00,2011-07-25 12:24:00,648,648,93,555,177,471,378,93,0.069,0.314,0.07,0.226,0.313,0.264,0.722,0.18,0.817,411.504,Scale-up,4.425,0.78,0.963,0.956,0.971,2025-06-16 21:14:09.207805,,
MEVENIDE,Last100,0,2011-07-25 12:24:00,2011-07-25 12:24:00, , ,1,1,1,N/A,1,0,NaN,NaN,NaN,NaN,0,NaN,NaN,NaN,NaN,NaN,Scale-up,NaN,NaN,NaN,NaN,NaN,2025-06-16 21:14:09.209800,,
MENFORCER,All,2834,2006-03-07 09:27:00,2013-12-09 22:29:00,163,163,46,117,43,120,94,26,0.016,0.045,0.015,0.034,0.046,0.046,0.739,0.262,0.754,764.706,Scale-up,29.412,0.972,0.982,0.966,0.971,2025-06-16 21:14:27.761780,,
MENFORCER,Last100,90,2013-09-10 21:47:00,2013-12-09 22:29:00, , ,1,4,2,N/A,1,4,NaN,0.033,0.034,NaN,-0.0010000000000000009,0.034,NaN,NaN,NaN,NaN,Scale-up,NaN,NaN,0.795,1.0,NaN,2025-06-16 21:14:27.764524,,
KOLJA,All,855,2006-09-04 06:02:00,2009-01-06 06:40:00,44,44,8,36,1,43,31,12,0.009,0.033,0,0.029,0.042,0.042,0.69,0.214,1.0,413.793,Scale-up,34.483,0.773,0.832,0,0.834,2025-06-16 21:14:45.991003,,
KOLJA,Last100,3,2009-01-03 02:21:00,2009-01-06 06:40:00, , ,1,4,1,N/A,4,-1,NaN,0.667,NaN,0.815,0,0.667,NaN,NaN,NaN,NaN,Scale-up,1.227,NaN,0.8,NaN,0.896,2025-06-16 21:14:45.993999,,
MDEPLOY,All,2983,2005-10-13 04:29:00,2013-12-13 16:49:00,154,154,24,130,76,78,50,28,0.007,0.04,0.022,0.014,0.025,0.024,0.56,0.149,0.532,2000.0,Scale-up,71.429,0.99,0.966,0.974,0.968,2025-06-16 21:15:06.662356,,
MDEPLOY,Last100,93,2013-09-10 22:13:00,2013-12-13 16:49:00, , ,2,9,15,N/A,6,-11,0.014,0.078,1.324,0.078,-1.232,-0.013,-0.063,0.152,-13.391,358.974,Scale-up,12.821,1.0,0.828,0.87,0.894,2025-06-16 21:15:11.064774,,
MCOMPILER,All,3410,2004-08-15 12:31:00,2013-12-16 17:30:00,209,209,21,188,56,153,81,72,0.007,0.057,0.019,0.024,0.045,0.045,0.533,0.109,0.703,3000.0,Scale-up,41.667,0.975,0.995,0.976,0.964,2025-06-16 21:15:30.275971,,
MCOMPILER,Last100,95,2013-09-11 21:53:00,2013-12-16 17:30:00, , ,1,5,1,N/A,1,2,NaN,0.032,NaN,NaN,0,0.029,NaN,NaN,NaN,NaN,Scale-up,NaN,NaN,0.884,NaN,NaN,2025-06-16 21:15:30.278163,,
MCOBERTURA,All,2942,2005-11-21 05:55:00,2013-12-11 19:41:00,179,179,14,165,58,121,73,48,0.005,0.052,0.018,0.027,0.039,0.04,0.692,0.088,0.684,1777.778,Scale-up,37.037,0.937,0.972,0.937,0.961,2025-06-16 21:15:48.099552,,
MCOBERTURA,Last100,78,2013-09-23 21:16:00,2013-12-11 19:41:00, , ,1,5,1,N/A,1,4,NaN,0.042,NaN,NaN,0,0.042,NaN,NaN,NaN,NaN,Scale-up,NaN,NaN,0.804,NaN,NaN,2025-06-16 21:15:48.102543,,
MCHECKSTYLE,All,3066,2005-07-14 06:50:00,2013-12-06 06:46:00,193,193,21,172,36,157,115,42,0.006,0.051,0.012,0.033,0.045,0.046,0.733,0.105,0.789,1272.727,Scale-up,30.303,0.945,0.98,0.968,0.969,2025-06-16 21:16:07.753669,,
MCHECKSTYLE,Last100,59,2013-10-07 08:59:00,2013-12-06 06:46:00, , ,1,7,1,N/A,7,-1,NaN,0.097,NaN,0.143,0,0.094,NaN,NaN,NaN,NaN,Scale-up,6.993,NaN,0.937,NaN,0.4,2025-06-16 21:16:07.756661,,
MGWT,All,1998,2008-06-24 05:13:00,2013-12-14 01:11:00,366,366,41,325,121,245,215,30,0.032,0.195,0.073,0.143,0.154,0.143,0.929,0.141,0.678,209.79,Scale-up,6.993,0.962,0.907,0.962,0.901,2025-06-16 21:16:26.683255,,
MGWT,Last100,39,2013-11-04 16:09:00,2013-12-14 01:11:00, , ,1,4,1,N/A,1,1,NaN,0.061,NaN,NaN,0,0.052,NaN,NaN,NaN,NaN,Scale-up,NaN,NaN,0.907,NaN,NaN,2025-06-16 21:16:26.686254,,
MIDEA,All,2867,2005-09-16 22:18:00,2013-07-24 01:32:00,125,125,21,104,27,98,57,41,0.007,0.076,0.014,0.027,0.069,0.049,0.391,0.084,0.831,1518.519,Scale-up,37.037,0.728,0.827,0.728,0.517,2025-06-16 21:16:45.896611,,
MIDEA,Last100,0,2013-07-24 01:12:00,2013-07-24 01:32:00, , ,1,1,1,N/A,1,-1,NaN,NaN,NaN,NaN,0,NaN,NaN,NaN,NaN,NaN,Scale-up,NaN,NaN,NaN,NaN,NaN,2025-06-16 21:16:45.898611,,
MGPG,All,2404,2007-01-10 12:06:00,2013-08-11 01:06:00,45,45,10,35,10,35,24,11,0.006,0.014,0.007,0.011,0.013,0.012,0.846,0.3,0.65,1000.0,Scale-up,90.909,0.931,0.945,0.665,0.923,2025-06-16 21:17:03.041403,,
MGPG,Last100,58,2013-06-13 18:27:00,2013-08-11 01:06:00, , ,2,2,1,N/A,1,3,0.017,1.0,NaN,NaN,1.017,0.034,NaN,NaN,NaN,NaN,Scale-up,NaN,1.0,1.0,NaN,NaN,2025-06-16 21:17:03.044652,,
MEXEC,All,2800,2006-03-24 04:06:00,2013-11-22 12:28:00,119,119,24,95,22,97,61,36,0.009,0.035,0.009,0.024,0.035,0.036,0.686,0.205,0.795,1500.0,Scale-up,41.667,0.875,0.984,0.915,0.945,2025-06-16 21:17:22.261656,,
MEXEC,Last100,38,2013-10-15 02:42:00,2013-11-22 12:28:00, , ,1,1,1,N/A,1,1,NaN,NaN,NaN,NaN,0,NaN,NaN,NaN,NaN,NaN,Scale-up,NaN,NaN,NaN,NaN,NaN,2025-06-16 21:17:22.263656,,
MDWEB,All,758,2008-10-20 21:05:00,2010-11-17 21:27:00,73,73,25,48,4,69,47,22,0.028,0.047,0.006,0.037,0.069,0.066,0.536,0.373,0.92,594.595,Scale-up,27.027,0.591,0.928,0.6,0.815,2025-06-16 21:17:41.267190,,
MDWEB,Last100,78,2010-08-31 17:56:00,2010-11-17 21:27:00, , ,1,6,1,N/A,19,-13,NaN,0.054,NaN,9.5,0,0.067,NaN,NaN,NaN,NaN,Scale-up,0.105,NaN,0.441,NaN,0.65,2025-06-16 21:17:41.269260,,
MDOAP,All,2362,2006-07-23 00:29:00,2013-01-09 07:16:00,32,32,8,24,1,31,29,2,0.003,0.011,0,0.014,0.014,0.014,1.0,0.214,1.0,142.857,Catch-up,71.429,0.927,0.929,0,0.886,2025-06-16 21:17:59.491887,,
MDOAP,Last100,0,2013-01-08 20:10:00,2013-01-09 07:16:00, , ,1,1,1,N/A,1,-1,NaN,NaN,NaN,NaN,0,NaN,NaN,NaN,NaN,NaN,Catch-up,NaN,NaN,NaN,NaN,NaN,2025-06-16 21:17:59.492646,,
MDEP,All,2911,2005-12-28 00:48:00,2013-12-17 18:10:00,411,411,54,357,83,328,200,128,0.019,0.122,0.028,0.06,0.113,0.113,0.531,0.135,0.801,2133.333,Scale-up,16.667,0.96,0.994,0.974,0.962,2025-06-16 21:18:18.801060,,
MDEP,Last100,99,2013-09-09 01:13:00,2013-12-17 18:10:00, , ,1,5,1,N/A,1,3,NaN,0.036,NaN,NaN,0,0.033,NaN,NaN,NaN,NaN,Scale-up,NaN,NaN,0.958,NaN,NaN,2025-06-16 21:18:18.804056,,
MASSEMBLY,All,3099,2005-06-08 13:57:00,2013-12-03 01:40:00,665,665,55,610,161,504,350,154,0.019,0.209,0.061,0.12,0.167,0.169,0.719,0.083,0.732,1283.333,Scale-up,8.333,0.97,0.972,0.885,0.97,2025-06-16 21:18:38.577201,,
MASSEMBLY,Last100,94,2013-08-30 03:34:00,2013-12-03 01:40:00, , ,2,12,1,N/A,1,12,NaN,0.106,NaN,NaN,0,0.122,NaN,NaN,NaN,NaN,Scale-up,NaN,NaN,0.959,NaN,NaN,2025-06-16 21:18:38.579948,,
MCASTOR,All,3027,2005-08-19 06:48:00,2013-12-02 20:49:00,39,39,10,29,8,31,26,5,0.004,0.009,0.003,0.01,0.01,0.01,1.0,0.308,0.769,500.0,Catch-up,100.0,0.95,0.912,0.88,0.924,2025-06-16 21:18:57.594626,,
MCASTOR,Last100,92,2013-09-01 19:50:00,2013-12-02 20:49:00, , ,1,1,1,N/A,1,1,NaN,NaN,NaN,NaN,0,NaN,NaN,NaN,NaN,NaN,Catch-up,NaN,NaN,NaN,NaN,NaN,2025-06-16 21:18:57.596625,,
MECLIPSE,All,3177,2005-03-04 09:04:00,2013-11-14 22:30:00,707,707,79,628,150,557,221,336,0.034,0.259,0.07,0.101,0.223,0.228,0.453,0.116,0.761,3326.733,Scale-up,9.901,0.786,0.938,0.946,0.917,2025-06-16 21:19:15.347004,,
MECLIPSE,Last100,87,2013-08-18 23:41:00,2013-11-14 22:30:00, , ,1,4,1,N/A,1,3,NaN,0.027,NaN,NaN,0,0.027,NaN,NaN,NaN,NaN,Scale-up,NaN,NaN,0.902,NaN,NaN,2025-06-16 21:19:15.350973,,
MAP,All,2265,2005-12-05 10:11:00,2012-02-17 18:48:00,339,339,79,260,39,300,244,56,0.066,0.212,0.021,0.185,0.257,0.221,0.72,0.237,0.924,302.703,Scale-up,5.405,0.846,0.909,0.826,0.871,2025-06-16 21:19:33.468242,,
MAP,Last100,0,2012-02-17 18:48:00,2012-02-17 18:48:00, , ,1,1,1,N/A,1,0,NaN,NaN,NaN,NaN,0,NaN,NaN,NaN,NaN,NaN,Scale-up,NaN,NaN,NaN,NaN,NaN,2025-06-16 21:19:33.469604,,
MANTTASKS,All,3124,2005-05-01 11:26:00,2013-11-20 08:37:00,236,236,23,213,54,182,120,62,0.008,0.073,0.022,0.052,0.059,0.061,0.881,0.099,0.728,1192.308,Scale-up,19.231,0.924,0.973,0.948,0.936,2025-06-16 21:19:51.093682,,
MANTTASKS,Last100,41,2013-10-10 00:47:00,2013-11-20 08:37:00, , ,1,1,1,N/A,1,1,NaN,NaN,NaN,NaN,0,0.024,NaN,NaN,NaN,NaN,Scale-up,NaN,NaN,NaN,NaN,NaN,2025-06-16 21:19:51.096673,,
LIVETRIBE,All,2658,2005-05-08 12:32:00,2012-08-18 01:22:00,85,85,33,52,2,83,61,22,0.018,0.02,0.001,0.025,0.037,0.034,0.676,0.474,0.974,880.0,Scale-up,40.0,0.802,0.928,1.0,0.92,2025-06-16 21:20:10.366321,,
LIVETRIBE,Last100,16,2012-08-01 16:48:00,2012-08-18 01:22:00, , ,1,2,1,N/A,2,-1,NaN,NaN,NaN,0.059,0,NaN,NaN,NaN,NaN,NaN,Scale-up,16.949,NaN,NaN,NaN,1.0,2025-06-16 21:20:10.368316,,
MEJB,All,2967,2005-10-06 22:57:00,2013-11-20 23:31:00,55,55,15,40,11,44,28,16,0.004,0.013,0.007,0.011,0.01,0.013,1.1,0.235,0.588,1454.545,Catch-up,90.909,0.837,0.95,0.84,0.943,2025-06-16 21:20:27.682150,,
MEJB,Last100,0,2013-11-20 23:31:00,2013-11-20 23:31:00, , ,1,1,1,N/A,1,0,NaN,NaN,NaN,NaN,0,NaN,NaN,NaN,NaN,NaN,Catch-up,NaN,NaN,NaN,NaN,NaN,2025-06-16 21:20:27.683749,,
MCLEAN,All,2624,2005-12-10 10:22:00,2013-02-15 20:42:00,47,47,8,39,9,38,35,3,0.003,0.013,0.003,0.015,0.013,0.012,1.154,0.188,0.812,200.0,Catch-up,66.667,0.893,0.884,0.886,0.894,2025-06-16 21:20:46.665377,,
MCLEAN,Last100,64,2012-12-12 21:48:00,2013-02-15 20:42:00, , ,1,2,1,N/A,1,0,NaN,0.036,NaN,NaN,0,-0.001,NaN,NaN,NaN,NaN,Catch-up,NaN,NaN,1.0,NaN,NaN,2025-06-16 21:20:46.667624,,
MCHRONOS,All,1887,2008-09-04 21:25:00,2013-11-05 19:29:00,59,59,11,48,7,52,44,8,0.007,0.028,0.007,0.036,0.028,0.031,1.286,0.2,0.8,222.222,Catch-up,27.778,0.799,0.871,0.969,0.859,2025-06-16 21:21:05.623175,,
MCHRONOS,Last100,74,2013-08-23 19:18:00,2013-11-05 19:29:00, , ,1,1,1,N/A,1,0,NaN,NaN,NaN,NaN,0,0.016,NaN,NaN,NaN,NaN,Catch-up,NaN,NaN,NaN,NaN,NaN,2025-06-16 21:21:05.625219,,
MBUILDNUM,All,2196,2007-10-24 17:58:00,2013-10-28 21:14:00,113,113,18,95,40,73,50,23,0.007,0.05,0.02,0.025,0.037,0.039,0.676,0.123,0.649,920.0,Scale-up,40.0,0.878,0.987,0.934,0.96,2025-06-16 21:21:24.488237,,
MBUILDNUM,Last100,96,2013-07-24 08:56:00,2013-10-28 21:14:00, , ,1,1,9,N/A,2,-9,NaN,NaN,0.047,0.01,0,-0.039,NaN,NaN,NaN,NaN,Scale-up,100.0,NaN,NaN,0.3,1.0,2025-06-16 21:21:24.491234,,
MEAR,All,3003,2005-09-02 13:15:00,2013-11-23 03:56:00,171,171,28,143,61,110,92,18,0.009,0.044,0.019,0.026,0.034,0.032,0.765,0.17,0.642,692.308,Scale-up,38.462,0.894,0.971,0.97,0.959,2025-06-16 21:21:43.569505,,
MEAR,Last100,85,2013-08-29 15:01:00,2013-11-23 03:56:00, , ,1,5,8,N/A,10,-13,NaN,0.037,0.697,0.096,-0.6599999999999999,-0.027,NaN,NaN,NaN,NaN,Scale-up,10.417,NaN,0.821,0.971,0.45,2025-06-16 21:21:43.572498,,
IZPACK,All,2144,2008-02-06 18:38:00,2013-12-20 23:26:00,1005,1005,148,857,104,901,619,282,0.058,0.385,0.047,0.273,0.396,0.393,0.689,0.131,0.894,1032.967,Scale-up,3.663,0.88,0.971,0.982,0.943,2025-06-16 21:22:03.300130,,
IZPACK,Last100,100,2013-09-11 15:58:00,2013-12-20 23:26:00, , ,7,38,1,N/A,19,24,0.137,0.447,NaN,0.223,0.5840000000000001,0.518,NaN,NaN,NaN,NaN,Scale-up,4.484,0.904,0.906,NaN,0.825,2025-06-16 21:22:03.304123,,
MCHANGELOG,All,2876,2005-08-26 16:41:00,2013-07-12 16:34:00,129,129,18,111,24,105,77,28,0.007,0.036,0.008,0.023,0.035,0.034,0.657,0.163,0.814,1217.391,Scale-up,43.478,0.985,0.891,0.841,0.866,2025-06-16 21:22:22.128763,,
MCHANGELOG,Last100,89,2013-04-13 21:41:00,2013-07-12 16:34:00, , ,1,5,1,N/A,2,2,NaN,0.034,NaN,NaN,0,0.034,NaN,NaN,NaN,NaN,Scale-up,NaN,NaN,0.849,NaN,NaN,2025-06-16 21:22:22.130761,,
MCLIRR,All,2794,2006-03-14 22:25:00,2013-11-07 09:32:00,60,60,9,51,2,58,45,13,0.003,0.018,0.001,0.016,0.02,0.021,0.8,0.143,0.952,812.5,Scale-up,62.5,0.904,0.98,1.0,0.984,2025-06-16 21:22:41.097509,,
MCLIRR,Last100,48,2013-09-20 06:53:00,2013-11-07 09:32:00, , ,1,2,1,N/A,6,-3,NaN,0.042,NaN,0.061,0,0.061,NaN,NaN,NaN,NaN,Scale-up,16.393,NaN,1.0,NaN,0.429,2025-06-16 21:22:41.099504,,
MAVEN,All,3537,2002-08-01 22:11:00,2012-04-08 13:51:00,673,673,95,578,230,443,400,43,0.056,0.315,0.17,0.208,0.201,0.231,1.035,0.151,0.542,206.731,Catch-up,4.808,0.943,0.862,0.832,0.925,2025-06-16 21:23:01.027330,,
MAVEN,Last100,2,2012-04-05 15:36:00,2012-04-08 13:51:00, , ,1,2,1,N/A,1,0,NaN,0.333,NaN,NaN,0,0.333,NaN,NaN,NaN,NaN,Catch-up,NaN,NaN,1.0,NaN,NaN,2025-06-16 21:23:01.030321,,
MCASSANDRA,All,1030,2011-02-14 18:39:00,2013-12-11 07:36:00,32,32,10,22,1,31,23,8,0.01,0.017,0,0.017,0.027,0.024,0.63,0.37,1.0,470.588,Scale-up,58.824,0.738,0.943,0,0.94,2025-06-16 21:23:18.847669,,
MCASSANDRA,Last100,78,2013-09-24 04:33:00,2013-12-11 07:36:00, , ,1,5,1,N/A,4,0,NaN,0.146,NaN,0.091,0,0.146,NaN,NaN,NaN,NaN,Scale-up,10.989,NaN,0.659,NaN,0.8,2025-06-16 21:23:18.850060,,
MAXISTOOLS,All,2765,2005-11-25 16:03:00,2013-06-21 23:15:00,47,47,4,43,7,40,25,15,0.003,0.018,0.003,0.012,0.018,0.017,0.667,0.143,0.857,1250.0,Scale-up,83.333,0.896,0.823,0.836,0.888,2025-06-16 21:23:36.301618,,
MAXISTOOLS,Last100,0,2013-06-21 23:15:00,2013-06-21 23:15:00, , ,1,1,1,N/A,1,0,NaN,NaN,NaN,NaN,0,NaN,NaN,NaN,NaN,NaN,Scale-up,NaN,NaN,NaN,NaN,NaN,2025-06-16 21:23:36.303630,,
JXR,All,3506,2004-05-05 21:10:00,2013-12-11 04:44:00,102,102,19,83,11,91,67,24,0.005,0.026,0.003,0.019,0.028,0.027,0.679,0.161,0.903,1263.158,Scale-up,52.632,0.807,0.931,0.848,0.854,2025-06-16 21:23:55.224864,,
JXR,Last100,17,2013-11-24 00:48:00,2013-12-11 04:44:00, , ,1,2,1,N/A,5,-2,NaN,0.5,NaN,0.139,0,0.5,NaN,NaN,NaN,NaN,Scale-up,7.194,NaN,1.0,NaN,0.5,2025-06-16 21:23:55.227250,,
MAVENPROXY,All,2387,2004-02-26 09:41:00,2010-09-09 17:01:00,47,47,8,39,4,43,15,28,0.003,0.033,0.002,0.023,0.034,0.022,0.676,0.083,0.944,1217.391,Scale-up,43.478,0.572,0.939,0.956,0.929,2025-06-16 21:24:14.068099,,
MAVENPROXY,Last100,1,2010-09-07 18:39:00,2010-09-09 17:01:00, , ,1,1,1,N/A,1,-1,NaN,NaN,NaN,NaN,0,-0.5,NaN,NaN,NaN,NaN,Scale-up,NaN,NaN,NaN,NaN,NaN,2025-06-16 21:24:14.069626,,
MAPPASM,All,2928,2005-12-08 09:31:00,2013-12-14 14:57:00,213,213,53,160,44,169,141,28,0.018,0.055,0.014,0.047,0.059,0.059,0.797,0.247,0.808,595.745,Scale-up,21.277,0.913,0.985,0.917,0.886,2025-06-16 21:24:33.623023,,
MAPPASM,Last100,94,2013-09-10 16:23:00,2013-12-14 14:57:00, , ,3,13,3,N/A,14,0,0.032,0.143,0.066,0.155,0.10899999999999999,0.15,1.422,0.183,0.623,180.645,Catch-up,6.452,0.997,0.769,0.954,0.711,2025-06-16 21:24:37.879771,,
MAPFACES,All,658,2008-08-26 16:51:00,2010-06-15 20:40:00,115,115,29,86,13,102,102,0,0.045,0.141,0.044,0.138,0.142,0.176,0.972,0.242,0.763,0.0,Start-up,7.246,0.941,0.955,0.645,0.634,2025-06-16 21:24:56.991731,,
MAPFACES,Last100,83,2010-03-23 22:12:00,2010-06-15 20:40:00, , ,3,2,10,N/A,67,-71,0.25,0.1,0.105,0.845,0.245,-0.049,3.449,0.714,0.7,0.0,Plan-up,1.183,0.75,1.0,0.38,0.54,2025-06-16 21:25:01.261898,,
MASPECTJ,All,2933,2005-11-23 06:30:00,2013-12-04 21:27:00,126,126,19,107,41,85,79,6,0.006,0.033,0.012,0.022,0.027,0.026,0.815,0.154,0.692,272.727,Scale-up,45.455,0.953,0.97,0.962,0.975,2025-06-16 21:25:20.237116,,
MASPECTJ,Last100,99,2013-08-27 07:19:00,2013-12-04 21:27:00, , ,1,7,5,N/A,3,0,NaN,0.055,0.028,0.015,0.027,0.025,NaN,NaN,NaN,NaN,Scale-up,66.667,NaN,0.956,0.79,0.757,2025-06-16 21:25:20.240008,,
MANT,All,2646,2005-08-19 12:10:00,2012-11-17 06:43:00,63,63,9,54,11,52,41,11,0.003,0.021,0.009,0.02,0.015,0.019,1.333,0.125,0.625,550.0,Catch-up,50.0,0.796,0.944,0.932,0.82,2025-06-16 21:25:39.396990,,
MANT,Last100,81,2012-08-28 01:03:00,2012-11-17 06:43:00, , ,1,1,1,N/A,1,-1,NaN,NaN,NaN,NaN,0,NaN,NaN,NaN,NaN,NaN,Catch-up,NaN,NaN,NaN,NaN,NaN,2025-06-16 21:25:39.398454,,
MANTRUN,All,3102,2005-06-21 23:45:00,2013-12-19 18:37:00,151,151,18,133,65,86,60,26,0.006,0.047,0.025,0.022,0.028,0.03,0.786,0.113,0.528,1181.818,Scale-up,45.455,0.971,0.97,0.959,0.883,2025-06-16 21:25:56.672585,,
MANTRUN,Last100,36,2013-11-13 07:11:00,2013-12-19 18:37:00, , ,1,3,1,N/A,1,2,NaN,0.044,NaN,NaN,0,0.044,NaN,NaN,NaN,NaN,Scale-up,NaN,NaN,0.81,NaN,NaN,2025-06-16 21:25:56.675583,,
MANIMALSNIFFER,All,1351,2009-11-17 23:26:00,2013-07-31 14:19:00,35,35,5,30,4,31,21,10,0.004,0.02,0.003,0.014,0.021,0.021,0.667,0.167,0.875,714.286,Scale-up,71.429,0.856,0.985,0.921,0.936,2025-06-16 21:26:15.670394,,
MANIMALSNIFFER,Last100,88,2013-05-03 17:06:00,2013-07-31 14:19:00, , ,1,4,1,N/A,1,2,NaN,0.025,NaN,NaN,0,0.015,NaN,NaN,NaN,NaN,Scale-up,NaN,NaN,0.859,NaN,NaN,2025-06-16 21:26:15.672725,,
LINGO,All,1767,2005-04-08 07:39:00,2010-02-08 16:13:00,46,46,5,41,3,43,23,20,0.01,0.029,0.006,0.04,0.033,0.032,1.212,0.256,0.846,500.0,Catch-up,25.0,0.64,0.691,0.896,0.9,2025-06-16 21:26:33.061745,,
LINGO,Last100,0,2010-02-08 16:13:00,2010-02-08 16:13:00, , ,1,1,1,N/A,1,0,NaN,NaN,NaN,NaN,0,NaN,NaN,NaN,NaN,NaN,Catch-up,NaN,NaN,NaN,NaN,NaN,2025-06-16 21:26:33.062742,,
JTESTR,All,1066,2007-12-14 20:45:00,2010-11-15 16:10:00,72,72,30,42,9,63,47,16,0.232,0.047,0.024,0.155,0.255,0.078,0.608,0.832,0.914,103.226,Scale-up,6.452,0.387,0.572,0.881,0.929,2025-06-16 21:26:50.559299,,
JTESTR,Last100,0,2010-11-15 16:10:00,2010-11-15 16:10:00, , ,1,1,1,N/A,1,0,NaN,NaN,NaN,NaN,0,NaN,NaN,NaN,NaN,NaN,Scale-up,NaN,NaN,NaN,NaN,NaN,2025-06-16 21:26:50.560445,,
JAXEN,All,4097,2002-09-22 03:53:00,2013-12-11 02:28:00,214,214,37,177,35,179,98,81,0.016,0.05,0.011,0.028,0.055,0.052,0.509,0.242,0.833,2892.857,Scale-up,35.714,0.862,0.751,0.762,0.694,2025-06-16 21:27:08.618488,,
JAXEN,Last100,0,2013-12-11 02:28:00,2013-12-11 02:28:00, , ,1,1,1,N/A,1,0,NaN,NaN,NaN,NaN,0,NaN,NaN,NaN,NaN,NaN,Scale-up,NaN,NaN,NaN,NaN,NaN,2025-06-16 21:27:08.619487,,
GROOVY,All,3672,2003-12-01 23:31:00,2013-12-21 06:08:00,5673,5673,513,5160,1171,4502,3822,680,0.151,1.506,0.373,1.17,1.284,1.302,0.911,0.091,0.775,581.197,Scale-up,0.855,0.996,0.995,0.981,0.994,2025-06-16 21:27:31.874679,,
GROOVY,Last100,99,2013-09-13 02:44:00,2013-12-21 06:08:00, , ,10,151,45,N/A,92,23,0.072,1.464,0.479,0.961,1.057,1.063,0.909,0.047,0.688,707.596,Scale-up,1.041,0.801,0.991,0.983,0.984,2025-06-16 21:27:36.382300,,
JBEHAVE,All,2929,2004-07-19 20:10:00,2012-07-27 18:06:00,226,226,86,140,23,203,196,7,0.035,0.061,0.009,0.09,0.087,0.088,1.034,0.365,0.906,77.778,Catch-up,11.111,0.925,0.912,0.883,0.86,2025-06-16 21:27:54.538842,,
JBEHAVE,Last100,0,2012-07-27 18:06:00,2012-07-27 18:06:00, , ,1,1,1,N/A,1,0,NaN,NaN,NaN,NaN,0,NaN,NaN,NaN,NaN,NaN,Catch-up,NaN,NaN,NaN,NaN,NaN,2025-06-16 21:27:54.539880,,
GRIFFON,All,1913,2008-09-18 18:36:00,2013-12-14 21:49:00,654,654,94,560,55,599,552,47,0.052,0.357,0.033,0.354,0.376,0.374,0.941,0.127,0.919,132.768,Scale-up,2.825,0.974,0.99,0.985,0.988,2025-06-16 21:28:13.893539,,
GRIFFON,Last100,92,2013-09-13 15:43:00,2013-12-14 21:49:00, , ,4,8,1,N/A,11,-1,0.033,0.067,NaN,0.101,0.1,0.099,NaN,NaN,NaN,NaN,Scale-up,9.901,0.776,0.943,NaN,0.797,2025-06-16 21:28:13.897534,,
GRAILS,All,2049,2005-08-13 19:17:00,2011-03-25 06:11:00,6535,6535,499,6036,1683,4852,3196,1656,0.257,3.697,1.19,1.846,2.764,2.867,0.668,0.065,0.699,897.075,Scale-up,0.542,0.997,0.994,0.963,0.994,2025-06-16 21:28:36.883083,,
GRAILS,Last100,100,2010-12-14 16:54:00,2011-03-25 06:11:00, , ,14,301,70,N/A,92,152,0.127,2.959,0.747,0.936,2.3390000000000004,2.35,0.4,0.041,0.758,1769.231,Scale-up,1.068,0.828,0.998,0.949,0.943,2025-06-16 21:28:41.421633,,
GUMTREE,All,2526,2007-01-19 12:34:00,2013-12-20 07:25:00,1051,1051,562,489,68,983,886,97,0.265,0.227,0.029,0.424,0.463,0.455,0.916,0.539,0.941,228.774,Scale-up,2.358,0.85,0.917,0.912,0.906,2025-06-16 21:29:01.510650,,
GUMTREE,Last100,99,2013-09-11 14:14:00,2013-12-20 07:25:00, , ,14,26,1,N/A,47,-9,0.14,0.236,NaN,0.454,0.376,0.363,NaN,NaN,NaN,NaN,Scale-up,2.203,0.871,0.895,NaN,0.966,2025-06-16 21:29:01.514645,,
GREPO,All,1034,2009-09-03 22:53:00,2012-07-04 16:18:00,68,68,24,44,0,68,58,10,0.028,0.052,0,0.071,0.08,0.08,0.888,0.35,1.0,140.845,Scale-up,14.085,0.858,0.864,0,0.881,2025-06-16 21:29:20.028133,,
GREPO,Last100,18,2012-06-15 18:38:00,2012-07-04 16:18:00, , ,1,1,1,N/A,1,-1,NaN,NaN,0,NaN,0,NaN,NaN,NaN,NaN,NaN,Scale-up,NaN,NaN,NaN,0,NaN,2025-06-16 21:29:20.030128,,
GRECLIPSE,All,3272,2005-01-04 12:03:00,2013-12-20 14:04:00,1629,1629,111,1518,288,1341,1076,265,0.053,0.77,0.179,0.653,0.644,0.669,1.014,0.064,0.783,405.819,Catch-up,1.531,0.945,0.963,0.948,0.964,2025-06-16 21:29:38.704879,,
GRECLIPSE,Last100,99,2013-09-11 22:04:00,2013-12-20 14:04:00, , ,1,22,1,N/A,1,21,NaN,0.178,NaN,NaN,0,0.178,NaN,NaN,NaN,NaN,Catch-up,NaN,NaN,0.974,NaN,NaN,2025-06-16 21:29:38.709863,,
JANINO,All,3245,2005-01-02 19:42:00,2013-11-22 04:11:00,166,166,21,145,21,145,134,11,0.007,0.047,0.01,0.044,0.044,0.046,1.0,0.13,0.815,250.0,Catch-up,22.727,0.702,0.884,0.941,0.883,2025-06-16 21:29:57.907600,,
JANINO,Last100,40,2013-10-12 23:46:00,2013-11-22 04:11:00, , ,1,8,1,N/A,6,2,NaN,0.185,NaN,0.184,0,0.193,NaN,NaN,NaN,NaN,Catch-up,5.435,NaN,0.989,NaN,0.908,2025-06-16 21:29:57.911125,,
IDEACLEARCASE,All,468,2005-10-06 08:42:00,2007-01-18 00:57:00,40,40,27,13,1,39,12,27,0.114,0.027,0,0.052,0.141,0.085,0.369,0.809,1.0,519.231,Scale-up,19.231,0.258,0.699,0,0.429,2025-06-16 21:30:14.793834,,
IDEACLEARCASE,Last100,90,2006-10-19 20:00:00,2007-01-18 00:57:00, , ,1,3,1,N/A,1,2,NaN,0.018,NaN,NaN,0,0.018,NaN,NaN,NaN,NaN,Scale-up,NaN,NaN,0.807,NaN,NaN,2025-06-16 21:30:14.795497,,
GRAILSPLUGINS,All,1518,2007-01-26 23:15:00,2011-03-25 04:19:00,2864,2864,462,2402,427,2437,1390,1047,0.358,1.943,0.356,1.089,1.945,1.987,0.56,0.156,0.845,961.433,Scale-up,0.918,0.957,0.965,0.934,0.972,2025-06-16 21:30:35.704077,,
GRAILSPLUGINS,Last100,98,2010-12-16 06:41:00,2011-03-25 04:19:00, , ,31,231,78,N/A,199,-16,0.39,2.592,1.019,2.572,1.9630000000000003,2.02,1.31,0.131,0.658,407.076,Catch-up,0.389,0.92,0.986,0.947,0.949,2025-06-16 21:30:40.351641,,
JAVANCSS,All,1507,2008-07-28 17:50:00,2012-09-12 20:19:00,50,50,9,41,0,50,21,29,0.009,0.028,0,0.034,0.037,0.034,0.919,0.243,1.0,852.941,Scale-up,29.412,0.732,0.893,0,0.629,2025-06-16 21:30:57.335976,,
JAVANCSS,Last100,0,2012-09-12 20:19:00,2012-09-12 20:19:00, , ,1,1,1,N/A,1,0,NaN,NaN,0,NaN,0,NaN,NaN,NaN,NaN,NaN,Scale-up,NaN,NaN,NaN,0,NaN,2025-06-16 21:30:57.336965,,
GMOD,All,3122,2005-03-13 11:30:00,2013-09-29 22:39:00,262,262,28,234,28,234,144,90,0.018,0.12,0.013,0.078,0.125,0.121,0.624,0.13,0.906,1153.846,Scale-up,12.821,0.909,0.944,0.859,0.875,2025-06-16 21:31:16.614370,,
GMOD,Last100,0,2013-09-29 04:21:00,2013-09-29 22:39:00, , ,1,1,1,N/A,1,-1,NaN,NaN,NaN,NaN,0,NaN,NaN,NaN,NaN,NaN,Scale-up,NaN,NaN,NaN,NaN,NaN,2025-06-16 21:31:16.615445,,
GMAVEN,All,2189,2007-10-18 01:28:00,2013-10-15 18:08:00,109,109,9,100,24,85,42,43,0.005,0.054,0.011,0.029,0.048,0.045,0.604,0.085,0.814,1482.759,Scale-up,34.483,0.942,0.908,0.854,0.905,2025-06-16 21:31:34.135384,,
GMAVEN,Last100,0,2013-10-15 18:08:00,2013-10-15 18:08:00, , ,1,1,1,N/A,1,0,NaN,NaN,NaN,NaN,0,NaN,NaN,NaN,NaN,NaN,Scale-up,NaN,NaN,NaN,NaN,NaN,2025-06-16 21:31:34.137377,,
DYNJS,All,629,2011-12-17 09:10:00,2013-09-07 04:32:00,80,80,46,34,7,73,58,15,0.072,0.047,0.009,0.105,0.11,0.092,0.955,0.605,0.924,142.857,Scale-up,9.524,0.77,0.931,0.895,0.912,2025-06-16 21:31:53.331530,,
DYNJS,Last100,99,2013-05-31 01:16:00,2013-09-07 04:32:00, , ,2,11,3,N/A,8,1,0.025,0.1,0.023,0.072,0.10200000000000001,0.087,0.706,0.2,0.816,208.333,Scale-up,13.889,1.0,0.893,0.75,0.782,2025-06-16 21:31:57.599949,,
DC,All,1800,2003-10-13 05:11:00,2008-09-16 14:17:00,405,405,144,261,48,357,229,128,0.197,0.388,0.095,0.457,0.49,0.517,0.933,0.337,0.838,280.088,Scale-up,2.188,0.904,0.683,0.962,0.892,2025-06-16 21:32:15.951286,,
DC,Last100,0,2008-09-16 14:17:00,2008-09-16 14:17:00, , ,1,1,1,N/A,1,0,NaN,NaN,NaN,NaN,0,NaN,NaN,NaN,NaN,NaN,Scale-up,NaN,NaN,NaN,NaN,NaN,2025-06-16 21:32:15.953284,,
ESPER,All,2722,2006-07-04 08:05:00,2013-12-17 07:51:00,763,763,111,652,128,635,611,24,0.041,0.264,0.055,0.242,0.25,0.24,0.968,0.134,0.82,99.174,Scale-up,4.132,0.797,0.996,0.984,0.989,2025-06-16 21:32:38.803028,,
ESPER,Last100,76,2013-10-01 19:17:00,2013-12-17 07:51:00, , ,1,17,4,N/A,13,0,NaN,0.183,0.273,0.559,-0.09000000000000002,0.142,NaN,NaN,NaN,NaN,Scale-up,1.789,NaN,0.924,0.847,0.903,2025-06-16 21:32:38.807021,,
GFX,All,660,2011-08-10 04:35:00,2013-05-31 20:17:00,40,40,6,34,3,37,15,22,0.016,0.047,0.004,0.027,0.059,0.052,0.458,0.254,0.937,814.815,Scale-up,37.037,0.781,0.798,0.75,0.585,2025-06-16 21:32:57.625343,,
GFX,Last100,93,2013-02-27 00:15:00,2013-05-31 20:17:00, , ,1,5,1,N/A,2,1,NaN,0.034,NaN,NaN,0,0.029,NaN,NaN,NaN,NaN,Scale-up,NaN,NaN,0.861,NaN,NaN,2025-06-16 21:32:57.629302,,
FEST,All,1366,2009-03-02 01:46:00,2012-11-27 21:44:00,411,411,147,264,28,383,228,155,0.111,0.222,0.024,0.187,0.309,0.308,0.605,0.333,0.928,828.877,Scale-up,5.348,0.884,0.899,0.957,0.878,2025-06-16 21:33:15.722149,,
FEST,Last100,81,2012-09-06 22:39:00,2012-11-27 21:44:00, , ,1,4,1,N/A,1,4,NaN,0.035,NaN,NaN,0,0.049,NaN,NaN,NaN,NaN,Scale-up,NaN,NaN,0.941,NaN,NaN,2025-06-16 21:33:15.724729,,
GEB,All,1140,2010-11-02 07:53:00,2013-12-17 03:34:00,269,269,59,210,48,221,172,49,0.06,0.201,0.049,0.165,0.212,0.205,0.778,0.23,0.812,296.97,Scale-up,6.061,0.895,0.953,0.945,0.941,2025-06-16 21:33:35.148632,,
GEB,Last100,98,2013-09-09 15:48:00,2013-12-17 03:34:00, , ,2,10,1,N/A,6,5,0.013,0.079,NaN,0.052,0.092,0.093,NaN,NaN,NaN,NaN,Scale-up,19.231,1.0,0.973,NaN,0.429,2025-06-16 21:33:35.151080,,
DOXIA,All,3148,2005-04-15 08:46:00,2013-11-27 20:20:00,458,458,82,376,78,380,311,69,0.028,0.136,0.039,0.113,0.125,0.13,0.904,0.171,0.762,610.619,Scale-up,8.85,0.888,0.94,0.908,0.902,2025-06-16 21:33:54.265573,,
DOXIA,Last100,95,2013-08-24 02:12:00,2013-11-27 20:20:00, , ,1,14,1,N/A,6,8,NaN,0.148,NaN,0.096,0,0.158,NaN,NaN,NaN,NaN,Scale-up,10.417,NaN,0.823,NaN,0.941,2025-06-16 21:33:54.268835,,
GEO,All,3160,2004-08-03 12:53:00,2013-03-29 20:38:00,177,177,53,124,18,159,115,44,0.015,0.042,0.006,0.044,0.051,0.05,0.863,0.263,0.895,1000.0,Scale-up,22.727,0.853,0.945,0.805,0.948,2025-06-16 21:34:13.510679,,
GEO,Last100,97,2012-12-22 12:24:00,2013-03-29 20:38:00, , ,1,3,1,N/A,1,2,NaN,0.016,NaN,NaN,0,0.022,NaN,NaN,NaN,NaN,Scale-up,NaN,NaN,0.796,NaN,NaN,2025-06-16 21:34:13.512874,,
GEOBATCH,All,338,2009-03-21 18:07:00,2010-02-22 22:23:00,49,49,18,31,2,47,11,36,0.049,0.071,0.005,0.031,0.115,0.114,0.27,0.408,0.958,1161.29,Scale-up,32.258,0.672,0.922,1.0,0.932,2025-06-16 21:34:32.176021,,
GEOBATCH,Last100,86,2009-11-27 23:32:00,2010-02-22 22:23:00, , ,11,16,1,N/A,5,20,0.228,0.154,NaN,0.052,0.382,0.258,NaN,NaN,NaN,NaN,Scale-up,19.231,0.699,0.856,NaN,0.921,2025-06-16 21:34:32.179017,,
DFORMS,All,168,2009-02-03 15:57:00,2009-07-21 16:30:00,52,52,13,39,0,52,35,17,0.118,0.218,0,0.218,0.336,0.297,0.649,0.351,1.0,77.982,Scale-up,4.587,0.527,0.827,0,0.837,2025-06-16 21:34:50.220087,,
DFORMS,Last100,95,2009-04-17 01:38:00,2009-07-21 16:30:00, , ,1,10,1,N/A,18,-8,NaN,0.084,0,0.114,0.084,0.09,NaN,NaN,NaN,NaN,Scale-up,8.772,NaN,0.952,0,0.614,2025-06-16 21:34:50.222082,,
GANT,All,2339,2007-07-18 01:20:00,2013-12-12 10:13:00,125,125,18,107,27,98,75,23,0.015,0.062,0.027,0.057,0.05,0.058,1.14,0.195,0.649,403.509,Catch-up,17.544,0.901,0.804,0.972,0.845,2025-06-16 21:35:07.630748,,
GANT,Last100,0,2013-12-12 10:13:00,2013-12-12 10:13:00, , ,1,1,1,N/A,1,0,NaN,NaN,NaN,NaN,0,NaN,NaN,NaN,NaN,NaN,Catch-up,NaN,NaN,NaN,NaN,NaN,2025-06-16 21:35:07.631745,,
COCACHE,All,801,2006-05-04 04:33:00,2008-07-14 01:24:00,67,67,48,19,2,65,41,24,0.054,0.029,0.1,0.053,-0.017,0.079,-3.118,0.651,-0.205,452.83,Scale-up,18.868,0.84,0.88,1.0,0.955,2025-06-16 21:35:25.221134,,
COCACHE,Last100,0,2008-07-14 01:23:00,2008-07-14 01:24:00, , ,1,1,1,N/A,3,-2,NaN,NaN,NaN,1.5,0,NaN,NaN,NaN,NaN,NaN,Scale-up,0.667,NaN,NaN,NaN,0.75,2025-06-16 21:35:25.223129,,
EASYMOCK,All,1086,2010-11-08 06:03:00,2013-10-29 06:12:00,130,130,55,75,11,119,81,48,0.056,0.071,0.013,0.076,0.114,0.111,0.667,0.441,0.898,631.579,Scale-up,13.158,0.225,0.524,0.791,0.411,2025-06-16 21:35:43.920602,,
EASYMOCK,Last100,66,2013-08-23 08:16:00,2013-10-29 06:12:00, , ,1,4,1,N/A,2,1,NaN,0.039,NaN,0.018,0,0.039,NaN,NaN,NaN,NaN,Scale-up,55.556,NaN,0.872,NaN,1.0,2025-06-16 21:35:43.923594,,
DOXIATOOLS,All,2046,2007-11-18 20:20:00,2013-06-25 22:10:00,43,43,10,33,1,42,16,26,0.004,0.018,0,0.008,0.022,0.021,0.364,0.182,1.0,3250.0,Scale-up,125.0,0.812,0.924,0,0.851,2025-06-16 21:36:00.550356,,
DOXIATOOLS,Last100,0,2013-06-25 22:10:00,2013-06-25 22:10:00, , ,1,1,1,N/A,1,0,NaN,NaN,NaN,NaN,0,NaN,NaN,NaN,NaN,NaN,Scale-up,NaN,NaN,NaN,NaN,NaN,2025-06-16 21:36:00.551361,,
DOXIASITETOOLS,All,2769,2006-04-21 10:01:00,2013-11-20 05:50:00,78,78,13,65,4,74,65,9,0.005,0.029,0.002,0.033,0.032,0.032,1.031,0.147,0.941,272.727,Catch-up,30.303,0.942,0.967,0.983,0.968,2025-06-16 21:36:19.443837,,
DOXIASITETOOLS,Last100,29,2013-10-22 03:23:00,2013-11-20 05:50:00, , ,1,2,1,N/A,3,-2,NaN,0.2,NaN,0.058,0,0.2,NaN,NaN,NaN,NaN,Catch-up,17.241,NaN,1.0,NaN,0.871,2025-06-16 21:36:19.445898,,
CARGO,All,3408,2004-08-14 14:57:00,2013-12-14 02:10:00,1179,1179,336,843,185,994,946,48,0.095,0.248,0.055,0.263,0.288,0.279,0.913,0.277,0.84,182.51,Scale-up,3.802,0.911,0.988,0.947,0.97,2025-06-16 21:36:39.497507,,
CARGO,Last100,97,2013-09-07 17:11:00,2013-12-14 02:10:00, , ,1,22,8,N/A,19,-3,NaN,0.206,0.064,0.155,0.142,0.15,NaN,NaN,NaN,NaN,Scale-up,6.452,NaN,0.943,0.938,0.945,2025-06-16 21:36:39.501876,,
BOO,All,3388,2004-07-14 05:41:00,2013-10-24 00:40:00,1283,1283,177,1106,96,1187,842,345,0.076,0.452,0.042,0.378,0.486,0.478,0.778,0.144,0.92,912.698,Scale-up,2.646,0.894,0.944,0.952,0.959,2025-06-16 21:36:57.631216,,
BOO,Last100,0,2013-10-24 00:40:00,2013-10-24 00:40:00, , ,1,1,1,N/A,1,0,NaN,NaN,NaN,NaN,0,NaN,NaN,NaN,NaN,NaN,Scale-up,NaN,NaN,NaN,NaN,NaN,2025-06-16 21:36:57.634207,,
CUANTO,All,1676,2009-05-19 02:51:00,2013-12-21 02:41:00,100,100,14,86,18,82,71,11,0.009,0.065,0.013,0.055,0.061,0.058,0.902,0.122,0.824,200.0,Scale-up,18.182,0.963,0.916,0.89,0.914,2025-06-16 21:37:15.415850,,
CUANTO,Last100,0,2013-12-21 02:41:00,2013-12-21 02:41:00, , ,1,1,1,N/A,1,0,NaN,NaN,NaN,NaN,0,NaN,NaN,NaN,NaN,NaN,Scale-up,NaN,NaN,NaN,NaN,NaN,2025-06-16 21:37:15.417847,,
CONSTELLATION,All,749,2008-09-15 16:33:00,2010-10-04 16:52:00,86,86,43,43,2,84,63,21,0.065,0.073,0.008,0.093,0.13,0.134,0.715,0.471,0.942,225.806,Scale-up,10.753,0.973,0.967,1.0,0.966,2025-06-16 21:37:33.122328,,
CONSTELLATION,Last100,97,2010-06-28 23:43:00,2010-10-04 16:52:00, , ,1,1,1,N/A,2,-1,NaN,NaN,NaN,0.01,0,NaN,NaN,NaN,NaN,NaN,Scale-up,100.0,NaN,NaN,NaN,1.0,2025-06-16 21:37:33.124327,,
CHEN,All,1162,2009-09-16 05:41:00,2012-11-21 10:51:00,56,56,6,50,4,52,31,21,0.011,0.049,0.028,0.064,0.032,0.051,2.0,0.183,0.533,328.125,Catch-up,15.625,0.933,0.847,0.672,0.9,2025-06-16 21:37:50.547637,,
CHEN,Last100,0,2012-11-21 10:51:00,2012-11-21 10:51:00, , ,1,1,1,N/A,1,0,NaN,NaN,NaN,NaN,0,NaN,NaN,NaN,NaN,NaN,Catch-up,NaN,NaN,NaN,NaN,NaN,2025-06-16 21:37:50.548673,,
CBUILDS,All,2148,2007-01-22 11:34:00,2012-12-10 09:14:00,59,59,14,45,3,56,47,9,0.009,0.021,0.002,0.025,0.028,0.026,0.893,0.3,0.933,360.0,Scale-up,40.0,0.719,0.928,0.898,0.904,2025-06-16 21:38:08.079310,,
CBUILDS,Last100,1,2012-12-08 10:35:00,2012-12-10 09:14:00, , ,1,2,1,N/A,1,1,NaN,0.5,NaN,NaN,0,0.5,NaN,NaN,NaN,NaN,Scale-up,NaN,NaN,1.0,NaN,NaN,2025-06-16 21:38:08.081310,,
CAKE,All,1150,2008-04-28 17:21:00,2011-06-23 04:58:00,33,33,15,18,1,32,10,22,0.07,0.049,0,0.006,0.119,0.11,0.05,0.588,1.0,3666.667,Scale-up,166.667,0.896,0.846,0,0.648,2025-06-16 21:38:25.163145,,
CAKE,Last100,0,2011-06-23 04:56:00,2011-06-23 04:58:00, , ,1,1,1,N/A,2,-1,NaN,NaN,NaN,1.0,0,NaN,NaN,NaN,NaN,NaN,Scale-up,1.0,NaN,NaN,NaN,1.0,2025-06-16 21:38:25.166194,,
BP,All,1554,2005-02-03 23:58:00,2009-05-08 23:05:00,56,56,14,42,7,49,40,9,0.089,0.029,0.007,0.191,0.111,0.035,1.721,0.754,0.941,47.12,Catch-up,5.236,0.67,0.522,0.54,0.887,2025-06-16 21:38:42.746414,,
BP,Last100,0,2009-05-08 23:05:00,2009-05-08 23:05:00, , ,1,1,1,N/A,1,0,NaN,NaN,NaN,NaN,0,NaN,NaN,NaN,NaN,NaN,Catch-up,NaN,NaN,NaN,NaN,NaN,2025-06-16 21:38:42.747411,,
BTM,All,2249,2007-09-06 04:04:00,2013-11-02 15:41:00,131,131,15,116,15,116,99,17,0.007,0.055,0.007,0.053,0.055,0.055,0.964,0.113,0.887,320.755,Scale-up,18.868,0.95,0.947,0.976,0.945,2025-06-16 21:39:01.703600,,
BTM,Last100,88,2013-08-05 15:43:00,2013-11-02 15:41:00, , ,1,6,2,N/A,2,1,NaN,0.034,NaN,NaN,0,0.032,NaN,NaN,NaN,NaN,Scale-up,NaN,NaN,0.429,NaN,NaN,2025-06-16 21:39:01.705595,,
ACT,All,1275,2010-06-23 17:43:00,2013-12-19 18:30:00,1849,1849,579,1270,479,1370,1184,186,0.484,0.998,0.429,0.907,1.053,0.994,0.861,0.327,0.711,205.072,Scale-up,1.103,0.788,0.997,0.94,0.979,2025-06-16 21:39:22.588812,,
ACT,Last100,99,2013-09-11 18:20:00,2013-12-19 18:30:00, , ,11,82,15,N/A,70,7,0.136,0.937,0.218,0.687,0.855,0.875,0.804,0.127,0.797,270.742,Scale-up,1.456,0.934,0.982,0.925,0.944,2025-06-16 21:39:27.106656,,
AW,All,2917,2003-08-14 00:39:00,2011-08-09 20:33:00,344,344,104,240,54,290,221,69,0.097,0.112,0.02,0.581,0.189,0.137,3.074,0.464,0.904,118.761,Catch-up,1.721,0.441,0.381,0.395,0.871,2025-06-16 21:39:46.274954,,
AW,Last100,0,2011-08-09 00:57:00,2011-08-09 20:33:00, , ,1,3,1,N/A,1,1,NaN,1.5,NaN,NaN,0,1.0,NaN,NaN,NaN,NaN,Catch-up,NaN,NaN,0.75,NaN,NaN,2025-06-16 21:39:46.277124,,
BERKANO,All,694,2005-05-29 04:37:00,2007-04-23 20:51:00,38,38,18,20,1,37,11,26,0.022,0.03,0,0.016,0.052,0.049,0.308,0.423,1.0,1625.0,Scale-up,62.5,0.878,0.891,0,0.821,2025-06-16 21:40:03.394864,,
BERKANO,Last100,0,2007-04-23 20:51:00,2007-04-23 20:51:00, , ,1,1,1,N/A,1,0,NaN,NaN,NaN,NaN,0,NaN,NaN,NaN,NaN,NaN,Scale-up,NaN,NaN,NaN,NaN,NaN,2025-06-16 21:40:03.396859,,
ARCHETYPE,All,3051,2005-08-02 21:19:00,2013-12-09 23:19:00,411,411,57,354,84,327,198,129,0.017,0.133,0.035,0.085,0.115,0.116,0.739,0.113,0.767,1517.647,Scale-up,11.765,0.978,0.971,0.927,0.951,2025-06-16 21:40:26.285759,,
ARCHETYPE,Last100,68,2013-10-02 20:30:00,2013-12-09 23:19:00, , ,1,8,1,N/A,1,6,NaN,0.084,NaN,NaN,0,0.082,NaN,NaN,NaN,NaN,Scale-up,NaN,NaN,0.954,NaN,NaN,2025-06-16 21:40:26.291741,,
