XNIO,All,4937,2008-06-04 13:48:21,2021-12-10 16:24:43,355,355,154,201,2,353,312,41,0.03,0.042,0.0,0.062,0.072,0.07,0.861,0.417,1.0,661.29,Scale-up,16.129,0.963,0.974,1.0,0.972,2025-06-12 15:59:05.939519,,
XNIO,Last100,85,2021-09-16 13:53:05,2021-12-10 16:24:43, , ,4,4,1,N/A,7,-1,0.034,0.033,NaN,0.059,0.067,0.062,NaN,NaN,NaN,NaN,Scale-up,16.949,0.715,0.759,NaN,0.768,2025-06-12 15:59:05.944240,,
WTO,All,532,2020-06-22 14:36:28,2021-12-06 15:29:46,99,99,80,19,1,98,63,35,0.143,0.032,0,0.107,0.175,0.173,0.611,0.817,1.0,327.103,Scale-up,9.346,0.922,0.936,0,0.94,2025-06-12 15:59:13.394074,,
WTO,Last100,98,2021-08-30 14:07:45,2021-12-06 15:29:46, , ,4,4,1,N/A,8,-1,0.027,0.063,NaN,0.056,0.09,0.072,NaN,NaN,NaN,NaN,Scale-up,17.857,0.907,0.834,NaN,0.881,2025-06-12 15:59:13.397074,,
WRKLDS,All,315,2021-02-02 08:28:26,2021-12-14 13:51:05,63,63,62,1,0,63,28,35,0.201,0,0,0.092,0.201,0.205,0.458,1.0,1.0,380.435,Scale-up,10.87,0.964,0,0,0.953,2025-06-12 15:59:20.340601,,
WRKLDS,Last100,84,2021-09-21 12:17:00,2021-12-14 13:51:05, , ,10,1,1,N/A,4,5,0.149,NaN,0,0.04,0.149,0.149,NaN,NaN,NaN,NaN,Scale-up,25.0,0.934,NaN,0,0.877,2025-06-12 15:59:20.342595,,
WISE,All,4648,2008-09-16 16:03:54,2021-06-08 21:03:24,269,269,176,93,4,265,259,6,0.041,0.021,0.006,0.054,0.056,0.06,0.964,0.661,0.903,111.111,Scale-up,18.519,0.896,0.844,0.908,0.921,2025-06-12 15:59:28.791549,,
WISE,Last100,0,2021-06-08 07:42:35,2021-06-08 21:03:24, , ,1,1,1,N/A,5,-5,NaN,NaN,NaN,NaN,0,NaN,NaN,NaN,NaN,NaN,Scale-up,NaN,NaN,NaN,NaN,NaN,2025-06-12 15:59:28.796807,,
WINDUPRULE,All,2996,2013-10-10 15:33:20,2021-12-24 11:27:58,484,484,350,134,9,475,367,108,0.115,0.05,0.005,0.153,0.16,0.161,0.956,0.697,0.97,705.882,Scale-up,6.536,0.982,0.901,0.908,0.958,2025-06-12 15:59:37.333729,,
WINDUPRULE,Last100,79,2021-10-05 15:38:57,2021-12-24 11:27:58, , ,30,4,1,N/A,10,23,0.306,0.058,NaN,0.172,0.364,0.363,NaN,NaN,NaN,NaN,Scale-up,5.814,0.906,0.882,NaN,0.942,2025-06-12 15:59:37.365070,,
WINDUP,All,3161,2013-05-09 08:17:25,2022-01-03 15:28:44,2787,2787,1636,1151,97,2690,2227,463,0.575,0.41,0.034,0.8,0.951,0.953,0.841,0.584,0.965,578.75,Scale-up,1.25,0.989,0.981,0.945,0.983,2025-06-12 15:59:46.747144,,
WINDUP,Last100,98,2021-09-27 09:47:15,2022-01-03 15:28:44, , ,54,22,6,N/A,46,23,0.661,0.22,0.071,0.455,0.81,0.838,0.562,0.75,0.919,1017.582,Scale-up,2.198,0.917,0.697,0.892,0.893,2025-06-12 15:59:51.829407,,
WINC,All,345,2021-01-03 15:13:08,2021-12-14 19:43:00,141,141,140,1,0,141,53,88,0.389,0,0,0.173,0.389,0.39,0.445,1.0,1.0,508.671,Scale-up,5.78,0.991,0,0,0.944,2025-06-12 15:59:58.782104,,
WINC,Last100,97,2021-09-08 14:50:15,2021-12-14 19:43:00, , ,44,1,1,N/A,18,27,0.432,NaN,0,0.185,0.432,0.432,NaN,NaN,NaN,NaN,Scale-up,5.405,0.965,NaN,0,0.942,2025-06-12 15:59:58.784098,,
WFWIP,All,1460,2017-12-01 09:11:53,2021-11-30 13:09:36,278,278,21,257,9,269,253,16,0.017,0.203,0.007,0.213,0.213,0.212,1.0,0.077,0.968,75.117,Catch-up,4.695,0.938,0.954,0.896,0.939,2025-06-12 16:00:07.332079,,
WFWIP,Last100,89,2021-09-02 09:38:14,2021-11-30 13:09:36, , ,1,6,1,N/A,4,0,NaN,0.073,NaN,0.037,0,0.064,NaN,NaN,NaN,NaN,Catch-up,27.027,NaN,0.924,NaN,0.862,2025-06-12 16:00:07.335079,,
WFTC,All,1762,2016-09-22 12:13:07,2021-07-20 15:45:27,85,85,34,51,1,84,73,11,0.02,0.031,0,0.045,0.051,0.05,0.882,0.392,1.0,244.444,Scale-up,22.222,0.901,0.963,0,0.948,2025-06-12 16:00:14.796016,,
WFTC,Last100,78,2021-05-03 12:29:44,2021-07-20 15:45:27, , ,2,1,1,N/A,2,0,0.013,NaN,NaN,0.25,0,0.025,NaN,NaN,NaN,NaN,Scale-up,4.0,1.0,NaN,NaN,1.0,2025-06-12 16:00:14.799016,,
WFSSL,All,1666,2017-05-24 05:51:03,2021-12-15 13:30:37,81,81,46,35,0,81,68,13,0.057,0.019,0,0.042,0.076,0.051,0.553,0.75,1.0,309.524,Scale-up,23.81,0.957,0.938,0,0.785,2025-06-12 16:00:22.343162,,
WFSSL,Last100,86,2021-09-19 17:25:17,2021-12-15 13:30:37, , ,6,3,1,N/A,3,5,0.062,0.018,0,0.214,0.08,0.076,2.675,0.775,1.0,60.748,Catch-up,4.673,0.641,0.793,0,0.75,2025-06-12 16:00:26.532270,,
WFNC,All,1929,2016-06-23 16:15:54,2021-10-05 15:51:48,61,61,36,25,0,61,51,10,0.015,0.014,0,0.025,0.029,0.028,0.862,0.517,1.0,400.0,Scale-up,40.0,0.614,0.656,0,0.663,2025-06-12 16:00:34.159678,,
WFNC,Last100,0,2021-10-05 15:51:48,2021-10-05 15:51:48, , ,1,1,1,N/A,1,0,NaN,NaN,0,NaN,0,NaN,NaN,NaN,NaN,NaN,Scale-up,NaN,NaN,NaN,0,NaN,2025-06-12 16:00:34.160674,,
WFMP,All,2572,2014-11-14 04:33:47,2021-11-29 19:11:59,134,134,82,52,8,126,119,7,0.03,0.028,0.003,0.051,0.055,0.05,0.927,0.517,0.948,137.255,Scale-up,19.608,0.917,0.863,0.886,0.896,2025-06-12 16:00:42.296396,,
WFMP,Last100,68,2021-09-22 16:21:35,2021-11-29 19:11:59, , ,11,1,3,N/A,11,-3,0.419,NaN,0.079,0.138,0.33999999999999997,0.126,NaN,NaN,NaN,NaN,Scale-up,7.246,0.834,NaN,0.75,0.517,2025-06-12 16:00:42.299387,,
WFLY,All,4765,2008-12-18 05:22:47,2022-01-04 17:24:08,12322,12322,5537,6785,213,12109,10848,1261,1.493,2.128,0.063,3.352,3.558,3.511,0.942,0.412,0.983,376.193,Scale-up,0.298,0.994,0.989,0.992,0.998,2025-06-12 16:00:54.289518,,
WFLY,Last100,99,2021-09-26 18:45:36,2022-01-04 17:24:08, , ,291,118,20,N/A,325,63,3.231,1.25,0.207,3.401,4.274,4.292,0.796,0.721,0.954,370.773,Scale-up,0.294,0.984,0.96,0.857,0.981,2025-06-12 16:00:59.683521,,
WFK2,All,1646,2013-02-18 15:50:49,2017-08-23 12:06:54,597,597,39,558,5,592,586,6,0.056,0.936,0.008,0.914,0.984,0.982,0.929,0.056,0.992,6.565,Start-up,1.094,0.891,0.957,0.85,0.939,2025-06-12 16:01:08.313100,,
WFK2,Last100,0,2017-08-23 12:06:54,2017-08-23 12:06:54, , ,1,1,1,N/A,1,0,NaN,NaN,NaN,NaN,0,NaN,NaN,NaN,NaN,NaN,Start-up,NaN,NaN,NaN,NaN,NaN,2025-06-12 16:01:08.338629,,
WFDISC,All,1539,2016-10-17 13:21:45,2021-01-04 12:53:11,36,36,26,10,0,36,30,6,0.022,0.005,0,0.027,0.027,0.025,1.0,0.815,1.0,222.222,Catch-up,37.037,0.629,0.575,0,0.648,2025-06-12 16:01:15.939767,,
WFDISC,Last100,0,2021-01-04 12:53:11,2021-01-04 12:53:11, , ,1,1,1,N/A,1,0,NaN,NaN,0,NaN,0,NaN,NaN,NaN,NaN,NaN,Catch-up,NaN,NaN,NaN,0,NaN,2025-06-12 16:01:15.941762,,
WFCORE,All,4361,2010-01-26 13:23:12,2022-01-04 17:47:45,4948,4948,2515,2433,70,4878,4327,551,0.838,1.019,0.025,1.794,1.832,1.788,0.979,0.451,0.987,307.135,Scale-up,0.557,0.965,0.924,0.964,0.965,2025-06-12 16:01:25.922144,,
WFCORE,Last100,99,2021-09-26 20:55:41,2022-01-04 17:47:45, , ,76,27,7,N/A,84,11,0.778,0.287,0.079,0.953,0.986,0.997,0.967,0.731,0.926,578.174,Scale-up,1.049,0.986,0.935,0.904,0.975,2025-06-12 16:01:31.040493,,
WFCOM,All,2078,2016-03-24 17:50:14,2021-12-02 15:46:43,62,62,52,10,1,61,54,7,0.032,0.008,0,0.046,0.04,0.037,1.15,0.8,1.0,152.174,Catch-up,21.739,0.846,0.774,0,0.885,2025-06-12 16:01:38.457324,,
WFCOM,Last100,70,2021-09-23 08:43:16,2021-12-02 15:46:43, , ,2,1,1,N/A,1,0,0.014,NaN,NaN,NaN,0,0.007,NaN,NaN,NaN,NaN,Catch-up,NaN,1.0,NaN,NaN,NaN,2025-06-12 16:01:38.461320,,
WFCC,All,1699,2017-04-27 18:38:54,2021-12-22 08:57:41,37,37,17,20,0,37,16,21,0.007,0.011,0,0.006,0.018,0.017,0.333,0.389,1.0,3500.0,Scale-up,166.667,0.92,0.877,0,0.859,2025-06-12 16:01:45.963064,,
WFCC,Last100,35,2021-11-16 14:13:42,2021-12-22 08:57:41, , ,1,1,1,N/A,2,-1,NaN,NaN,0,0.028,0,0.028,NaN,NaN,NaN,NaN,Scale-up,35.714,NaN,NaN,0,1.0,2025-06-12 16:01:45.986954,,
WFARQ,All,3688,2011-11-15 14:26:26,2021-12-21 01:20:26,100,100,61,39,4,96,84,12,0.021,0.013,0.002,0.035,0.032,0.032,1.094,0.618,0.941,342.857,Catch-up,28.571,0.908,0.914,0.806,0.938,2025-06-12 16:01:54.150905,,
WFARQ,Last100,11,2021-12-09 22:53:25,2021-12-21 01:20:26, , ,2,2,1,N/A,4,-1,0.083,0.091,NaN,0.189,0.174,0.177,NaN,NaN,NaN,NaN,Catch-up,5.291,1.0,1.0,NaN,0.867,2025-06-12 16:01:54.177674,,
WELD,All,4964,2008-06-02 09:35:35,2022-01-04 11:01:59,2481,2481,1003,1478,45,2436,2337,99,0.252,0.366,0.01,0.612,0.608,0.607,1.007,0.408,0.984,161.765,Catch-up,1.634,0.971,0.934,0.838,0.961,2025-06-12 16:02:03.461140,,
WELD,Last100,92,2021-10-04 08:40:08,2022-01-04 11:01:59, , ,13,5,1,N/A,15,1,0.224,0.047,NaN,0.182,0.271,0.231,NaN,NaN,NaN,NaN,Catch-up,5.495,0.958,0.955,NaN,0.882,2025-06-12 16:02:03.484518,,
WEJBHTTP,All,1546,2017-09-12 14:06:42,2021-12-07 09:12:40,60,60,19,41,0,60,52,8,0.012,0.023,0,0.028,0.035,0.033,0.8,0.343,1.0,285.714,Scale-up,35.714,0.837,0.976,0,0.973,2025-06-12 16:02:11.027923,,
WEJBHTTP,Last100,29,2021-11-08 04:07:52,2021-12-07 09:12:40, , ,3,2,1,N/A,4,0,0.062,0.167,0,0.133,0.229,0.11,0.581,0.271,1.0,60.15,Scale-up,7.519,0.75,1.0,0,0.8,2025-06-12 16:02:15.207335,,
USMINT,All,106,2021-08-30 16:13:29,2021-12-14 18:03:34,107,107,107,0,0,107,34,73,1.354,0,0,0.309,1.354,1.354,0.228,1.0,1.0,236.246,Scale-up,3.236,0.633,0,0,0.718,2025-06-12 16:02:22.048327,,
USMINT,Last100,77,2021-09-28 14:13:47,2021-12-14 18:03:34, , ,105,1,1,N/A,34,70,1.512,0,0,0.307,1.512,1.512,0.203,1.0,1.0,237.785,Scale-up,3.257,0.655,0,0,0.718,2025-06-12 16:02:25.684386,,
UNDERTOW,All,3591,2012-02-29 14:31:16,2021-12-30 06:46:08,1725,1725,469,1256,36,1689,1510,179,0.135,0.444,0.011,0.5,0.568,0.561,0.88,0.233,0.981,358.0,Scale-up,2.0,0.995,0.981,0.895,0.978,2025-06-12 16:02:34.761138,,
UNDERTOW,Last100,97,2021-09-23 08:29:37,2021-12-30 06:46:08, , ,14,24,1,N/A,43,-7,0.125,0.223,NaN,0.495,0.348,0.337,NaN,NaN,NaN,NaN,Scale-up,2.02,0.98,0.949,NaN,0.924,2025-06-12 16:02:34.793801,,
TRACING,All,1425,2018-01-26 03:49:25,2021-12-21 16:29:46,1340,1340,1178,162,0,1340,531,809,0.868,0.133,0,0.377,1.001,0.999,0.377,0.867,1.0,2145.889,Scale-up,2.653,0.995,0.969,0,0.986,2025-06-12 16:02:43.047230,,
TRACING,Last100,98,2021-09-13 18:36:25,2021-12-21 16:29:46, , ,67,8,1,N/A,49,27,0.643,0.109,0,0.497,0.752,0.729,0.661,0.855,1.0,1627.767,Scale-up,2.012,0.982,0.947,0,0.959,2025-06-12 16:02:47.413307,,
THREESCALE,All,1910,2016-10-10 09:43:31,2022-01-03 08:42:57,4136,4136,2506,1630,267,3869,2899,970,1.645,1.05,0.209,1.989,2.486,2.525,0.8,0.61,0.922,487.682,Scale-up,0.503,0.986,0.984,0.847,0.974,2025-06-12 16:02:57.040335,,
THREESCALE,Last100,97,2021-09-27 09:46:57,2022-01-03 08:42:57, , ,140,80,9,N/A,236,-26,1.531,0.882,0.088,2.751,2.3249999999999997,2.321,1.183,0.634,0.964,352.599,Catch-up,0.364,0.983,0.974,0.963,0.681,2025-06-12 16:03:02.238582,,
THORN,All,1995,2015-04-22 16:14:23,2020-10-08 04:12:59,2447,2447,1392,1055,97,2350,2350,0,0.879,0.765,0.082,1.35,1.562,1.558,0.864,0.535,0.95,0.0,Start-up,0.741,0.974,0.948,0.983,0.975,2025-06-12 16:03:11.422878,,
THORN,Last100,98,2020-07-01 07:46:16,2020-10-08 04:12:59, , ,1,6,1,N/A,158,-152,NaN,0.046,NaN,1.585,0,0.057,NaN,NaN,NaN,NaN,Start-up,0.631,NaN,0.948,NaN,0.099,2025-06-12 16:03:11.449193,,
TEST,All,3069,2013-05-05 02:51:21,2021-09-29 08:08:12,165,165,141,24,1,164,139,25,0.05,0.008,0,0.057,0.058,0.057,0.983,0.862,1.0,438.596,Scale-up,17.544,0.239,0.929,0,0.145,2025-06-12 16:03:19.078517,,
TEST,Last100,0,2021-09-29 08:07:58,2021-09-29 08:08:12, , ,1,1,1,N/A,4,-3,NaN,NaN,NaN,2.0,0,NaN,NaN,NaN,NaN,NaN,Scale-up,0.5,NaN,NaN,NaN,0.6,2025-06-12 16:03:19.081508,,
TEIIDWEBTL,All,2214,2015-01-16 11:50:14,2021-02-08 10:55:48,36,36,19,17,0,36,16,20,0.072,0.082,0,0.004,0.154,0.16,0.026,0.468,1.0,5000.0,Scale-up,250.0,0.878,0.522,0,0.192,2025-06-12 16:03:26.588090,,
TEIIDWEBTL,Last100,0,2021-02-08 10:55:48,2021-02-08 10:55:48, , ,1,1,1,N/A,1,0,NaN,NaN,0,NaN,0,NaN,NaN,NaN,NaN,NaN,Scale-up,NaN,NaN,NaN,0,NaN,2025-06-12 16:03:26.589092,,
TEIIDWEBCN,All,2786,2013-02-20 10:39:33,2020-10-07 11:59:31,37,37,16,21,3,34,33,1,0.007,0.009,0.021,0.017,-0.005,0.015,-3.4,0.438,-0.313,58.824,Scale-up,58.824,0.946,0.856,0.75,0.942,2025-06-12 16:03:34.650387,,
TEIIDWEBCN,Last100,0,2020-10-07 11:59:31,2020-10-07 11:59:31, , ,1,1,1,N/A,1,0,NaN,NaN,NaN,NaN,0,NaN,NaN,NaN,NaN,NaN,Scale-up,NaN,NaN,NaN,NaN,NaN,2025-06-12 16:03:34.651384,,
TEIIDSB,All,1423,2017-04-17 04:30:53,2021-03-10 11:31:33,191,191,139,52,11,180,172,8,0.162,0.076,0.014,0.215,0.224,0.222,0.96,0.681,0.941,37.209,Scale-up,4.651,0.905,0.957,0.484,0.938,2025-06-12 16:03:43.031464,,
TEIIDSB,Last100,83,2020-12-17 04:15:37,2021-03-10 11:31:33, , ,2,3,1,N/A,5,-1,0.03,NaN,NaN,0.109,0,0.047,NaN,NaN,NaN,NaN,Scale-up,9.174,1.0,NaN,NaN,0.613,2025-06-12 16:03:43.034455,,
TEIIDDES,All,5404,2005-12-01 00:00:00,2020-09-17 08:12:56,3011,3011,966,2045,507,2504,2504,0,0.306,0.611,0.09,0.823,0.827,0.684,0.995,0.334,0.902,0.0,Start-up,1.215,0.977,0.992,0.678,0.98,2025-06-12 16:03:52.589270,,
TEIIDDES,Last100,63,2020-07-15 10:49:15,2020-09-17 08:12:56, , ,2,1,324,N/A,1,-324,0.04,NaN,162.0,NaN,-161.96,-4.348,NaN,NaN,NaN,NaN,Start-up,NaN,1.0,NaN,0.447,NaN,2025-06-12 16:03:52.598246,,
TEIID,All,7303,2001-10-31 00:00:00,2021-10-29 13:13:49,5452,5452,2454,2998,54,5398,5324,74,0.541,0.697,0.011,1.244,1.227,1.226,1.014,0.437,0.991,59.486,Catch-up,0.804,0.989,0.986,0.968,0.995,2025-06-12 16:04:02.697954,,
TEIID,Last100,91,2021-07-30 10:26:51,2021-10-29 13:13:49, , ,2,4,1,N/A,1,4,0.015,0.052,NaN,NaN,0.067,0.036,NaN,NaN,NaN,NaN,Catch-up,NaN,1.0,0.848,NaN,NaN,2025-06-12 16:04:02.708952,,
SWSQE,All,1399,2018-02-14 11:18:46,2021-12-15 06:10:12,979,979,866,113,10,969,896,73,0.652,0.106,0.007,0.692,0.751,0.744,0.921,0.86,0.991,105.491,Scale-up,1.445,0.965,0.882,0.911,0.958,2025-06-12 16:04:11.441539,,
SWSQE,Last100,99,2021-09-06 18:49:52,2021-12-15 06:10:12, , ,33,1,1,N/A,32,0,0.265,NaN,NaN,0.284,0,0.257,NaN,NaN,NaN,NaN,Scale-up,3.521,0.928,NaN,NaN,0.961,2025-06-12 16:04:11.446532,,
SWITCHYARD,All,3982,2010-11-03 13:30:24,2021-09-28 14:57:46,2867,2867,1469,1398,38,2829,2352,477,0.771,0.703,0.015,1.153,1.459,1.42,0.79,0.523,0.99,413.703,Scale-up,0.867,0.939,0.977,0.849,0.963,2025-06-12 16:04:20.657691,,
SWITCHYARD,Last100,0,2021-09-28 14:57:46,2021-09-28 14:57:46, , ,1,1,1,N/A,1,0,NaN,NaN,NaN,NaN,0,NaN,NaN,NaN,NaN,NaN,Scale-up,NaN,NaN,NaN,NaN,NaN,2025-06-12 16:04:20.664676,,
STOR,All,319,2021-02-05 15:48:09,2021-12-22 15:16:51,107,107,107,0,0,107,44,63,0.322,0,0,0.177,0.322,0.322,0.55,1.0,1.0,355.932,Scale-up,5.65,0.958,0,0,0.95,2025-06-12 16:04:27.681850,,
STOR,Last100,97,2021-09-15 16:08:01,2021-12-22 15:16:51, , ,23,1,1,N/A,9,15,0.373,0,0,0.063,0.373,0.373,0.169,1.0,1.0,1000.0,Scale-up,15.873,0.679,0,0,0.785,2025-06-12 16:04:31.378850,,
SRVKP,All,700,2020-02-04 00:03:12,2022-01-04 09:42:56,489,489,363,126,0,489,277,212,0.775,0.288,0,0.698,1.063,1.063,0.657,0.729,1.0,303.725,Scale-up,1.433,0.965,0.978,0,0.986,2025-06-12 16:04:39.253135,,
SRVKP,Last100,99,2021-09-27 08:19:17,2022-01-04 09:42:56, , ,109,39,1,N/A,88,61,1.382,0.533,0,0.896,1.915,1.925,0.468,0.722,1.0,236.607,Scale-up,1.116,0.984,0.922,0,0.983,2025-06-12 16:04:43.721916,,
SPLAT,All,344,2021-01-25 14:59:45,2022-01-04 16:42:35,184,184,181,3,0,184,99,85,0.56,0.007,0,0.341,0.567,0.568,0.601,0.988,1.0,249.267,Scale-up,2.933,0.961,0.974,0,0.972,2025-06-12 16:04:51.309953,,
SPLAT,Last100,99,2021-09-27 11:29:10,2022-01-04 16:42:35, , ,61,1,1,N/A,39,24,0.665,NaN,0,0.367,0.665,0.663,NaN,NaN,NaN,NaN,Scale-up,2.725,0.956,NaN,0,0.979,2025-06-12 16:04:51.312946,,
SOA,All,1764,2007-03-15 10:46:49,2012-01-12 18:46:01,3056,3056,748,2308,43,3013,3007,6,0.503,1.447,0.023,1.756,1.927,1.917,0.911,0.258,0.988,3.417,Start-up,0.569,0.99,0.993,0.962,0.985,2025-06-12 16:05:00.878812,,
SOA,Last100,100,2011-10-04 10:23:27,2012-01-12 18:46:01, , ,19,130,4,N/A,435,-289,0.18,1.478,0.039,3.512,1.619,1.586,2.169,0.109,0.976,1.708,Plan-up,0.285,0.936,0.934,0.895,0.886,2025-06-12 16:05:05.867442,,
SNOWDROP,All,4447,2008-12-14 06:09:34,2021-02-16 09:48:16,118,118,40,78,0,118,107,11,0.014,0.036,0,0.052,0.05,0.05,1.04,0.28,1.0,211.538,Catch-up,19.231,0.707,0.881,0,0.945,2025-06-12 16:05:13.370829,,
SNOWDROP,Last100,0,2021-02-16 09:48:16,2021-02-16 09:48:16, , ,1,1,1,N/A,1,0,NaN,NaN,0,NaN,0,NaN,NaN,NaN,NaN,NaN,Catch-up,NaN,NaN,NaN,0,NaN,2025-06-12 16:05:13.372823,,
SHRINKWRAP,All,4522,2009-08-05 16:20:28,2021-12-23 06:47:38,465,465,325,140,3,462,400,62,0.128,0.048,0.022,0.161,0.154,0.17,1.045,0.727,0.875,385.093,Catch-up,6.211,0.723,0.828,0.886,0.731,2025-06-12 16:05:21.778344,,
SHRINKWRAP,Last100,0,2021-12-23 06:32:27,2021-12-23 06:47:38, , ,1,1,1,N/A,2,-1,NaN,NaN,NaN,1.0,0,NaN,NaN,NaN,NaN,NaN,Catch-up,1.0,NaN,NaN,NaN,1.0,2025-06-12 16:05:21.781335,,
SHRINKRES,All,3709,2011-03-29 21:58:04,2021-05-25 14:08:04,296,296,167,129,5,291,242,49,0.062,0.046,0.002,0.098,0.106,0.104,0.925,0.574,0.981,500.0,Scale-up,10.204,0.822,0.932,0.8,0.892,2025-06-12 16:05:30.048588,,
SHRINKRES,Last100,0,2021-05-25 14:08:04,2021-05-25 14:08:04, , ,1,1,1,N/A,1,0,NaN,NaN,NaN,NaN,0,NaN,NaN,NaN,NaN,NaN,Scale-up,NaN,NaN,NaN,NaN,NaN,2025-06-12 16:05:30.050585,,
SECURITY,All,5363,2006-09-05 13:15:33,2021-05-13 09:32:01,881,881,582,299,3,878,750,128,0.154,0.076,0.001,0.188,0.229,0.221,0.821,0.67,0.996,680.851,Scale-up,5.319,0.924,0.981,0.993,0.944,2025-06-12 16:05:38.638085,,
SECURITY,Last100,0,2021-05-13 09:32:01,2021-05-13 09:32:01, , ,1,1,1,N/A,1,0,NaN,NaN,NaN,NaN,0,NaN,NaN,NaN,NaN,NaN,Scale-up,NaN,NaN,NaN,NaN,NaN,2025-06-12 16:05:38.640076,,
SDN,All,829,2019-09-19 15:12:02,2021-12-27 14:06:56,571,571,563,8,0,571,276,295,1.638,0.023,0,0.941,1.661,1.661,0.567,0.986,1.0,313.496,Scale-up,1.063,0.925,0.921,0,0.878,2025-06-12 16:05:46.468782,,
SDN,Last100,97,2021-09-21 11:20:13,2021-12-27 14:06:56, , ,202,1,1,N/A,179,23,2.379,NaN,0,1.909,2.379,2.391,NaN,NaN,NaN,NaN,Scale-up,0.524,0.989,NaN,0,0.981,2025-06-12 16:05:46.472781,,
SB,All,1780,2017-01-09 02:30:42,2021-11-24 14:17:12,1190,1190,1036,154,59,1131,1027,104,0.785,0.181,0.052,1.305,0.914,0.876,1.428,0.813,0.946,79.693,Catch-up,0.766,0.81,0.907,0.83,0.949,2025-06-12 16:05:55.357249,,
SB,Last100,0,2021-11-24 14:16:37,2021-11-24 14:17:12, , ,1,1,1,N/A,1,-1,NaN,NaN,NaN,NaN,0,NaN,NaN,NaN,NaN,NaN,Catch-up,NaN,NaN,NaN,NaN,NaN,2025-06-12 16:05:55.360243,,
RUN,All,311,2021-02-12 09:48:32,2021-12-20 15:34:55,160,160,160,0,0,160,96,64,0.546,0,0,0.368,0.546,0.546,0.674,1.0,1.0,173.913,Scale-up,2.717,0.993,0,0,0.987,2025-06-12 16:06:02.518845,,
RUN,Last100,96,2021-09-14 18:01:31,2021-12-20 15:34:55, , ,44,1,1,N/A,31,12,0.427,0,0,0.386,0.427,0.427,0.904,1.0,1.0,165.803,Scale-up,2.591,0.933,0,0,0.975,2025-06-12 16:06:06.300750,,
RIFTSAW,All,4247,2009-07-14 11:45:27,2021-02-28 16:47:11,523,523,254,269,19,504,450,54,0.166,0.166,0.013,0.239,0.319,0.319,0.749,0.5,0.961,225.941,Scale-up,4.184,0.904,0.864,0.908,0.754,2025-06-12 16:06:14.664386,,
RIFTSAW,Last100,0,2021-02-28 16:46:17,2021-02-28 16:47:11, , ,1,1,1,N/A,2,-1,NaN,NaN,NaN,NaN,0,NaN,NaN,NaN,NaN,NaN,Scale-up,NaN,NaN,NaN,NaN,NaN,2025-06-12 16:06:14.666380,,
RHSSO,All,2414,2015-04-28 06:12:39,2021-12-06 11:17:35,1008,1008,462,546,0,1008,1008,0,0.382,0.54,0,0.353,0.922,0.908,0.383,0.414,1.0,0.0,Start-up,2.833,0.945,0.875,0,0.807,2025-06-12 16:06:22.719967,,
RHSSO,Last100,0,2021-12-06 10:54:03,2021-12-06 11:17:35, , ,1,1,1,N/A,215,-214,NaN,NaN,0,107.5,0,NaN,NaN,NaN,NaN,NaN,Start-up,0.009,NaN,NaN,0,0.745,2025-06-12 16:06:22.750182,,
RHPAM,All,3169,2013-05-01 12:31:00,2022-01-04 10:07:06,2873,2873,578,2295,143,2730,2406,324,0.335,1.303,0.091,1.564,1.547,1.551,1.011,0.205,0.944,207.161,Catch-up,0.639,0.97,0.941,0.981,0.97,2025-06-12 16:06:32.700542,,
RHPAM,Last100,97,2021-09-28 13:49:35,2022-01-04 10:07:06, , ,32,84,14,N/A,66,37,0.374,0.954,0.118,0.799,1.21,1.222,0.66,0.282,0.911,405.507,Scale-up,1.252,0.986,0.979,0.948,0.985,2025-06-12 16:06:37.839749,,
RHOSPDOC,All,617,2020-04-09 06:08:32,2021-12-17 14:59:18,134,134,131,3,1,133,79,54,0.21,0.004,0,0.168,0.214,0.212,0.785,0.981,1.0,321.429,Scale-up,5.952,0.946,0.887,0,0.922,2025-06-12 16:06:45.447873,,
RHOSPDOC,Last100,95,2021-09-13 12:49:52,2021-12-17 14:59:18, , ,28,1,1,N/A,13,16,0.272,NaN,NaN,0.094,0,0.272,NaN,NaN,NaN,NaN,Scale-up,10.638,0.942,NaN,NaN,0.839,2025-06-12 16:06:45.449866,,
RHMWINT,All,1027,2018-10-24 08:33:07,2021-08-16 17:31:36,97,97,83,14,1,96,75,21,0.111,0.059,0,0.089,0.17,0.136,0.524,0.653,1.0,235.955,Scale-up,11.236,0.962,0.64,0,0.961,2025-06-12 16:06:53.078476,,
RHMWINT,Last100,91,2021-05-17 00:20:19,2021-08-16 17:31:36, , ,1,1,1,N/A,6,-5,NaN,NaN,NaN,0.039,0,NaN,NaN,NaN,NaN,NaN,Scale-up,25.641,NaN,NaN,NaN,0.723,2025-06-12 16:06:53.080468,,
RHDM,All,2743,2014-06-13 06:34:00,2021-12-16 17:47:53,1260,1260,245,1015,71,1189,1091,98,0.154,0.565,0.048,0.675,0.671,0.671,1.006,0.214,0.933,145.185,Catch-up,1.481,0.982,0.954,0.983,0.989,2025-06-12 16:07:01.944201,,
RHDM,Last100,99,2021-09-08 13:09:23,2021-12-16 17:47:53, , ,6,23,6,N/A,33,-11,0.056,0.263,0.078,0.377,0.241,0.26,1.564,0.176,0.755,259.947,Catch-up,2.653,0.898,0.941,0.904,0.979,2025-06-12 16:07:06.913953,,
RHDEVDOCS,All,3483,2012-06-22 07:15:26,2022-01-04 19:24:13,2222,2222,1804,418,65,2157,1809,348,0.783,0.196,0.03,0.845,0.949,0.961,0.89,0.8,0.969,411.834,Scale-up,1.183,0.918,0.876,0.732,0.954,2025-06-12 16:07:16.075632,,
RHDEVDOCS,Last100,99,2021-09-27 10:32:08,2022-01-04 19:24:13, , ,152,18,10,N/A,160,-1,1.456,0.234,0.111,1.669,1.579,1.553,1.057,0.862,0.934,208.508,Catch-up,0.599,0.976,0.918,0.969,0.987,2025-06-12 16:07:21.025700,,
RHD,All,2311,2015-02-23 05:23:46,2021-06-22 21:08:39,410,410,312,98,5,405,310,95,0.355,0.109,0.009,0.208,0.455,0.399,0.457,0.765,0.981,456.731,Scale-up,4.808,0.772,0.913,0.734,0.822,2025-06-12 16:07:29.440904,,
RHD,Last100,0,2021-06-22 21:07:58,2021-06-22 21:08:39, , ,1,1,1,N/A,4,-3,NaN,NaN,NaN,NaN,0,NaN,NaN,NaN,NaN,NaN,Scale-up,NaN,NaN,NaN,NaN,NaN,2025-06-12 16:07:29.442899,,
RHBRMS,All,2767,2012-07-23 23:50:00,2020-02-20 10:44:57,2400,2400,163,2237,147,2253,2236,17,0.099,1.43,0.062,1.003,1.467,1.388,0.684,0.065,0.959,16.949,Start-up,0.997,0.914,0.929,0.828,0.758,2025-06-12 16:07:38.559784,,
RHBRMS,Last100,77,2019-12-05 03:39:47,2020-02-20 10:44:57, , ,1,1,3,N/A,138,-140,NaN,NaN,NaN,1.772,0,NaN,NaN,NaN,NaN,NaN,Start-up,0.564,NaN,NaN,NaN,0.092,2025-06-12 16:07:38.565768,,
RHBPMS,All,3418,2012-04-17 13:33:00,2021-08-27 05:34:08,4026,4026,403,3623,290,3736,3695,41,0.268,2.261,0.195,1.464,2.334,2.323,0.627,0.106,0.923,28.005,Start-up,0.683,0.888,0.952,0.878,0.826,2025-06-12 16:07:48.572473,,
RHBPMS,Last100,0,2021-08-27 05:34:08,2021-08-27 05:34:08, , ,1,1,1,N/A,1,0,NaN,NaN,NaN,NaN,0,NaN,NaN,NaN,NaN,NaN,Start-up,NaN,NaN,NaN,NaN,NaN,2025-06-12 16:07:48.582549,,
RFE,All,1015,2019-03-26 15:10:19,2022-01-04 19:19:27,803,803,803,0,0,803,131,672,1.577,0,0,0.294,1.577,1.577,0.186,1.0,1.0,2285.714,Scale-up,3.401,0.949,0,0,0.991,2025-06-12 16:07:55.787889,,
RFE,Last100,99,2021-09-27 07:55:37,2022-01-04 19:19:27, , ,140,1,1,N/A,34,105,1.42,0,0,0.351,1.42,1.42,0.247,1.0,1.0,1914.53,Scale-up,2.849,0.99,0,0,0.951,2025-06-12 16:07:59.638126,,
RESTEASY,All,5054,2008-02-27 20:07:01,2021-12-30 10:28:29,2826,2826,1291,1535,58,2768,2474,294,0.237,0.312,0.012,0.494,0.537,0.535,0.92,0.432,0.978,595.142,Scale-up,2.024,0.917,0.999,0.92,0.952,2025-06-12 16:08:08.993814,,
RESTEASY,Last100,99,2021-09-21 19:14:23,2021-12-30 10:28:29, , ,34,23,2,N/A,44,10,0.344,0.237,0.016,0.471,0.565,0.567,0.834,0.592,0.972,624.204,Scale-up,2.123,0.974,0.961,1.0,0.983,2025-06-12 16:08:13.989350,,
REMJMX,All,3396,2011-09-21 14:09:26,2021-01-08 06:41:40,167,167,119,48,0,167,147,20,0.036,0.016,0,0.046,0.052,0.051,0.885,0.692,1.0,434.783,Scale-up,21.739,0.923,0.984,0,0.951,2025-06-12 16:08:21.743425,,
REMJMX,Last100,0,2021-01-08 06:30:41,2021-01-08 06:41:40, , ,2,1,1,N/A,1,1,1.0,NaN,0,NaN,1.0,1.0,NaN,NaN,NaN,NaN,Scale-up,NaN,1.0,NaN,0,NaN,2025-06-12 16:08:21.745419,,
REM3,All,5969,2005-04-20 06:56:51,2021-08-23 16:37:43,331,331,146,185,3,328,303,25,0.025,0.047,0.0,0.062,0.072,0.064,0.861,0.347,1.0,403.226,Scale-up,16.129,0.927,0.967,0.968,0.984,2025-06-12 16:08:29.430760,,
REM3,Last100,98,2021-05-17 07:44:54,2021-08-23 16:37:43, , ,1,6,1,N/A,4,4,NaN,0.049,NaN,0.5,0,0.056,NaN,NaN,NaN,NaN,Scale-up,2.0,NaN,0.881,NaN,0.6,2025-06-12 16:08:29.433755,,
QUARKUS,All,468,2020-09-23 05:17:29,2022-01-04 16:48:52,692,692,247,445,26,666,446,220,0.566,0.876,0.054,1.044,1.388,1.382,0.752,0.393,0.963,210.728,Scale-up,0.958,0.978,0.979,0.969,0.983,2025-06-12 16:08:38.096631,,
QUARKUS,Last100,99,2021-09-27 10:01:25,2022-01-04 16:48:52, , ,66,124,8,N/A,98,83,0.865,1.215,0.316,1.152,1.764,2.012,0.653,0.416,0.848,190.972,Scale-up,0.868,0.935,0.68,0.974,0.904,2025-06-12 16:08:43.288029,,
PSAP,All,318,2021-02-02 08:41:31,2021-12-17 19:48:42,144,144,141,3,0,144,81,63,0.53,0.016,0,0.289,0.546,0.544,0.529,0.971,1.0,217.993,Scale-up,3.46,0.977,0.892,0,0.977,2025-06-12 16:08:50.951185,,
PSAP,Last100,99,2021-09-09 03:00:50,2021-12-17 19:48:42, , ,33,1,1,N/A,29,3,0.376,NaN,0,0.254,0.376,0.376,NaN,NaN,NaN,NaN,Scale-up,3.937,0.903,NaN,0,0.957,2025-06-12 16:08:50.954177,,
PROJQUAY,All,1495,2017-12-01 17:59:41,2022-01-04 18:14:32,2342,2342,1217,1125,124,2218,1586,632,1.387,1.409,0.187,2.103,2.609,2.645,0.806,0.496,0.933,300.523,Scale-up,0.476,0.98,0.973,0.962,0.994,2025-06-12 16:09:00.326161,,
PROJQUAY,Last100,99,2021-09-26 21:25:39,2022-01-04 18:14:32, , ,160,131,38,N/A,293,-39,1.756,1.304,0.481,3.11,2.579,2.61,1.206,0.574,0.843,203.215,Catch-up,0.322,0.992,0.984,0.962,0.98,2025-06-12 16:09:05.403557,,
POL,All,778,2019-11-18 07:05:00,2022-01-04 18:29:00,477,477,305,172,16,461,422,39,0.347,0.29,0.021,0.522,0.616,0.567,0.847,0.545,0.967,74.713,Scale-up,1.916,0.874,0.757,0.952,0.838,2025-06-12 16:09:13.901331,,
POL,Last100,98,2021-09-28 07:41:47,2022-01-04 18:29:00, , ,38,4,5,N/A,45,-9,0.412,0.041,NaN,0.512,0.45299999999999996,0.372,NaN,NaN,NaN,NaN,Scale-up,1.953,0.949,0.674,NaN,0.972,2025-06-12 16:09:13.904326,,
PLINK,All,4095,2009-03-16 04:39:09,2020-06-02 00:55:55,720,720,370,350,12,708,654,54,0.261,0.15,0.01,0.48,0.401,0.355,1.197,0.635,0.976,112.5,Catch-up,2.083,0.729,0.77,0.904,0.791,2025-06-12 16:09:22.527923,,
PLINK,Last100,68,2020-03-25 02:07:28,2020-06-02 00:55:55, , ,1,2,1,N/A,1,1,NaN,0.014,NaN,NaN,0,0.014,NaN,NaN,NaN,NaN,Catch-up,NaN,NaN,1.0,NaN,NaN,2025-06-12 16:09:22.530884,,
PLANNER,All,5449,2007-02-03 09:16:29,2022-01-04 16:35:31,2462,2462,1787,675,57,2405,1888,517,0.466,0.193,0.024,0.546,0.635,0.651,0.86,0.707,0.964,946.886,Scale-up,1.832,0.85,0.938,0.808,0.856,2025-06-12 16:09:31.717142,,
PLANNER,Last100,99,2021-09-27 13:04:03,2022-01-04 16:35:31, , ,55,26,4,N/A,48,28,0.576,0.254,0.082,0.514,0.748,0.781,0.687,0.694,0.901,1005.837,Scale-up,1.946,0.975,0.967,0.864,0.975,2025-06-12 16:09:36.788256,,
PD,All,649,2020-03-25 11:48:58,2022-01-03 13:38:25,271,271,269,2,153,118,0,118,0.776,0,0.471,0,0.305,0.329,0.0,1.0,0.393,NaN,Indeterminate,0,0.926,0,0.992,0,2025-06-12 16:09:43.420644,,
PD,Last100,98,2021-09-27 11:04:39,2022-01-03 13:38:25, , ,50,2,63,N/A,1,-12,0.605,NaN,0.575,NaN,0.030000000000000027,0.04,NaN,NaN,NaN,NaN,Indeterminate,NaN,0.965,NaN,0.978,NaN,2025-06-12 16:09:43.423639,,
OTA,All,423,2020-10-22 12:52:19,2021-12-20 10:54:14,205,205,202,3,0,205,101,104,0.455,0.005,0,0.229,0.46,0.459,0.498,0.989,1.0,454.148,Scale-up,4.367,0.988,0.76,0,0.962,2025-06-12 16:09:51.136909,,
OTA,Last100,95,2021-09-15 17:09:35,2021-12-20 10:54:14, , ,48,2,1,N/A,34,15,0.476,0.25,0,0.352,0.726,0.493,0.485,0.656,1.0,295.455,Scale-up,2.841,0.97,1.0,0,0.948,2025-06-12 16:09:55.468273,,
OSSMDOC,All,849,2019-08-28 09:18:07,2021-12-24 14:54:03,394,394,328,66,0,394,140,254,0.384,0.091,0,0.243,0.475,0.471,0.512,0.808,1.0,1045.267,Scale-up,4.115,0.985,0.879,0,0.717,2025-06-12 16:10:03.409300,,
OSSMDOC,Last100,99,2021-09-15 22:00:50,2021-12-24 14:54:03, , ,51,6,1,N/A,40,16,0.478,0.079,0,0.371,0.5569999999999999,0.555,0.666,0.858,1.0,684.636,Scale-up,2.695,0.92,0.705,0,0.978,2025-06-12 16:10:07.826313,,
OSSM,All,858,2019-08-29 02:14:47,2022-01-03 15:55:23,341,341,190,151,11,330,193,137,0.19,0.171,0.02,0.219,0.341,0.343,0.642,0.526,0.945,625.571,Scale-up,4.566,0.962,0.992,0.935,0.989,2025-06-12 16:10:16.177402,,
OSSM,Last100,93,2021-10-01 18:59:40,2022-01-03 15:55:23, , ,58,15,5,N/A,27,40,0.729,0.233,0.058,0.279,0.9039999999999999,0.877,0.309,0.758,0.94,491.039,Scale-up,3.584,0.892,0.983,0.932,0.939,2025-06-12 16:10:21.172340,,
OSPK8,All,621,2020-04-22 15:25:10,2022-01-04 10:44:05,80,80,76,4,1,79,39,40,0.119,0.054,0,0.355,0.173,0.129,2.052,0.688,1.0,112.676,Catch-up,2.817,0.35,0.679,0,0.96,2025-06-12 16:10:28.705144,,
OSPK8,Last100,99,2021-09-27 06:27:26,2022-01-04 10:44:05, , ,42,4,1,N/A,28,18,0.439,0.054,NaN,0.296,0.493,0.478,NaN,NaN,NaN,NaN,Catch-up,3.378,0.929,0.698,NaN,0.985,2025-06-12 16:10:28.708137,,
OSJC,All,3642,2011-09-12 06:12:33,2021-09-01 10:24:13,281,281,190,91,2,279,252,27,0.108,0.04,0.001,0.13,0.147,0.142,0.884,0.73,0.993,207.692,Scale-up,7.692,0.892,0.925,1.0,0.888,2025-06-12 16:10:37.183551,,
OSJC,Last100,0,2021-09-01 10:24:13,2021-09-01 10:24:13, , ,1,1,1,N/A,1,0,NaN,NaN,NaN,NaN,0,NaN,NaN,NaN,NaN,NaN,Scale-up,NaN,NaN,NaN,NaN,NaN,2025-06-12 16:10:37.185547,,
OSDK,All,316,2021-02-03 09:45:26,2021-12-16 19:01:15,384,384,371,13,0,384,220,164,1.197,0.041,0,0.784,1.238,1.237,0.633,0.967,1.0,209.184,Scale-up,1.276,0.981,0.9,0,0.993,2025-06-12 16:10:45.396774,,
OSDK,Last100,99,2021-09-08 02:10:44,2021-12-16 19:01:15, , ,86,6,1,N/A,72,21,1.127,0.176,0,0.796,1.303,1.207,0.611,0.865,1.0,206.03,Scale-up,1.256,0.957,0.752,0,0.983,2025-06-12 16:10:49.822137,,
OSASINFRA,All,399,2020-11-19 03:09:52,2021-12-23 15:37:38,433,433,430,3,0,433,241,192,1.218,0.013,0,0.691,1.231,1.225,0.561,0.989,1.0,277.858,Scale-up,1.447,0.987,0.884,0,0.977,2025-06-12 16:10:57.540089,,
OSASINFRA,Last100,91,2021-09-23 09:43:09,2021-12-23 15:37:38, , ,56,1,1,N/A,67,-12,0.602,NaN,0,0.633,0.602,0.602,NaN,NaN,NaN,NaN,Scale-up,1.58,0.982,NaN,0,0.981,2025-06-12 16:10:57.544078,,
ORG,All,5327,2007-05-22 09:55:14,2021-12-21 10:15:49,1754,1754,1130,624,31,1723,1694,29,0.285,0.216,0.006,0.383,0.495,0.465,0.774,0.569,0.988,75.718,Scale-up,2.611,0.919,0.924,0.98,0.945,2025-06-12 16:11:07.557519,,
ORG,Last100,84,2021-09-27 11:11:32,2021-12-21 10:15:49, , ,4,1,1,N/A,2,0,0.033,NaN,NaN,0.015,0,0.021,NaN,NaN,NaN,NaN,Scale-up,66.667,0.978,NaN,NaN,1.0,2025-06-12 16:11:07.562506,,
OPENJDK,All,1771,2017-02-27 13:13:08,2022-01-04 10:23:59,315,315,196,119,17,298,216,82,0.202,0.079,0.018,0.257,0.263,0.243,0.977,0.719,0.936,319.066,Scale-up,3.891,0.933,0.884,0.914,0.926,2025-06-12 16:11:15.926078,,
OPENJDK,Last100,97,2021-09-28 19:00:25,2022-01-04 10:23:59, , ,16,14,5,N/A,36,-12,0.223,0.179,0.169,0.471,0.233,0.336,2.021,0.555,0.58,174.098,Catch-up,2.123,0.934,0.759,0.931,0.842,2025-06-12 16:11:20.837619,,
OLM,All,1022,2019-03-18 15:06:47,2022-01-03 22:06:48,228,228,223,5,0,228,103,125,0.285,0.019,0,0.319,0.304,0.293,1.049,0.937,1.0,391.85,Catch-up,3.135,0.638,0.902,0,0.817,2025-06-12 16:11:28.357966,,
OLM,Last100,98,2021-09-27 15:48:15,2022-01-03 22:06:48, , ,42,2,1,N/A,22,21,0.387,0.077,0,0.215,0.464,0.407,0.463,0.834,1.0,581.395,Scale-up,4.651,0.966,1.0,0,0.97,2025-06-12 16:11:32.601647,,
ODH,All,327,2021-01-28 19:15:44,2021-12-22 18:05:18,373,373,321,52,1,372,120,252,0.801,0.149,0,0.377,0.95,0.936,0.397,0.843,1.0,668.435,Scale-up,2.653,0.867,0.951,0,0.952,2025-06-12 16:11:40.512214,,
ODH,Last100,99,2021-09-14 08:20:44,2021-12-22 18:05:18, , ,63,17,1,N/A,47,32,0.716,0.169,NaN,0.497,0.885,0.884,NaN,NaN,NaN,NaN,Scale-up,2.012,0.959,0.965,NaN,0.965,2025-06-12 16:11:40.515206,,
ODC,All,791,2019-11-05 13:13:14,2022-01-04 17:08:45,1100,1100,505,595,0,1100,839,261,1.132,1.666,0,2.219,2.798,2.741,0.793,0.405,1.0,117.621,Scale-up,0.451,0.958,0.97,0,0.984,2025-06-12 16:11:48.727140,,
ODC,Last100,99,2021-09-27 12:06:10,2022-01-04 17:08:45, , ,67,2,1,N/A,79,-11,0.9,0.018,0,0.739,0.918,0.914,0.805,0.98,1.0,353.18,Scale-up,1.353,0.936,1.0,0,0.956,2025-06-12 16:11:53.062996,,
OCPPLAN,All,845,2019-09-11 11:48:51,2022-01-04 10:21:04,370,370,369,1,0,370,101,269,0.542,0,0,0.227,0.542,0.544,0.419,1.0,1.0,1185.022,Scale-up,4.405,0.95,0,0,0.888,2025-06-12 16:12:00.209882,,
OCPPLAN,Last100,98,2021-09-27 14:38:55,2022-01-04 10:21:04, , ,54,1,1,N/A,15,40,0.682,NaN,0,0.164,0.682,0.682,NaN,NaN,NaN,NaN,Scale-up,6.098,0.928,NaN,0,0.85,2025-06-12 16:12:00.214258,,
OCPNODE,All,355,2021-01-14 11:14:59,2022-01-04 16:52:21,173,173,172,1,0,173,73,100,0.525,0,0,0.221,0.525,0.529,0.421,1.0,1.0,452.489,Scale-up,4.525,0.988,0,0,0.965,2025-06-12 16:12:07.244651,,
OCPNODE,Last100,99,2021-09-27 16:26:18,2022-01-04 16:52:21, , ,60,1,1,N/A,37,25,0.664,NaN,0,0.367,0.664,0.662,NaN,NaN,NaN,NaN,Scale-up,2.725,0.926,NaN,0,0.951,2025-06-12 16:12:07.247642,,
OCPCLOUD,All,344,2021-01-25 07:29:12,2022-01-04 10:50:19,179,179,177,2,0,179,98,81,0.572,0.021,0,0.37,0.593,0.576,0.624,0.965,1.0,218.919,Scale-up,2.703,0.986,1.0,0,0.979,2025-06-12 16:12:14.936503,,
OCPCLOUD,Last100,98,2021-09-27 14:39:16,2022-01-04 10:50:19, , ,34,2,1,N/A,38,-3,0.444,0.021,0,0.377,0.465,0.469,0.811,0.955,1.0,214.854,Scale-up,2.653,0.916,1.0,0,0.983,2025-06-12 16:12:19.573037,,
OBSDA,All,616,2020-04-06 12:23:31,2021-12-13 16:07:47,30,30,30,0,0,30,1,29,0.045,0,0,0,0.045,0.045,0.0,1.0,1.0,NaN,Indeterminate,0,0.688,0,0,0,2025-06-12 16:12:25.525927,,
OBSDA,Last100,90,2021-09-14 00:04:48,2021-12-13 16:07:47, , ,7,1,1,N/A,1,5,0.068,0,0,NaN,0.068,0.068,NaN,NaN,NaN,NaN,Indeterminate,NaN,0.895,0,0,NaN,2025-06-12 16:12:25.529025,,
NOTIF,All,603,2020-05-11 12:37:52,2022-01-04 13:43:44,395,395,280,115,12,383,287,96,0.526,0.227,0.031,0.58,0.722,0.725,0.803,0.699,0.959,165.517,Scale-up,1.724,0.969,0.982,0.918,0.993,2025-06-12 16:12:34.160564,,
NOTIF,Last100,99,2021-09-27 08:25:54,2022-01-04 13:43:44, , ,81,21,5,N/A,74,22,0.854,0.255,0.062,0.749,1.047,1.059,0.715,0.77,0.944,128.171,Scale-up,1.335,0.95,0.939,0.91,0.978,2025-06-12 16:12:39.197655,,
NEXUS,All,4210,2010-05-18 10:55:52,2021-11-26 12:28:38,321,321,191,130,3,318,297,21,0.048,0.037,0.002,0.083,0.083,0.083,1.0,0.565,0.976,253.012,Catch-up,12.048,0.943,0.934,0.836,0.915,2025-06-12 16:12:47.503667,,
NEXUS,Last100,50,2021-10-07 09:49:25,2021-11-26 12:28:38, , ,9,2,1,N/A,6,6,0.243,0.5,NaN,0.117,0.743,0.332,NaN,NaN,NaN,NaN,Catch-up,8.547,0.79,1.0,NaN,0.908,2025-06-12 16:12:47.508173,,
NETOBSERV,All,249,2021-04-30 17:15:39,2022-01-04 19:51:48,108,108,104,4,0,108,56,52,0.476,0.031,0,0.285,0.507,0.498,0.562,0.939,1.0,182.456,Scale-up,3.509,0.89,0.91,0,0.819,2025-06-12 16:12:55.071103,,
NETOBSERV,Last100,99,2021-09-27 14:14:04,2022-01-04 19:51:48, , ,69,3,1,N/A,46,25,0.649,0.055,0,0.468,0.7040000000000001,0.686,0.665,0.922,1.0,111.111,Scale-up,2.137,0.949,0.996,0,0.961,2025-06-12 16:12:59.397587,,
NE,All,322,2021-02-01 04:49:45,2021-12-20 09:21:58,93,93,92,1,0,93,64,29,0.299,0,0,0.216,0.299,0.295,0.722,1.0,1.0,134.259,Scale-up,4.63,0.886,0,0,0.916,2025-06-12 16:13:06.290348,,
NE,Last100,62,2021-10-18 17:29:13,2021-12-20 09:21:58, , ,7,1,1,N/A,6,3,0.088,NaN,0,0.073,0.088,0.108,NaN,NaN,NaN,NaN,Scale-up,13.699,0.846,NaN,0,0.966,2025-06-12 16:13:06.319105,,
MULTIARCH,All,427,2020-11-02 17:16:24,2022-01-04 15:30:39,649,649,584,65,0,649,464,185,2.106,0.208,0,1.57,2.314,2.311,0.678,0.91,1.0,117.834,Scale-up,0.637,0.919,0.926,0,0.949,2025-06-12 16:13:14.370427,,
MULTIARCH,Last100,99,2021-09-27 13:24:29,2022-01-04 15:30:39, , ,110,11,1,N/A,200,-78,1.232,0.102,0,2.635,1.334,1.103,1.975,0.924,1.0,70.209,Catch-up,0.38,0.547,0.879,0,0.927,2025-06-12 16:13:18.957815,,
MSC,All,4012,2010-07-08 10:41:28,2021-07-02 19:56:47,241,241,133,108,2,239,230,9,0.03,0.025,0.006,0.05,0.049,0.054,1.02,0.545,0.891,180.0,Catch-up,20.0,0.889,0.947,1.0,0.911,2025-06-12 16:13:27.129448,,
MSC,Last100,29,2021-06-03 12:45:59,2021-07-02 19:56:47, , ,1,2,1,N/A,4,-2,NaN,0.037,NaN,0.136,0,0.056,NaN,NaN,NaN,NaN,Catch-up,7.353,NaN,1.0,NaN,0.736,2025-06-12 16:13:27.132440,,
MR,All,5192,2007-07-20 14:00:57,2021-10-07 11:12:26,783,783,417,366,14,769,752,17,0.177,0.147,0.006,0.292,0.318,0.306,0.918,0.546,0.981,58.219,Scale-up,3.425,0.982,0.978,0.903,0.97,2025-06-12 16:13:35.561877,,
MR,Last100,0,2021-10-07 11:12:26,2021-10-07 11:12:26, , ,1,1,1,N/A,1,0,NaN,NaN,NaN,NaN,0,NaN,NaN,NaN,NaN,NaN,Scale-up,NaN,NaN,NaN,NaN,NaN,2025-06-12 16:13:35.563875,,
MON,All,873,2019-08-15 07:20:24,2022-01-04 14:45:25,611,611,547,64,0,611,295,316,0.864,0.136,0,0.971,1.0,0.986,0.971,0.864,1.0,325.438,Scale-up,1.03,0.886,0.916,0,0.978,2025-06-12 16:13:43.445803,,
MON,Last100,99,2021-09-27 10:29:24,2022-01-04 14:45:25, , ,141,15,1,N/A,121,34,1.369,0.157,0,1.205,1.526,1.527,0.79,0.897,1.0,262.241,Scale-up,0.83,0.99,0.954,0,0.987,2025-06-12 16:13:47.765755,,
MODULES,All,4157,2010-07-08 10:44:40,2021-11-24 22:00:31,380,380,191,189,5,375,330,45,0.046,0.043,0.001,0.076,0.088,0.088,0.864,0.517,0.989,592.105,Scale-up,13.158,0.966,0.975,0.916,0.966,2025-06-12 16:13:56.151668,,
MODULES,Last100,76,2021-09-09 10:48:39,2021-11-24 22:00:31, , ,5,9,1,N/A,12,1,0.045,0.087,NaN,0.113,0.132,0.14,NaN,NaN,NaN,NaN,Scale-up,8.85,0.868,0.423,NaN,0.702,2025-06-12 16:13:56.156707,,
MODE,All,4839,2008-01-21 20:48:30,2021-04-22 15:52:57,2480,2480,1085,1395,55,2425,2377,48,0.343,0.469,0.021,0.824,0.791,0.788,1.042,0.422,0.974,58.252,Catch-up,1.214,0.97,0.968,0.874,0.982,2025-06-12 16:14:05.406424,,
MODE,Last100,49,2021-03-04 07:32:04,2021-04-22 15:52:57, , ,1,2,1,N/A,1,1,NaN,0.02,NaN,NaN,0,0.02,NaN,NaN,NaN,NaN,Catch-up,NaN,NaN,1.0,NaN,NaN,2025-06-12 16:14:05.414399,,
MODCLUSTER,All,4922,2008-06-23 14:24:22,2021-12-15 14:12:43,675,675,301,374,21,654,588,66,0.063,0.086,0.004,0.12,0.145,0.145,0.828,0.423,0.973,550.0,Scale-up,8.333,0.99,0.965,0.933,0.988,2025-06-12 16:14:13.955954,,
MODCLUSTER,Last100,68,2021-10-08 10:29:39,2021-12-15 14:12:43, , ,7,2,1,N/A,17,-7,0.134,0.031,NaN,0.26,0.165,0.166,NaN,NaN,NaN,NaN,Scale-up,3.846,0.934,1.0,NaN,0.799,2025-06-12 16:14:13.959948,,
MIG,All,718,2020-01-16 14:19:13,2022-01-04 13:35:24,276,276,266,10,0,276,117,159,0.647,0.029,0,0.431,0.676,0.677,0.638,0.957,1.0,368.91,Scale-up,2.32,0.891,0.786,0,0.951,2025-06-12 16:14:21.745447,,
MIG,Last100,98,2021-09-27 18:18:12,2022-01-04 13:35:24, , ,74,4,1,N/A,28,49,0.781,0.029,0,0.311,0.81,0.801,0.384,0.964,1.0,511.254,Scale-up,3.215,0.951,0.693,0,0.875,2025-06-12 16:14:26.145908,,
MCO,All,296,2021-03-02 13:27:48,2021-12-24 00:17:35,69,69,65,4,0,69,11,58,0.262,0.067,0,0.112,0.329,0.273,0.34,0.796,1.0,517.857,Scale-up,8.929,0.907,0.6,0,0.911,2025-06-12 16:14:33.703384,,
MCO,Last100,97,2021-09-17 21:34:40,2021-12-24 00:17:35, , ,40,4,1,N/A,11,32,0.374,0.067,0,0.112,0.441,0.395,0.254,0.848,1.0,517.857,Scale-up,8.929,0.961,0.626,0,0.913,2025-06-12 16:14:37.913525,,
MBT,All,537,2016-08-24 09:55:26,2018-02-13 09:39:42,75,75,58,17,0,75,15,60,0.148,1.062,0,0.046,1.21,0.197,0.038,0.122,1.0,1304.348,Scale-up,21.739,0.547,0.167,0,0.767,2025-06-12 16:14:45.470034,,
MBT,Last100,0,2018-02-13 09:39:42,2018-02-13 09:39:42, , ,1,1,1,N/A,1,0,NaN,NaN,0,NaN,0,NaN,NaN,NaN,NaN,NaN,Scale-up,NaN,NaN,NaN,0,NaN,2025-06-12 16:14:45.500393,,
MAISTRA,All,1224,2018-08-15 12:51:47,2021-12-21 19:43:11,2008,2008,1203,805,24,1984,1734,250,1.05,0.785,0.058,1.55,1.777,1.804,0.872,0.572,0.968,161.29,Scale-up,0.645,0.998,0.981,0.96,0.995,2025-06-12 16:14:54.745756,,
MAISTRA,Last100,99,2021-09-13 07:29:22,2021-12-21 19:43:11, , ,23,34,1,N/A,85,-29,0.355,0.383,NaN,0.776,0.738,0.701,NaN,NaN,NaN,NaN,Scale-up,1.289,0.91,0.712,NaN,0.917,2025-06-12 16:14:54.758729,,
LOGTOOL,All,3934,2010-12-06 13:01:05,2021-09-13 22:18:08,148,148,90,58,7,141,139,2,0.022,0.018,0.002,0.032,0.038,0.035,0.842,0.55,0.95,62.5,Scale-up,31.25,0.955,0.904,0.942,0.957,2025-06-12 16:15:02.982278,,
LOGTOOL,Last100,98,2021-06-07 15:07:43,2021-09-13 22:18:08, , ,8,1,1,N/A,12,-5,0.065,NaN,NaN,0.063,0,0.065,NaN,NaN,NaN,NaN,Scale-up,15.873,0.351,NaN,NaN,0.428,2025-06-12 16:15:02.985267,,
LOGMGR,All,4629,2009-03-08 01:59:46,2021-11-09 07:36:44,267,267,142,125,2,265,226,39,0.035,0.027,0.001,0.05,0.061,0.061,0.82,0.565,0.984,780.0,Scale-up,20.0,0.95,0.983,1.0,0.949,2025-06-12 16:15:11.272188,,
LOGMGR,Last100,7,2021-11-01 14:43:49,2021-11-09 07:36:44, , ,4,2,1,N/A,6,-1,NaN,0.125,NaN,NaN,0,0.375,NaN,NaN,NaN,NaN,Scale-up,NaN,NaN,1.0,NaN,NaN,2025-06-12 16:15:11.275181,,
LOG,All,434,2020-10-26 11:15:52,2022-01-04 10:35:03,661,661,403,258,72,589,379,210,1.145,0.778,0.231,1.278,1.692,1.678,0.755,0.595,0.88,164.319,Scale-up,0.782,0.99,0.992,0.951,0.991,2025-06-12 16:15:19.814596,,
LOG,Last100,98,2021-09-27 14:59:52,2022-01-04 10:35:03, , ,117,94,23,N/A,120,67,1.522,0.994,0.247,1.311,2.269,2.118,0.578,0.605,0.902,160.183,Scale-up,0.763,0.965,0.988,0.971,0.983,2025-06-12 16:15:24.945311,,
KOGITO,All,1891,2016-10-31 15:27:35,2022-01-04 19:13:36,5945,5945,4190,1755,228,5717,4355,1362,4.982,2.105,0.282,5.47,6.805,6.801,0.804,0.703,0.96,248.995,Scale-up,0.183,0.977,0.981,0.989,0.99,2025-06-12 16:15:35.472502,,
KOGITO,Last100,99,2021-09-27 06:25:08,2022-01-04 19:13:36, , ,283,176,29,N/A,351,78,2.854,1.883,0.251,3.597,4.486,4.431,0.802,0.602,0.947,378.649,Scale-up,0.278,0.991,0.985,0.842,0.992,2025-06-12 16:15:40.847028,,
KIECLOUD,All,1199,2018-09-17 16:12:13,2021-12-29 18:33:14,518,518,355,163,19,499,454,45,0.275,0.12,0.019,0.354,0.376,0.378,0.941,0.696,0.952,127.119,Scale-up,2.825,0.963,0.737,0.778,0.894,2025-06-12 16:15:49.401750,,
KIECLOUD,Last100,99,2021-09-20 18:51:07,2021-12-29 18:33:14, , ,22,11,1,N/A,22,12,0.249,0.088,NaN,0.178,0.33699999999999997,0.298,NaN,NaN,NaN,NaN,Scale-up,5.618,0.943,0.816,NaN,0.954,2025-06-12 16:15:49.432924,,
KEYCLOAK,All,3101,2013-07-09 11:43:44,2022-01-04 15:39:21,14477,14477,7039,7438,541,13936,13030,906,2.619,2.732,0.23,4.746,5.121,5.166,0.927,0.489,0.957,190.898,Scale-up,0.211,0.982,0.981,0.911,0.977,2025-06-12 16:16:02.661593,,
KEYCLOAK,Last100,99,2021-09-27 01:13:06,2022-01-04 15:39:21, , ,147,177,22,N/A,1210,-909,1.829,2.23,0.236,19.178,3.8230000000000004,3.756,5.016,0.451,0.942,47.242,Catch-up,0.052,0.948,0.953,0.932,0.394,2025-06-12 16:16:08.257414,,
KATA,All,663,2020-03-12 06:39:59,2022-01-04 18:32:01,919,919,697,222,16,903,608,295,1.011,0.375,0.042,1.004,1.344,1.346,0.747,0.729,0.97,293.825,Scale-up,0.996,0.977,0.984,0.976,0.981,2025-06-12 16:16:17.021443,,
KATA,Last100,99,2021-09-27 12:56:23,2022-01-04 18:32:01, , ,143,38,3,N/A,102,75,1.353,0.39,0.068,1.112,1.6749999999999998,1.654,0.664,0.776,0.961,265.288,Scale-up,0.899,0.678,0.986,0.812,0.985,2025-06-12 16:16:22.062824,,
JWS,All,2821,2014-03-31 14:42:15,2021-12-21 07:47:58,882,882,132,750,22,860,798,62,0.037,0.305,0.01,0.319,0.332,0.308,0.961,0.108,0.971,194.357,Scale-up,3.135,0.797,0.918,0.945,0.95,2025-06-12 16:16:30.747395,,
JWS,Last100,96,2021-09-15 09:57:23,2021-12-21 07:47:58, , ,28,6,4,N/A,35,-4,0.266,0.055,0.035,0.34,0.28600000000000003,0.287,1.189,0.829,0.891,182.353,Catch-up,2.941,0.9,0.826,0.941,0.928,2025-06-12 16:16:35.692312,,
JGRP,All,6220,2004-12-24 09:01:07,2022-01-04 14:26:34,2450,2450,1289,1161,87,2363,2319,44,0.209,0.206,0.013,0.398,0.402,0.399,0.99,0.504,0.969,110.553,Scale-up,2.513,0.972,0.978,0.985,0.978,2025-06-12 16:16:44.872855,,
JGRP,Last100,97,2021-09-29 06:38:42,2022-01-04 14:26:34, , ,25,5,1,N/A,17,12,0.238,0.033,NaN,0.144,0.271,0.268,NaN,NaN,NaN,NaN,Scale-up,6.944,0.957,0.905,NaN,0.894,2025-06-12 16:16:44.901371,,
JDG,All,2155,2016-02-10 09:32:33,2022-01-04 12:05:31,1657,1657,334,1323,38,1619,1557,62,0.148,0.741,0.02,0.902,0.869,0.827,1.038,0.166,0.978,68.736,Catch-up,1.109,0.786,0.737,0.945,0.844,2025-06-12 16:16:53.974024,,
JDG,Last100,91,2021-10-04 15:47:10,2022-01-04 12:05:31, , ,31,25,1,N/A,31,24,0.485,0.283,NaN,0.386,0.768,0.745,NaN,NaN,NaN,NaN,Catch-up,2.591,0.96,0.971,NaN,0.973,2025-06-12 16:16:53.979008,,
JDF,All,3676,2011-11-22 08:31:02,2021-12-15 16:52:46,780,780,457,323,7,773,701,72,0.202,0.314,0.002,0.398,0.514,0.407,0.774,0.391,0.996,180.905,Scale-up,2.513,0.594,0.869,0.74,0.721,2025-06-12 16:17:02.522055,,
JDF,Last100,0,2021-12-15 14:08:17,2021-12-15 16:52:46, , ,1,1,1,N/A,1,-1,NaN,NaN,NaN,NaN,0,NaN,NaN,NaN,NaN,NaN,Scale-up,NaN,NaN,NaN,NaN,NaN,2025-06-12 16:17:02.524053,,
JBWS,All,6299,2004-10-06 06:04:10,2022-01-04 08:39:27,3476,3476,1849,1627,76,3400,3344,56,0.349,0.342,0.017,0.673,0.674,0.667,0.999,0.505,0.975,83.21,Scale-up,1.486,0.902,0.831,0.787,0.895,2025-06-12 16:17:12.307651,,
JBWS,Last100,98,2021-09-28 08:00:16,2022-01-04 08:39:27, , ,16,1,1,N/A,8,9,0.145,NaN,NaN,0.063,0,0.145,NaN,NaN,NaN,NaN,Scale-up,15.873,0.912,NaN,NaN,0.779,2025-06-12 16:17:12.315633,,
JBTM,All,5844,2005-12-23 17:03:04,2021-12-24 08:20:46,3372,3372,1751,1621,61,3311,3067,244,0.337,0.335,0.015,0.621,0.657,0.65,0.945,0.501,0.978,392.915,Scale-up,1.61,0.966,0.954,0.805,0.961,2025-06-12 16:17:21.828194,,
JBTM,Last100,99,2021-09-15 13:24:41,2021-12-24 08:20:46, , ,10,14,3,N/A,12,8,0.083,0.13,0.022,0.12,0.19100000000000003,0.194,0.628,0.39,0.897,2033.333,Scale-up,8.333,0.902,0.986,0.761,0.957,2025-06-12 16:17:26.818000,,
JBTHR,All,4548,2009-02-24 15:28:51,2021-08-09 11:58:30,88,88,45,43,2,86,79,7,0.009,0.009,0,0.016,0.018,0.017,0.889,0.5,1.0,437.5,Scale-up,62.5,0.866,0.898,0,0.848,2025-06-12 16:17:34.359662,,
JBTHR,Last100,91,2021-05-09 16:08:51,2021-08-09 11:58:30, , ,1,1,1,N/A,2,0,NaN,NaN,NaN,NaN,0,NaN,NaN,NaN,NaN,NaN,Scale-up,NaN,NaN,NaN,NaN,NaN,2025-06-12 16:17:34.361641,,
JBSSO,All,5312,2006-05-08 17:39:18,2020-11-22 19:25:43,55,55,37,18,1,54,28,26,0.007,0.015,0,0.023,0.022,0.014,1.045,0.318,1.0,1130.435,Catch-up,43.478,0.331,0.894,0,0.891,2025-06-12 16:17:41.817067,,
JBSSO,Last100,0,2020-11-22 19:25:43,2020-11-22 19:25:43, , ,1,1,1,N/A,1,0,NaN,NaN,NaN,NaN,0,NaN,NaN,NaN,NaN,NaN,Catch-up,NaN,NaN,NaN,NaN,NaN,2025-06-12 16:17:41.818060,,
JBSEAM,All,6009,2004-11-26 12:21:34,2021-05-11 03:53:44,5012,5012,2249,2763,110,4902,4004,898,1.184,1.224,0.043,1.371,2.365,2.243,0.58,0.492,0.982,654.996,Scale-up,0.729,0.811,0.845,0.597,0.753,2025-06-12 16:17:51.852208,,
JBSEAM,Last100,28,2021-04-12 17:34:38,2021-05-11 03:53:44, , ,1,1,1,N/A,16,-15,NaN,NaN,NaN,0.29,0,NaN,NaN,NaN,NaN,NaN,Scale-up,3.448,NaN,NaN,NaN,0.34,2025-06-12 16:17:51.861165,,
JBRULES,All,5607,2005-12-05 10:17:10,2021-04-12 13:17:34,2901,2901,1155,1746,55,2846,2439,407,0.455,0.682,0.011,0.765,1.126,1.077,0.679,0.4,0.99,532.026,Scale-up,1.307,0.984,0.995,0.807,0.902,2025-06-12 16:18:01.249311,,
JBRULES,Last100,0,2021-04-12 13:17:34,2021-04-12 13:17:34, , ,1,1,1,N/A,1,0,NaN,NaN,NaN,NaN,0,NaN,NaN,NaN,NaN,NaN,Scale-up,NaN,NaN,NaN,NaN,NaN,2025-06-12 16:18:01.256294,,
JBPM,All,6251,2004-11-23 04:07:55,2022-01-04 09:59:26,8675,8675,4179,4496,245,8430,6805,1625,0.67,0.773,0.041,1.115,1.402,1.397,0.795,0.464,0.972,1457.399,Scale-up,0.897,0.976,0.951,0.884,0.971,2025-06-12 16:18:12.439727,,
JBPM,Last100,99,2021-09-26 18:03:01,2022-01-04 09:59:26, , ,23,46,12,N/A,64,-6,0.231,0.49,0.116,0.689,0.605,0.65,1.139,0.32,0.839,2358.491,Catch-up,1.451,0.974,0.987,0.672,0.988,2025-06-12 16:18:17.462105,,
JBPAPP,All,5022,2007-03-01 20:38:17,2020-11-30 09:49:10,5342,5342,1786,3556,50,5292,5290,2,0.881,1.672,0.017,1.318,2.536,2.508,0.52,0.345,0.993,1.517,Start-up,0.759,0.936,0.955,0.826,0.769,2025-06-12 16:18:27.964324,,
JBPAPP,Last100,0,2020-11-30 09:48:25,2020-11-30 09:49:10, , ,1,1,1,N/A,1,-1,NaN,NaN,NaN,NaN,0,NaN,NaN,NaN,NaN,NaN,Start-up,NaN,NaN,NaN,NaN,NaN,2025-06-12 16:18:27.998940,,
JBNAME,All,3957,2007-08-19 23:10:29,2018-06-20 18:39:13,55,55,35,20,0,55,43,12,0.047,0.008,0,0.01,0.055,0.025,0.182,0.855,1.0,1200.0,Scale-up,100.0,0.945,0.821,0,0.516,2025-06-12 16:18:35.586598,,
JBNAME,Last100,64,2018-04-17 10:27:36,2018-06-20 18:39:13, , ,1,1,1,N/A,3,-2,NaN,NaN,0,0.023,0,NaN,NaN,NaN,NaN,NaN,Scale-up,43.478,NaN,NaN,0,0.75,2025-06-12 16:18:35.617313,,
JBMETA,All,5229,2007-04-26 23:07:28,2021-08-20 09:06:39,392,392,205,187,2,390,355,35,0.045,0.042,0.001,0.074,0.086,0.087,0.86,0.517,0.989,472.973,Scale-up,13.514,0.573,0.801,1.0,0.666,2025-06-12 16:18:43.943765,,
JBMETA,Last100,35,2021-07-15 21:55:21,2021-08-20 09:06:39, , ,2,1,1,N/A,3,-1,0.029,NaN,NaN,1.5,0,0.043,NaN,NaN,NaN,NaN,Scale-up,0.667,1.0,NaN,NaN,0.75,2025-06-12 16:18:43.946762,,
JBMAR,All,4687,2008-10-02 11:00:38,2021-08-03 06:42:19,220,220,67,153,2,218,202,16,0.014,0.032,0.091,0.043,-0.045,0.045,-0.956,0.304,-0.978,372.093,Scale-up,23.256,0.692,0.927,1.0,0.874,2025-06-12 16:18:52.217061,,
JBMAR,Last100,90,2021-05-04 19:42:58,2021-08-03 06:42:19, , ,1,2,1,N/A,1,0,NaN,0.011,NaN,NaN,0,0.011,NaN,NaN,NaN,NaN,Scale-up,NaN,NaN,1.0,NaN,NaN,2025-06-12 16:18:52.219056,,
JBLOGGING,All,5000,2008-04-08 06:23:56,2021-12-16 20:01:57,108,108,63,45,0,108,100,8,0.011,0.012,0,0.019,0.023,0.02,0.826,0.478,1.0,421.053,Scale-up,52.632,0.976,0.934,0,0.949,2025-06-12 16:18:59.794303,,
JBLOGGING,Last100,0,2021-12-16 17:45:17,2021-12-16 20:01:57, , ,8,1,1,N/A,8,-1,4.0,NaN,0,4.0,4.0,4.0,NaN,NaN,NaN,NaN,Scale-up,0.25,0.333,NaN,0,0.333,2025-06-12 16:18:59.799174,,
JBJCA,All,6194,2004-12-14 16:48:08,2021-11-29 17:02:03,1065,1065,726,339,2,1063,1019,44,0.207,0.088,0.009,0.318,0.286,0.273,1.112,0.702,0.969,138.365,Catch-up,3.145,0.823,0.913,1.0,0.877,2025-06-12 16:19:08.456726,,
JBJCA,Last100,90,2021-08-30 21:53:36,2021-11-29 17:02:03, , ,5,6,1,N/A,3,7,0.029,0.082,NaN,0.05,0.111,0.079,NaN,NaN,NaN,NaN,Catch-up,20.0,0.525,0.861,NaN,0.75,2025-06-12 16:19:08.461722,,
JBIDE,All,6908,2003-01-31 10:45:12,2021-12-30 12:28:31,23261,23261,8669,14592,813,22448,21268,1180,1.719,3.4,0.168,4.554,4.951,4.827,0.92,0.336,0.967,259.113,Scale-up,0.22,0.987,0.964,0.977,0.972,2025-06-12 16:19:24.012393,,
JBIDE,Last100,99,2021-09-21 15:11:31,2021-12-30 12:28:31, , ,94,65,10,N/A,137,13,0.926,0.606,0.101,1.254,1.431,1.446,0.876,0.604,0.934,940.989,Scale-up,0.797,0.97,0.958,0.921,0.983,2025-06-12 16:19:28.989228,,
JBEWS,All,1540,2008-11-06 18:19:19,2013-01-25 03:08:32,312,312,83,229,4,308,308,0,0.064,0.161,0.004,0.189,0.221,0.22,0.855,0.284,0.982,0.0,Start-up,5.291,0.935,0.945,0.876,0.954,2025-06-12 16:19:37.425000,,
JBEWS,Last100,99,2012-10-17 15:37:15,2013-01-25 03:08:32, , ,2,4,1,N/A,57,-51,0.143,0.068,NaN,0.327,0.211,0.122,NaN,NaN,NaN,NaN,Start-up,3.058,1.0,0.831,NaN,0.342,2025-06-12 16:19:37.427996,,
JBESB,All,6454,2003-09-17 05:23:10,2021-05-19 09:04:26,3762,3762,1777,1985,8,3754,3315,439,0.791,0.879,0.004,1.334,1.666,1.651,0.801,0.474,0.998,329.085,Scale-up,0.75,0.885,0.865,0.973,0.831,2025-06-12 16:19:47.238187,,
JBESB,Last100,0,2021-05-19 08:24:14,2021-05-19 09:04:26, , ,1,1,1,N/A,1,-1,NaN,NaN,NaN,NaN,0,NaN,NaN,NaN,NaN,NaN,Scale-up,NaN,NaN,NaN,NaN,NaN,2025-06-12 16:19:47.247169,,
JBERET,All,2980,2013-10-23 10:44:14,2021-12-20 11:58:13,434,434,261,173,2,432,345,87,0.105,0.07,0.003,0.135,0.172,0.174,0.785,0.6,0.983,644.444,Scale-up,7.407,0.957,0.968,1.0,0.957,2025-06-12 16:19:55.474161,,
JBERET,Last100,97,2021-09-13 20:33:23,2021-12-20 11:58:13, , ,2,1,1,N/A,3,-2,0.024,NaN,NaN,0.021,0,0.024,NaN,NaN,NaN,NaN,Scale-up,47.619,1.0,NaN,NaN,0.999,2025-06-12 16:19:55.478121,,
JBEE,All,4936,2008-03-17 17:44:30,2021-09-22 15:42:42,224,224,136,88,2,222,206,16,0.024,0.02,0.001,0.04,0.043,0.043,0.93,0.545,0.977,400.0,Scale-up,25.0,0.886,0.983,1.0,0.943,2025-06-12 16:20:03.902881,,
JBEE,Last100,50,2021-08-03 15:10:41,2021-09-22 15:42:42, , ,1,2,1,N/A,3,-2,NaN,0.02,NaN,0.03,0,0.02,NaN,NaN,NaN,NaN,Scale-up,33.333,NaN,1.0,NaN,0.75,2025-06-12 16:20:03.904908,,
JBEAP,All,3268,2013-01-22 10:29:16,2022-01-04 06:05:49,16905,16905,4253,12652,327,16578,15535,1043,1.753,5.809,0.122,7.018,7.44,7.125,0.943,0.232,0.984,148.618,Scale-up,0.142,0.98,0.884,0.966,0.933,2025-06-12 16:20:18.015186,,
JBEAP,Last100,99,2021-09-27 00:25:04,2022-01-04 06:05:49, , ,171,136,22,N/A,225,59,1.831,1.445,0.209,2.192,3.0669999999999997,3.086,0.715,0.559,0.936,475.821,Scale-up,0.456,0.962,0.985,0.861,0.971,2025-06-12 16:20:23.261805,,
JBDS,All,5408,2007-03-16 05:46:49,2022-01-04 13:46:38,3880,3880,1685,2195,114,3766,3625,141,0.378,0.538,0.026,0.825,0.89,0.879,0.927,0.413,0.972,170.909,Scale-up,1.212,0.978,0.978,0.974,0.984,2025-06-12 16:20:33.124503,,
JBDS,Last100,99,2021-09-27 10:01:32,2022-01-04 13:46:38, , ,6,12,1,N/A,11,5,0.042,0.093,NaN,0.103,0.135,0.132,NaN,NaN,NaN,NaN,Scale-up,9.709,0.901,0.84,NaN,0.975,2025-06-12 16:20:33.158699,,
JBCS,All,2498,2015-02-17 16:35:37,2021-12-21 15:55:47,524,524,40,484,8,516,464,52,0.017,0.24,0.003,0.23,0.254,0.231,0.906,0.066,0.988,226.087,Scale-up,4.348,0.585,0.926,0.932,0.984,2025-06-12 16:20:41.413703,,
JBCS,Last100,99,2021-09-13 10:38:30,2021-12-21 15:55:47, , ,15,4,1,N/A,22,-3,0.159,0.041,NaN,0.217,0.2,0.217,NaN,NaN,NaN,NaN,Scale-up,4.608,0.767,0.778,NaN,0.94,2025-06-12 16:20:41.442736,,
JBCLUSTER,All,5185,2005-03-24 15:49:53,2019-06-05 09:09:11,218,218,147,71,0,218,185,33,0.053,0.019,0,0.067,0.072,0.069,0.931,0.736,1.0,492.537,Scale-up,14.925,0.948,0.889,0,0.911,2025-06-12 16:20:49.042398,,
JBCLUSTER,Last100,2,2019-06-03 01:07:47,2019-06-05 09:09:11, , ,1,1,1,N/A,1,-1,NaN,NaN,0,NaN,0,NaN,NaN,NaN,NaN,NaN,Scale-up,NaN,NaN,NaN,0,NaN,2025-06-12 16:20:49.044392,,
JBAS,All,6926,2001-04-06 03:49:30,2020-03-24 01:38:51,6837,6837,2519,4318,67,6770,6486,284,0.912,1.301,0.022,2.169,2.191,2.154,0.99,0.412,0.99,130.936,Scale-up,0.461,0.945,0.98,0.915,0.973,2025-06-12 16:20:59.572583,,
JBAS,Last100,0,2020-03-24 01:38:51,2020-03-24 01:38:51, , ,1,1,1,N/A,1,0,NaN,NaN,NaN,NaN,0,NaN,NaN,NaN,NaN,NaN,Scale-up,NaN,NaN,NaN,NaN,NaN,2025-06-12 16:20:59.585550,,
JBADMCON,All,5778,2005-01-06 17:06:30,2020-11-02 12:10:47,105,105,66,39,1,104,49,55,0.014,0.007,0,0.012,0.021,0.021,0.571,0.667,1.0,4583.333,Scale-up,83.333,0.526,0.61,0,0.451,2025-06-12 16:21:07.324237,,
JBADMCON,Last100,0,2020-11-02 12:10:47,2020-11-02 12:10:47, , ,1,1,1,N/A,1,0,NaN,NaN,NaN,NaN,0,NaN,NaN,NaN,NaN,NaN,Scale-up,NaN,NaN,NaN,NaN,NaN,2025-06-12 16:21:07.350009,,
JANDEX,All,2877,2011-04-07 14:37:59,2019-02-21 23:11:07,48,48,22,26,0,48,42,6,0.007,0.009,0,0.014,0.016,0.016,0.875,0.438,1.0,428.571,Scale-up,71.429,0.944,0.982,0,0.947,2025-06-12 16:21:14.846630,,
JANDEX,Last100,6,2019-02-15 04:42:53,2019-02-21 23:11:07, , ,1,1,1,N/A,4,-4,NaN,NaN,0,0.667,0,NaN,NaN,NaN,NaN,NaN,Scale-up,1.499,NaN,NaN,0,0.6,2025-06-12 16:21:14.848624,,
ISPN,All,4690,2009-03-03 10:56:12,2022-01-04 17:23:41,12284,12284,5872,6412,156,12128,10384,1744,1.296,1.583,0.035,2.412,2.844,2.833,0.848,0.45,0.988,723.051,Scale-up,0.415,0.993,0.996,0.974,0.996,2025-06-12 16:21:26.972774,,
ISPN,Last100,99,2021-09-27 13:58:07,2022-01-04 17:23:41, , ,130,125,3,N/A,203,48,1.434,1.384,0.032,2.034,2.7859999999999996,2.779,0.73,0.509,0.989,857.424,Scale-up,0.492,0.983,0.991,0.858,0.959,2025-06-12 16:21:32.132032,,
IR,All,944,2019-06-04 16:03:14,2022-01-04 10:48:56,63,63,60,3,0,63,18,45,0.077,0.006,0,0.033,0.083,0.082,0.398,0.928,1.0,1363.636,Scale-up,30.303,0.912,0.995,0,0.906,2025-06-12 16:21:39.627084,,
IR,Last100,98,2021-09-27 14:19:17,2022-01-04 10:48:56, , ,11,1,1,N/A,3,7,0.106,NaN,0,0.036,0.106,0.106,NaN,NaN,NaN,NaN,Scale-up,27.778,0.838,NaN,0,0.75,2025-06-12 16:21:39.629079,,
IPROTO,All,2105,2016-03-03 10:22:40,2021-12-07 15:07:51,217,217,110,107,2,215,132,83,0.058,0.052,0.023,0.078,0.087,0.109,0.897,0.527,0.791,1064.103,Scale-up,12.821,0.979,0.935,1.0,0.95,2025-06-12 16:21:47.686111,,
IPROTO,Last100,77,2021-09-20 19:22:34,2021-12-07 15:07:51, , ,1,5,1,N/A,1,3,NaN,0.037,NaN,NaN,0,0.037,NaN,NaN,NaN,NaN,Scale-up,NaN,NaN,0.845,NaN,NaN,2025-06-12 16:21:47.689101,,
HRJS,All,2001,2016-04-20 10:02:10,2021-10-12 15:53:51,85,85,52,33,2,83,61,22,0.029,0.022,0.001,0.039,0.05,0.048,0.78,0.569,0.98,564.103,Scale-up,25.641,0.86,0.885,1.0,0.912,2025-06-12 16:21:55.819496,,
HRJS,Last100,0,2021-10-12 15:53:51,2021-10-12 15:53:51, , ,1,1,1,N/A,1,0,NaN,NaN,NaN,NaN,0,NaN,NaN,NaN,NaN,NaN,Scale-up,NaN,NaN,NaN,NaN,NaN,2025-06-12 16:21:55.820493,,
HRCPP,All,2948,2013-08-15 02:10:47,2021-09-10 07:59:06,478,478,258,220,0,478,431,47,0.119,0.094,0,0.184,0.213,0.213,0.864,0.559,1.0,255.435,Scale-up,5.435,0.97,0.936,0,0.955,2025-06-12 16:22:03.546941,,
HRCPP,Last100,50,2021-07-21 09:33:57,2021-09-10 07:59:06, , ,1,1,1,N/A,2,0,NaN,NaN,0,NaN,0,NaN,NaN,NaN,NaN,NaN,Scale-up,NaN,NaN,NaN,0,NaN,2025-06-12 16:22:03.548940,,
HOSTEDCP,All,697,2020-01-24 09:37:43,2021-12-21 14:18:37,214,214,200,14,0,214,122,92,0.247,0.014,0,0.143,0.261,0.264,0.548,0.946,1.0,643.357,Scale-up,6.993,0.929,0.448,0,0.843,2025-06-12 16:22:11.118025,,
HOSTEDCP,Last100,85,2021-09-27 13:44:43,2021-12-21 14:18:37, , ,44,1,1,N/A,37,8,0.503,NaN,0,0.387,0.503,0.503,NaN,NaN,NaN,NaN,Scale-up,2.584,0.949,NaN,0,0.976,2025-06-12 16:22:11.121017,,
HOR,All,52,2021-11-12 23:56:41,2022-01-04 14:44:36,59,59,59,0,0,59,31,28,0.998,0,0,0.817,0.998,0.998,0.819,1.0,1.0,34.272,Scale-up,1.224,0.503,0,0,0.893,2025-06-12 16:22:18.030910,,
HOR,Last100,52,2021-11-12 23:56:41,2022-01-04 14:44:36, , ,59,1,1,N/A,31,27,0.97,0,0,0.811,0.97,0.97,0.836,1.0,1.0,34.525,Scale-up,1.233,0.506,0,0,0.896,2025-06-12 16:22:21.632606,,
HIVE,All,1257,2018-07-26 20:17:38,2022-01-04 19:52:04,301,301,240,61,0,301,171,130,0.503,0.176,0,0.525,0.679,0.66,0.773,0.741,1.0,247.619,Scale-up,1.905,0.773,0.984,0,0.988,2025-06-12 16:22:29.273374,,
HIVE,Last100,97,2021-09-28 20:56:09,2022-01-04 19:52:04, , ,45,13,1,N/A,35,22,0.539,0.114,0,0.402,0.653,0.615,0.616,0.825,1.0,323.383,Scale-up,2.488,0.971,0.943,0,0.92,2025-06-12 16:22:33.595383,,
HELM,All,749,2019-12-04 20:48:17,2021-12-23 13:50:59,208,208,173,35,5,203,136,67,0.303,0.093,0.013,0.335,0.383,0.363,0.875,0.765,0.967,200.0,Scale-up,2.985,0.904,0.889,0.829,0.974,2025-06-12 16:22:41.851011,,
HELM,Last100,99,2021-09-14 17:20:36,2021-12-23 13:50:59, , ,35,12,1,N/A,37,10,0.391,0.106,NaN,0.367,0.497,0.467,NaN,NaN,NaN,NaN,Scale-up,2.725,0.959,0.938,NaN,0.942,2025-06-12 16:22:41.853971,,
HAWKULAR,All,1958,2015-01-15 20:04:39,2020-05-27 09:12:13,1105,1105,542,563,22,1083,1037,46,0.523,0.702,0.019,1.013,1.206,1.157,0.84,0.427,0.984,45.41,Scale-up,0.987,0.768,0.751,0.735,0.85,2025-06-12 16:22:50.559110,,
HAWKULAR,Last100,0,2020-05-27 09:12:13,2020-05-27 09:12:13, , ,1,1,1,N/A,1,0,NaN,NaN,NaN,NaN,0,NaN,NaN,NaN,NaN,NaN,Scale-up,NaN,NaN,NaN,NaN,NaN,2025-06-12 16:22:50.563069,,
HAL,All,3787,2011-07-18 06:15:49,2021-11-29 11:34:32,1519,1519,592,927,58,1461,1362,99,0.219,0.349,0.023,0.527,0.545,0.541,0.967,0.386,0.96,187.856,Scale-up,1.898,0.958,0.919,0.882,0.949,2025-06-12 16:22:59.494388,,
HAL,Last100,75,2021-09-14 12:34:24,2021-11-29 11:34:32, , ,2,6,2,N/A,10,-3,0.024,0.057,0.056,0.1,0.025,0.054,4.0,0.296,0.309,990.0,Catch-up,10.0,1.0,0.863,1.0,0.904,2025-06-12 16:23:04.312295,,
HAC,All,1043,2019-02-26 07:20:50,2022-01-04 15:00:44,318,318,226,92,21,297,87,210,0.315,0.101,0.337,1.228,0.079,0.375,15.544,0.757,0.19,171.01,Catch-up,0.814,0.5,0.842,0.981,0.981,2025-06-12 16:23:12.692126,,
HAC,Last100,97,2021-09-29 13:46:30,2022-01-04 15:00:44, , ,181,35,21,N/A,87,107,1.962,0.42,0.336,1.227,2.0460000000000003,2.103,0.6,0.824,0.859,171.149,Scale-up,0.815,0.988,0.956,0.98,0.979,2025-06-12 16:23:17.799119,,
GRPA,All,315,2021-02-04 05:43:33,2021-12-16 18:34:41,191,191,185,6,0,191,149,42,0.639,0.02,0,0.534,0.659,0.66,0.81,0.97,1.0,78.652,Scale-up,1.873,0.988,0.881,0,0.993,2025-06-12 16:23:25.544536,,
GRPA,Last100,99,2021-09-08 16:35:05,2021-12-16 18:34:41, , ,42,2,1,N/A,50,-7,0.436,0.016,0,0.57,0.452,0.454,1.261,0.965,1.0,73.684,Catch-up,1.754,0.961,1.0,0,0.988,2025-06-12 16:23:29.818995,,
GITOPS,All,283,2021-03-22 10:28:36,2021-12-31 10:01:25,481,481,373,108,0,481,243,238,1.285,0.369,0,0.92,1.654,1.656,0.556,0.777,1.0,258.696,Scale-up,1.087,0.994,0.989,0,0.963,2025-06-12 16:23:37.618339,,
GITOPS,Last100,99,2021-09-22 14:09:05,2021-12-31 10:01:25, , ,127,36,1,N/A,121,43,1.17,0.354,0,1.269,1.524,1.528,0.833,0.768,1.0,187.549,Scale-up,0.788,0.974,0.956,0,0.989,2025-06-12 16:23:42.132373,,
FUSETOOLS,All,4016,2011-01-05 16:16:58,2022-01-04 13:16:17,2942,2942,1567,1375,140,2802,2289,513,0.407,0.412,0.045,0.633,0.774,0.781,0.818,0.497,0.945,810.427,Scale-up,1.58,0.956,0.964,0.925,0.975,2025-06-12 16:23:51.422418,,
FUSETOOLS,Last100,94,2021-10-01 15:14:52,2022-01-04 13:16:17, , ,34,9,1,N/A,45,-2,0.306,0.238,NaN,0.468,0.544,0.411,NaN,NaN,NaN,NaN,Scale-up,2.137,0.967,0.871,NaN,0.967,2025-06-12 16:23:51.456693,,
FUSEJON,All,3440,2012-04-05 14:50:51,2021-09-06 06:52:44,139,139,55,84,3,136,129,7,0.029,0.037,0.001,0.039,0.065,0.06,0.6,0.439,0.985,179.487,Scale-up,25.641,0.791,0.82,0.921,0.625,2025-06-12 16:23:59.859026,,
FUSEJON,Last100,0,2021-09-06 06:51:49,2021-09-06 06:52:44, , ,1,1,1,N/A,5,-4,NaN,NaN,NaN,2.5,0,NaN,NaN,NaN,NaN,NaN,Scale-up,0.4,NaN,NaN,NaN,0.5,2025-06-12 16:23:59.863017,,
FUSEDOC,All,4772,2008-11-26 14:18:38,2021-12-21 08:15:27,200,200,79,121,8,192,178,14,0.022,0.039,0.012,0.059,0.049,0.058,1.204,0.361,0.803,237.288,Catch-up,16.949,0.872,0.868,0.9,0.948,2025-06-12 16:24:08.114556,,
FUSEDOC,Last100,98,2021-09-14 06:36:28,2021-12-21 08:15:27, , ,14,16,2,N/A,18,9,0.131,0.25,0.018,0.255,0.363,0.323,0.702,0.344,0.953,54.902,Scale-up,3.922,0.918,0.918,1.0,0.787,2025-06-12 16:24:13.118838,,
FORGE,All,4031,2010-10-22 11:34:26,2021-11-04 19:09:53,2298,2298,1451,847,73,2225,1983,242,0.65,0.392,0.029,0.822,1.013,1.007,0.811,0.624,0.972,294.404,Scale-up,1.217,0.92,0.921,0.941,0.888,2025-06-12 16:24:22.126995,,
FORGE,Last100,61,2021-09-04 15:18:55,2021-11-04 19:09:53, , ,1,1,1,N/A,1,0,NaN,NaN,NaN,NaN,0,0.016,NaN,NaN,NaN,NaN,Scale-up,NaN,NaN,NaN,NaN,NaN,2025-06-12 16:24:22.132976,,
FH,All,1961,2015-02-11 11:41:04,2020-06-26 04:55:50,1808,1808,1590,218,328,1480,1449,31,1.8,0.203,0.379,1.566,1.624,1.656,0.964,0.899,0.811,19.796,Start-up,0.639,0.9,0.984,0.545,0.937,2025-06-12 16:24:31.456180,,
FH,Last100,31,2020-05-25 07:47:35,2020-06-26 04:55:50, , ,1,1,1,N/A,2,-1,NaN,NaN,NaN,0.031,0,NaN,NaN,NaN,NaN,NaN,Start-up,32.258,NaN,NaN,NaN,1.0,2025-06-12 16:24:31.485392,,
FAI,All,948,2019-05-31 05:15:49,2022-01-03 07:57:47,487,487,415,72,0,487,324,163,0.541,0.169,0,0.427,0.71,0.635,0.601,0.762,1.0,381.733,Scale-up,2.342,0.965,0.928,0,0.95,2025-06-12 16:24:39.317148,,
FAI,Last100,97,2021-09-27 13:44:57,2022-01-03 07:57:47, , ,51,28,1,N/A,63,17,0.596,0.436,0,0.851,1.032,1.008,0.825,0.578,1.0,191.539,Scale-up,1.175,0.89,0.928,0,0.977,2025-06-12 16:24:43.651743,,
FAB,All,3373,2011-07-15 13:53:34,2020-10-09 13:42:54,60,60,30,30,0,60,40,20,0.045,0.008,0,0.025,0.053,0.023,0.472,0.849,1.0,800.0,Scale-up,40.0,0.808,0.302,0,0.515,2025-06-12 16:24:51.272271,,
FAB,Last100,0,2020-10-09 13:42:54,2020-10-09 13:42:54, , ,1,1,1,N/A,1,0,NaN,NaN,0,NaN,0,NaN,NaN,NaN,NaN,NaN,Scale-up,NaN,NaN,NaN,0,NaN,2025-06-12 16:24:51.302582,,
ERT,All,1392,2016-01-27 17:07:31,2019-11-20 16:34:16,681,681,636,45,5,676,526,150,0.416,0.042,0.004,0.346,0.454,0.449,0.762,0.908,0.991,433.526,Scale-up,2.89,0.892,0.814,0.858,0.904,2025-06-12 16:24:59.910020,,
ERT,Last100,98,2019-08-14 14:25:40,2019-11-20 16:34:16, , ,22,1,1,N/A,20,1,0.217,NaN,NaN,0.224,0,0.217,NaN,NaN,NaN,NaN,Scale-up,4.464,0.958,NaN,NaN,0.943,2025-06-12 16:24:59.914977,,
ERRAI,All,4437,2009-09-30 12:18:37,2021-11-24 07:54:31,1102,1102,562,540,15,1087,946,141,0.195,0.198,0.007,0.366,0.386,0.386,0.948,0.496,0.982,385.246,Scale-up,2.732,0.954,0.94,0.961,0.942,2025-06-12 16:25:08.501591,,
ERRAI,Last100,0,2021-11-24 07:54:31,2021-11-24 07:54:31, , ,1,1,1,N/A,1,0,NaN,NaN,NaN,NaN,0,NaN,NaN,NaN,NaN,NaN,Scale-up,NaN,NaN,NaN,NaN,NaN,2025-06-12 16:25:08.505213,,
ERDEMO,All,406,2020-06-16 15:08:11,2021-07-27 15:46:25,90,90,81,9,1,89,37,52,0.27,0.018,0,0.125,0.288,0.264,0.434,0.938,1.0,416.0,Scale-up,8.0,0.846,0.879,0,0.883,2025-06-12 16:25:15.959776,,
ERDEMO,Last100,97,2021-04-21 09:50:56,2021-07-27 15:46:25, , ,2,1,1,N/A,3,-1,0.5,NaN,NaN,0.027,0,0.016,NaN,NaN,NaN,NaN,Scale-up,37.037,1.0,NaN,NaN,0.75,2025-06-12 16:25:15.961770,,
ENTVTX,All,1717,2017-02-15 14:30:52,2021-10-29 21:40:47,41,41,41,0,0,41,37,4,0.027,0,0,0.024,0.027,0.027,0.889,1.0,1.0,166.667,Scale-up,41.667,0.965,0,0,0.972,2025-06-12 16:25:22.747154,,
ENTVTX,Last100,21,2021-10-08 18:54:17,2021-10-29 21:40:47, , ,1,1,1,N/A,3,-2,NaN,0,0,0.068,0,NaN,NaN,NaN,NaN,NaN,Scale-up,14.706,NaN,0,0,0.75,2025-06-12 16:25:22.749151,,
ENTSBT,All,1461,2018-01-04 08:14:43,2022-01-04 10:43:19,156,156,92,64,8,148,112,36,0.085,0.06,0.01,0.112,0.135,0.136,0.83,0.586,0.931,321.429,Scale-up,8.929,0.967,0.972,0.973,0.944,2025-06-12 16:25:31.020204,,
ENTSBT,Last100,97,2021-09-29 07:53:55,2022-01-04 10:43:19, , ,4,10,1,N/A,7,6,0.036,0.082,NaN,0.062,0.118,0.114,NaN,NaN,NaN,NaN,Scale-up,16.129,0.908,0.817,NaN,0.905,2025-06-12 16:25:31.023194,,
ENTMQST,All,1461,2018-01-04 04:20:34,2022-01-04 17:30:08,2304,2304,1839,465,114,2190,1931,259,1.269,0.358,0.092,1.481,1.535,1.547,0.965,0.78,0.943,174.882,Scale-up,0.675,0.995,0.982,0.9,0.991,2025-06-12 16:25:40.341395,,
ENTMQST,Last100,99,2021-09-27 09:59:49,2022-01-04 17:30:08, , ,145,28,11,N/A,115,48,1.462,0.269,0.08,1.082,1.6509999999999998,1.693,0.655,0.845,0.954,239.372,Scale-up,0.924,0.965,0.979,0.621,0.983,2025-06-12 16:25:45.374203,,
ENTMQMAAS,All,1870,2016-11-21 10:54:41,2022-01-04 11:00:33,1906,1906,1587,319,40,1866,1648,218,1.122,0.306,0.033,1.306,1.395,1.366,0.936,0.786,0.977,166.922,Scale-up,0.766,0.954,0.933,0.781,0.935,2025-06-12 16:25:54.581047,,
ENTMQMAAS,Last100,99,2021-09-27 10:25:00,2022-01-04 11:00:33, , ,4,1,1,N/A,7,-1,0.091,NaN,NaN,0.064,0,0.121,NaN,NaN,NaN,NaN,Scale-up,15.625,0.891,NaN,NaN,0.896,2025-06-12 16:25:54.586034,,
ENTMQIC,All,2423,2015-04-30 10:20:37,2021-12-17 13:23:48,696,696,489,207,20,676,540,136,0.321,0.092,0.011,0.297,0.402,0.352,0.739,0.777,0.973,457.912,Scale-up,3.367,0.942,0.983,0.771,0.914,2025-06-12 16:26:03.151734,,
ENTMQIC,Last100,99,2021-09-08 14:01:27,2021-12-17 13:23:48, , ,9,21,1,N/A,83,-54,0.074,0.225,NaN,0.684,0.299,0.296,NaN,NaN,NaN,NaN,Scale-up,1.462,0.95,0.864,NaN,0.8,2025-06-12 16:26:03.156746,,
ENTMQCL,All,2532,2015-01-29 00:00:52,2022-01-04 11:00:17,427,427,178,249,20,407,329,78,0.08,0.112,0.009,0.151,0.183,0.184,0.825,0.417,0.953,516.556,Scale-up,6.623,0.979,0.993,0.941,0.984,2025-06-12 16:26:11.518344,,
ENTMQCL,Last100,95,2021-09-30 15:52:27,2022-01-04 11:00:17, , ,3,4,2,N/A,5,-1,0.04,0.044,NaN,0.044,0.08399999999999999,0.046,NaN,NaN,NaN,NaN,Scale-up,22.727,0.983,0.938,NaN,0.883,2025-06-12 16:26:11.521336,,
ENTMQBR,All,3990,2011-02-01 15:04:06,2022-01-04 16:55:26,3602,3602,1691,1911,98,3504,2693,811,0.835,0.868,0.053,1.404,1.65,1.657,0.851,0.49,0.969,577.635,Scale-up,0.712,0.917,0.972,0.865,0.979,2025-06-12 16:26:21.148338,,
ENTMQBR,Last100,99,2021-09-27 11:17:42,2022-01-04 16:55:26, , ,91,104,7,N/A,115,74,0.937,0.991,0.13,1.528,1.798,1.874,0.85,0.486,0.933,530.759,Scale-up,0.654,0.987,0.989,0.902,0.937,2025-06-12 16:26:26.193710,,
ENTMQ,All,3753,2011-08-24 20:43:39,2021-12-03 15:45:54,1442,1442,312,1130,37,1405,1401,4,0.114,0.436,0.014,0.51,0.536,0.528,0.951,0.207,0.975,7.843,Start-up,1.961,0.876,0.936,0.961,0.936,2025-06-12 16:26:35.152191,,
ENTMQ,Last100,87,2021-09-07 08:24:55,2021-12-03 15:45:54, , ,1,1,1,N/A,3,-1,NaN,NaN,NaN,0.023,0,NaN,NaN,NaN,NaN,NaN,Start-up,43.478,NaN,NaN,NaN,0.994,2025-06-12 16:26:35.177793,,
ENTESB,All,4000,2011-01-21 22:00:31,2022-01-04 17:28:30,12739,12739,3810,8929,608,12131,11719,412,1.162,2.951,0.199,3.842,3.914,3.919,0.982,0.283,0.952,107.236,Scale-up,0.26,0.954,0.979,0.923,0.99,2025-06-12 16:26:47.821644,,
ENTESB,Last100,99,2021-09-27 08:29:32,2022-01-04 17:28:30, , ,92,189,25,N/A,267,-12,0.948,2.102,0.256,3.376,2.7939999999999996,2.827,1.208,0.311,0.916,122.038,Catch-up,0.296,0.942,0.989,0.906,0.95,2025-06-12 16:26:52.983843,,
EMB,All,2982,2007-07-11 10:07:05,2015-09-10 03:16:49,92,92,69,23,0,92,85,7,0.076,0.016,0,0.056,0.092,0.084,0.609,0.826,1.0,125.0,Scale-up,17.857,0.737,0.886,0,0.444,2025-06-12 16:27:00.495323,,
EMB,Last100,0,2015-09-10 03:16:49,2015-09-10 03:16:49, , ,1,1,1,N/A,1,0,NaN,NaN,0,NaN,0,NaN,NaN,NaN,NaN,NaN,Scale-up,NaN,NaN,NaN,0,NaN,2025-06-12 16:27:00.515732,,
ELYWEB,All,1323,2018-05-22 10:55:33,2022-01-04 21:26:25,169,169,150,19,0,169,160,9,0.106,0.012,0,0.113,0.118,0.117,0.958,0.898,1.0,79.646,Scale-up,8.85,0.989,0.887,0,0.987,2025-06-12 16:27:08.211169,,
ELYWEB,Last100,97,2021-09-29 14:32:28,2022-01-04 21:26:25, , ,24,2,1,N/A,26,1,0.271,0.034,0,0.26,0.30500000000000005,0.301,0.852,0.889,1.0,34.615,Scale-up,3.846,0.969,1.0,0,0.913,2025-06-12 16:27:12.603447,,
ELY,All,3777,2011-09-02 11:18:52,2022-01-04 21:19:47,2037,2037,1193,844,15,2022,1784,238,0.438,0.386,0.005,0.76,0.819,0.807,0.928,0.532,0.994,313.158,Scale-up,1.316,0.959,0.826,0.898,0.927,2025-06-12 16:27:22.744514,,
ELY,Last100,97,2021-09-29 10:34:01,2022-01-04 21:19:47, , ,47,12,1,N/A,65,-8,0.451,0.132,NaN,0.612,0.583,0.574,NaN,NaN,NaN,NaN,Scale-up,1.634,0.974,0.974,NaN,0.93,2025-06-12 16:27:22.749533,,
EJBTHREE,All,5805,2004-12-13 11:37:00,2020-11-04 11:43:54,2068,2068,961,1107,19,2049,1636,413,0.431,0.491,0.013,0.663,0.909,0.917,0.729,0.467,0.986,622.926,Scale-up,1.508,0.979,0.959,0.968,0.942,2025-06-12 16:27:33.078341,,
EJBTHREE,Last100,0,2020-11-04 11:43:54,2020-11-04 11:43:54, , ,1,1,1,N/A,1,0,NaN,NaN,NaN,NaN,0,NaN,NaN,NaN,NaN,NaN,Scale-up,NaN,NaN,NaN,NaN,NaN,2025-06-12 16:27:33.082330,,
EJBCLIENT,All,3734,2011-09-28 11:20:00,2021-12-18 15:13:48,380,380,147,233,3,377,332,45,0.037,0.072,0.001,0.093,0.108,0.107,0.861,0.339,0.991,483.871,Scale-up,10.753,0.982,0.963,0.948,0.947,2025-06-12 16:27:41.517084,,
EJBCLIENT,Last100,85,2021-09-23 15:50:12,2021-12-18 15:13:48, , ,2,1,1,N/A,8,-5,0.016,NaN,NaN,0.074,0,0.016,NaN,NaN,NaN,NaN,Scale-up,13.514,1.0,NaN,NaN,0.812,2025-06-12 16:27:41.520075,,
DROOLS,All,5664,2006-07-03 08:53:53,2022-01-04 15:07:12,5799,5799,2620,3179,287,5512,4625,887,0.818,0.973,0.113,1.569,1.678,1.702,0.935,0.457,0.937,565.328,Scale-up,0.637,0.839,0.964,0.885,0.915,2025-06-12 16:27:51.816258,,
DROOLS,Last100,99,2021-09-27 01:46:13,2022-01-04 15:07:12, , ,73,63,11,N/A,117,9,0.783,0.612,0.153,1.27,1.242,1.287,1.023,0.561,0.89,698.425,Catch-up,0.787,0.955,0.967,0.85,0.983,2025-06-12 16:27:57.206589,,
DMR,All,3458,2012-03-07 06:16:05,2021-08-25 09:10:01,39,39,23,16,1,38,33,5,0.007,0.005,0,0.011,0.012,0.012,0.917,0.583,1.0,454.545,Scale-up,90.909,0.955,0.942,0,0.913,2025-06-12 16:28:04.845758,,
DMR,Last100,0,2021-08-25 09:10:01,2021-08-25 09:10:01, , ,1,1,1,N/A,1,0,NaN,NaN,NaN,NaN,0,NaN,NaN,NaN,NaN,NaN,Scale-up,NaN,NaN,NaN,NaN,NaN,2025-06-12 16:28:04.847752,,
DEVEX,All,1951,2015-10-02 15:15:18,2021-02-03 23:44:40,86,86,75,11,0,86,33,53,0.031,0.004,0,0.212,0.035,0.031,6.057,0.886,1.0,250.0,Catch-up,4.717,0.1,0.481,0,0.871,2025-06-12 16:28:12.342320,,
DEVEX,Last100,0,2021-02-03 23:44:40,2021-02-03 23:44:40, , ,1,1,1,N/A,1,0,NaN,NaN,0,NaN,0,NaN,NaN,NaN,NaN,NaN,Catch-up,NaN,NaN,NaN,0,NaN,2025-06-12 16:28:12.343322,,
DEVELOPER,All,3562,2012-03-14 15:45:50,2021-12-15 14:28:21,5014,5014,3071,1943,82,4932,4783,149,1.587,0.911,0.049,2.481,2.449,2.444,1.013,0.635,0.98,60.056,Catch-up,0.403,0.98,0.95,0.936,0.981,2025-06-12 16:28:22.529439,,
DEVELOPER,Last100,8,2021-12-07 12:05:22,2021-12-15 14:28:21, , ,1,2,1,N/A,1,1,NaN,0.111,NaN,NaN,0,0.111,NaN,NaN,NaN,NaN,Catch-up,NaN,NaN,1.0,NaN,NaN,2025-06-12 16:28:22.542410,,
DESIGN,All,5345,2007-05-18 10:22:46,2022-01-04 19:37:31,1479,1479,1449,30,99,1380,1296,84,0.333,0.007,0.065,0.297,0.275,0.32,1.08,0.979,0.809,282.828,Catch-up,3.367,0.924,0.961,0.892,0.903,2025-06-12 16:28:31.657228,,
DESIGN,Last100,99,2021-09-27 17:15:27,2022-01-04 19:37:31, , ,25,1,1,N/A,23,3,0.172,NaN,NaN,0.209,0,0.172,NaN,NaN,NaN,NaN,Catch-up,4.785,0.792,NaN,NaN,0.957,2025-06-12 16:28:31.662223,,
DBZ,All,2170,2016-01-26 09:19:34,2022-01-04 17:23:56,4134,4134,2341,1793,208,3926,3205,721,1.206,0.918,0.154,1.655,1.97,2.023,0.84,0.568,0.927,435.65,Scale-up,0.604,0.921,0.939,0.83,0.922,2025-06-12 16:28:41.269734,,
DBZ,Last100,99,2021-09-27 04:03:39,2022-01-04 17:23:56, , ,240,188,25,N/A,358,46,2.573,2.017,0.268,3.95,4.322,4.317,0.914,0.561,0.942,182.532,Scale-up,0.253,0.993,0.995,0.975,0.99,2025-06-12 16:28:46.634826,,
DBAAS,All,243,2021-04-23 16:25:56,2021-12-22 23:49:30,142,142,136,6,0,142,125,17,0.493,0.047,0,0.499,0.54,0.52,0.924,0.913,1.0,34.068,Scale-up,2.004,0.864,0.818,0,0.969,2025-06-12 16:28:54.269953,,
DBAAS,Last100,99,2021-09-14 17:32:32,2021-12-22 23:49:30, , ,26,5,1,N/A,39,-7,0.178,0.087,0,0.379,0.265,0.219,1.43,0.672,1.0,44.855,Catch-up,2.639,0.758,0.92,0,0.836,2025-06-12 16:28:58.538277,,
DASHBUILDE,All,2056,2015-03-19 06:09:42,2020-11-03 11:40:42,212,212,94,118,5,207,164,43,0.072,0.119,0.008,0.16,0.183,0.18,0.874,0.377,0.958,268.75,Scale-up,6.25,0.88,0.965,0.825,0.968,2025-06-12 16:29:06.658438,,
DASHBUILDE,Last100,0,2020-11-03 11:40:42,2020-11-03 11:40:42, , ,1,1,1,N/A,1,0,NaN,NaN,NaN,NaN,0,NaN,NaN,NaN,NaN,NaN,Scale-up,NaN,NaN,NaN,NaN,NaN,2025-06-12 16:29:06.659434,,
CS,All,686,2020-02-18 10:13:23,2022-01-04 13:27:17,871,871,820,51,0,871,804,67,3.04,0.194,0,3.617,3.234,3.21,1.118,0.94,1.0,18.524,Plan-up,0.276,0.879,0.963,0,0.918,2025-06-12 16:29:14.764487,,
CS,Last100,99,2021-09-27 13:11:35,2022-01-04 13:27:17, , ,55,10,1,N/A,67,-1,0.616,0.09,0,0.803,0.706,0.706,1.137,0.873,1.0,83.437,Catch-up,1.245,0.953,0.934,0,0.966,2025-06-12 16:29:19.109158,,
CRW,All,1344,2018-05-01 18:04:41,2022-01-04 20:53:48,2036,2036,1085,951,101,1935,1592,343,0.973,0.868,0.096,1.495,1.745,1.752,0.857,0.529,0.948,229.431,Scale-up,0.669,0.943,0.979,0.942,0.957,2025-06-12 16:29:28.352734,,
CRW,Last100,99,2021-09-27 10:58:56,2022-01-04 20:53:48, , ,138,106,19,N/A,223,1,1.459,1.134,0.232,2.214,2.3609999999999998,2.353,0.938,0.563,0.911,154.923,Scale-up,0.452,0.96,0.963,0.933,0.993,2025-06-12 16:29:33.691908,,
CPDEVOPS,All,655,2020-03-19 08:54:53,2022-01-03 14:14:39,113,113,73,40,0,113,79,34,0.168,0.091,0,0.203,0.259,0.233,0.784,0.649,1.0,167.488,Scale-up,4.926,0.924,0.785,0,0.99,2025-06-12 16:29:41.237949,,
CPDEVOPS,Last100,98,2021-09-27 12:08:28,2022-01-03 14:14:39, , ,11,25,1,N/A,23,14,0.107,0.3,0,0.246,0.407,0.389,0.604,0.263,1.0,138.211,Scale-up,4.065,0.715,0.898,0,0.973,2025-06-12 16:29:45.585150,,
COVIDSAFE,All,122,2021-09-03 15:19:01,2022-01-03 18:32:39,312,312,165,147,68,244,220,24,1.719,1.303,1.42,2.541,1.602,2.278,1.586,0.569,0.53,9.445,Plan-up,0.394,0.815,0.43,0.803,0.808,2025-06-12 16:29:54.212134,,
COVIDSAFE,Last100,98,2021-09-27 14:16:34,2022-01-03 18:32:39, , ,63,19,67,N/A,99,-85,0.777,0.179,1.494,1.206,-0.538,-0.044,-2.242,0.813,-0.563,19.9,Start-up,0.829,0.892,0.878,0.807,0.694,2025-06-12 16:29:59.283029,,
COST,All,712,2020-01-23 19:05:34,2022-01-04 19:33:51,1748,1748,1210,538,0,1748,890,858,2.025,0.944,0,1.672,2.969,2.956,0.563,0.682,1.0,513.158,Scale-up,0.598,0.996,0.993,0,0.921,2025-06-12 16:30:07.761142,,
COST,Last100,99,2021-09-27 13:22:27,2022-01-04 19:33:51, , ,124,75,1,N/A,163,37,1.452,0.809,0,1.819,2.261,2.26,0.805,0.642,1.0,471.688,Scale-up,0.55,0.984,0.981,0,0.987,2025-06-12 16:30:12.235722,,
CORS,All,687,2020-02-04 18:12:02,2021-12-23 12:23:35,129,129,124,5,0,129,69,60,0.274,0.025,0,0.197,0.299,0.286,0.659,0.916,1.0,304.569,Scale-up,5.076,0.916,0.888,0,0.964,2025-06-12 16:30:19.873855,,
CORS,Last100,92,2021-09-21 17:21:33,2021-12-23 12:23:35, , ,45,1,1,N/A,35,11,0.541,NaN,0,0.347,0.541,0.541,NaN,NaN,NaN,NaN,Scale-up,2.882,0.97,NaN,0,0.912,2025-06-12 16:30:19.903209,,
CONSOLE,All,1336,2018-04-23 17:56:44,2021-12-20 17:20:14,314,314,314,0,0,314,137,177,0.498,0,0,0.385,0.498,0.498,0.773,1.0,1.0,459.74,Scale-up,2.597,0.837,0,0,0.95,2025-06-12 16:30:26.907696,,
CONSOLE,Last100,83,2021-09-27 19:01:14,2021-12-20 17:20:14, , ,29,1,1,N/A,12,16,0.31,0,0,0.164,0.31,0.31,0.529,1.0,1.0,1079.268,Scale-up,6.098,0.982,0,0,0.946,2025-06-12 16:30:30.591555,,
CNRDOC,All,584,2020-05-04 02:13:02,2021-12-09 13:29:45,49,49,45,4,0,49,21,28,0.093,0.021,0,0.041,0.114,0.108,0.36,0.816,1.0,682.927,Scale-up,24.39,0.576,0.6,0,0.719,2025-06-12 16:30:38.150327,,
CNRDOC,Last100,0,2021-12-09 13:29:45,2021-12-09 13:29:45, , ,1,1,1,N/A,1,0,NaN,NaN,0,NaN,0,NaN,NaN,NaN,NaN,NaN,Scale-up,NaN,NaN,NaN,0,NaN,2025-06-12 16:30:38.152419,,
CMTOOL,All,2109,2016-01-25 14:23:59,2021-11-03 15:44:27,300,300,198,102,8,292,282,10,0.091,0.059,0.005,0.142,0.145,0.143,0.979,0.607,0.967,70.423,Scale-up,7.042,0.897,0.957,0.876,0.927,2025-06-12 16:30:46.511198,,
CMTOOL,Last100,76,2021-08-19 10:05:21,2021-11-03 15:44:27, , ,10,1,1,N/A,8,1,0.12,NaN,NaN,0.485,0,0.12,NaN,NaN,NaN,NaN,Scale-up,2.062,0.719,NaN,NaN,0.734,2025-06-12 16:30:46.514194,,
CMP,All,336,2021-02-02 10:27:13,2022-01-04 15:29:04,229,229,222,7,164,65,0,65,0.717,0.067,0.545,0,0.239,0.21,0.0,0.915,0.305,NaN,Indeterminate,0,0.989,0.895,0.989,0,2025-06-12 16:30:53.955339,,
CMP,Last100,99,2021-09-27 06:54:04,2022-01-04 15:29:04, , ,48,1,58,N/A,1,-9,0.521,NaN,0.657,NaN,-0.136,-0.122,NaN,NaN,NaN,NaN,Indeterminate,NaN,0.962,NaN,0.988,NaN,2025-06-12 16:30:53.958329,,
CLOUD,All,2434,2015-04-22 07:35:13,2021-12-20 14:47:37,2206,2206,1139,1067,31,2175,1815,360,0.647,0.642,0.019,1.074,1.27,1.263,0.846,0.502,0.985,335.196,Scale-up,0.931,0.942,0.936,0.829,0.945,2025-06-12 16:31:03.142892,,
CLOUD,Last100,98,2021-09-13 11:37:37,2021-12-20 14:47:37, , ,20,7,2,N/A,25,1,0.197,0.067,0.024,0.222,0.24000000000000002,0.239,0.925,0.746,0.909,1621.622,Scale-up,4.505,0.925,0.891,1.0,0.958,2025-06-12 16:31:08.114300,,
CHE,All,1824,2016-09-02 12:44:04,2021-09-01 11:41:22,217,217,177,40,5,212,198,14,0.582,0.021,0.021,0.319,0.582,0.302,0.548,0.965,0.965,43.887,Scale-up,3.135,0.97,0.22,0.78,0.527,2025-06-12 16:31:16.552199,,
CHE,Last100,0,2021-09-01 11:41:22,2021-09-01 11:41:22, , ,1,1,1,N/A,1,0,NaN,NaN,NaN,NaN,0,NaN,NaN,NaN,NaN,NaN,Scale-up,NaN,NaN,NaN,NaN,NaN,2025-06-12 16:31:16.574751,,
CGW,All,3025,2013-07-09 05:02:47,2021-10-20 12:56:52,499,499,21,478,6,493,470,23,0.006,0.205,0.003,0.197,0.208,0.202,0.947,0.028,0.986,116.751,Scale-up,5.076,0.681,0.976,0.926,0.981,2025-06-12 16:31:25.144377,,
CGW,Last100,93,2021-07-19 10:01:54,2021-10-20 12:56:52, , ,7,5,1,N/A,5,6,0.053,0.039,NaN,0.078,0.092,0.092,NaN,NaN,NaN,NaN,Scale-up,12.821,0.814,0.9,NaN,0.883,2025-06-12 16:31:25.148389,,
CDK,All,1699,2016-08-26 13:39:14,2021-04-22 11:02:44,393,393,136,257,21,372,319,53,0.108,0.262,0.019,0.323,0.351,0.337,0.92,0.292,0.949,164.087,Scale-up,3.096,0.944,0.956,0.923,0.892,2025-06-12 16:31:33.497168,,
CDK,Last100,94,2021-01-18 05:34:21,2021-04-22 11:02:44, , ,1,1,1,N/A,2,-2,NaN,NaN,NaN,NaN,0,NaN,NaN,NaN,NaN,NaN,Scale-up,NaN,NaN,NaN,NaN,NaN,2025-06-12 16:31:33.499162,,
CDI,All,4190,2009-11-27 23:34:18,2021-05-19 07:26:48,723,723,285,438,2,721,721,0,0.091,0.159,0.011,0.144,0.239,0.249,0.603,0.364,0.956,0.0,Start-up,6.944,0.955,0.958,1.0,0.923,2025-06-12 16:31:42.085869,,
CDI,Last100,0,2021-05-19 07:18:03,2021-05-19 07:26:48, , ,1,1,1,N/A,250,-249,NaN,NaN,NaN,125.0,0,NaN,NaN,NaN,NaN,NaN,Start-up,0.008,NaN,NaN,NaN,0.528,2025-06-12 16:31:42.090864,,
CCO,All,358,2021-01-11 15:11:23,2022-01-04 17:28:35,82,82,78,4,0,82,47,35,0.182,0.018,0,0.127,0.2,0.196,0.635,0.91,1.0,275.591,Scale-up,7.874,0.963,0.865,0,0.969,2025-06-12 16:31:49.559356,,
CCO,Last100,98,2021-09-28 16:32:11,2022-01-04 17:28:35, , ,20,1,1,N/A,16,5,0.289,NaN,0,0.172,0.289,0.289,NaN,NaN,NaN,NaN,Scale-up,5.814,0.949,NaN,0,0.934,2025-06-12 16:31:49.563347,,
CAPEDWARF,All,3284,2012-01-10 16:31:52,2021-01-07 14:19:16,245,245,168,77,0,245,216,29,0.124,0.027,0,0.17,0.151,0.118,1.126,0.821,1.0,170.588,Catch-up,5.882,0.693,0.567,0,0.692,2025-06-12 16:31:57.253133,,
CAPEDWARF,Last100,15,2020-12-22 15:09:10,2021-01-07 14:19:16, , ,1,2,1,N/A,1,1,NaN,0.062,0,NaN,0.062,0.062,NaN,NaN,NaN,NaN,Catch-up,NaN,NaN,1.0,0,NaN,2025-06-12 16:31:57.256133,,
BYTEMAN,All,4523,2009-07-08 06:28:58,2021-11-25 13:28:30,412,412,183,229,4,408,386,22,0.039,0.052,0.001,0.083,0.09,0.089,0.922,0.429,0.989,265.06,Scale-up,12.048,0.938,0.926,1.0,0.939,2025-06-12 16:32:05.747199,,
BYTEMAN,Last100,93,2021-08-24 12:06:48,2021-11-25 13:28:30, , ,3,1,1,N/A,3,-1,0.036,NaN,NaN,0.02,0,0.036,NaN,NaN,NaN,NaN,Scale-up,50.0,0.893,NaN,NaN,0.83,2025-06-12 16:32:05.750190,,
BXMSDOC,All,2812,2014-04-24 06:20:00,2022-01-04 12:54:17,2123,2123,1811,312,2,2121,1966,155,1.105,0.133,0,1.041,1.238,1.027,0.841,0.893,1.0,148.895,Scale-up,0.961,0.909,0.986,0,0.908,2025-06-12 16:32:14.478351,,
BXMSDOC,Last100,99,2021-09-27 10:02:15,2022-01-04 12:54:17, , ,73,7,1,N/A,95,-16,0.825,0.067,NaN,1.072,0.8919999999999999,0.891,NaN,NaN,NaN,NaN,Scale-up,0.933,0.983,0.863,NaN,0.964,2025-06-12 16:32:14.484335,,
BUILD,All,1256,2018-07-13 19:54:01,2021-12-21 16:09:03,144,144,142,2,0,144,70,74,0.152,0.5,0,0.103,0.652,0.154,0.158,0.233,1.0,718.447,Scale-up,9.709,0.831,1.0,0,0.844,2025-06-12 16:32:23.069316,,
BUILD,Last100,98,2021-09-14 15:22:28,2021-12-21 16:09:03, , ,18,1,1,N/A,19,0,0.128,NaN,0,0.184,0.128,0.128,NaN,NaN,NaN,NaN,Scale-up,5.435,0.927,NaN,0,0.963,2025-06-12 16:32:23.093254,,
BPMC,All,4231,2009-07-30 03:36:51,2021-02-28 16:45:06,89,89,54,35,4,85,68,17,0.034,0.018,0.001,0.017,0.051,0.02,0.333,0.654,0.981,1000.0,Scale-up,58.824,0.638,0.645,0.6,0.229,2025-06-12 16:32:34.156361,,
BPMC,Last100,0,2021-02-28 16:39:37,2021-02-28 16:45:06, , ,1,1,3,N/A,1,-3,NaN,NaN,1.5,NaN,0,-1.5,NaN,NaN,NaN,NaN,Scale-up,NaN,NaN,NaN,0.75,NaN,2025-06-12 16:32:34.165327,,
AS7,All,2710,2006-04-19 09:53:41,2013-09-20 05:05:53,5086,5086,2116,2970,96,4990,4990,0,2.621,4.447,0.153,7.063,6.915,6.778,1.021,0.371,0.978,0.0,Plan-up,0.142,0.924,0.934,0.977,0.961,2025-06-12 16:32:58.716698,,
AS7,Last100,76,2013-07-05 08:23:21,2013-09-20 05:05:53, , ,1,1,1,N/A,5,-4,NaN,NaN,NaN,0.054,0,NaN,NaN,NaN,NaN,NaN,Plan-up,18.519,NaN,NaN,NaN,0.96,2025-06-12 16:32:58.725677,,
ARQ,All,4513,2009-08-06 08:08:24,2021-12-14 14:27:26,2119,2119,1393,726,6,2113,1658,455,0.547,0.247,0.003,0.612,0.791,0.776,0.774,0.689,0.996,743.464,Scale-up,1.634,0.9,0.905,0.957,0.927,2025-06-12 16:33:08.952672,,
ARQ,Last100,38,2021-11-05 18:00:37,2021-12-14 14:27:26, , ,1,1,1,N/A,1,1,NaN,NaN,NaN,NaN,0,NaN,NaN,NaN,NaN,NaN,Scale-up,NaN,NaN,NaN,NaN,NaN,2025-06-12 16:33:08.956664,,
ARMOCP,All,238,2021-04-21 15:44:01,2021-12-15 15:54:17,41,41,41,0,0,41,9,32,0.199,0,0,0.084,0.199,0.199,0.422,1.0,1.0,380.952,Scale-up,11.905,0.561,0,0,0.642,2025-06-12 16:33:17.845795,,
ARMOCP,Last100,82,2021-09-23 17:17:57,2021-12-15 15:54:17, , ,39,1,1,N/A,9,29,0.438,0,0,0.085,0.438,0.438,0.194,1.0,1.0,376.471,Scale-up,11.765,0.82,0,0,0.644,2025-06-12 16:33:22.025379,,
APPDUX,All,955,2019-01-08 10:43:52,2021-08-20 12:44:08,742,742,704,38,27,715,702,13,1.083,0.083,0.045,1.313,1.121,1.108,1.171,0.929,0.961,9.901,Plan-up,0.762,0.939,0.857,0.775,0.954,2025-06-12 16:33:32.024760,,
APPDUX,Last100,99,2021-05-12 13:57:04,2021-08-20 12:44:08, , ,67,1,6,N/A,146,-84,0.758,NaN,0.04,1.142,0.718,0.716,NaN,NaN,NaN,NaN,Plan-up,0.876,0.976,NaN,0.654,0.877,2025-06-12 16:33:32.028748,,
APPAI,All,336,2021-01-20 05:55:24,2021-12-22 06:09:12,260,260,214,46,0,260,228,32,0.704,0.155,0,0.721,0.859,0.861,0.839,0.82,1.0,44.383,Scale-up,1.387,0.992,0.942,0,0.984,2025-06-12 16:33:41.544085,,
APPAI,Last100,99,2021-09-14 04:56:33,2021-12-22 06:09:12, , ,28,8,1,N/A,43,-8,0.321,0.065,0,0.419,0.386,0.385,1.085,0.832,1.0,76.372,Catch-up,2.387,0.964,0.758,0,0.986,2025-06-12 16:33:46.587037,,
APIMAN,All,2399,2014-04-24 13:31:10,2020-11-17 21:40:29,1196,1196,673,523,19,1177,778,399,0.562,0.405,0.013,0.631,0.954,0.94,0.661,0.581,0.987,632.33,Scale-up,1.585,0.802,0.749,0.81,0.827,2025-06-12 16:34:00.417754,,
APIMAN,Last100,76,2020-09-02 05:50:24,2020-11-17 21:40:29, , ,2,2,1,N/A,1,2,1.0,0.016,NaN,NaN,1.016,0.03,NaN,NaN,NaN,NaN,Scale-up,NaN,1.0,1.0,NaN,NaN,2025-06-12 16:34:00.850929,,
API,All,845,2019-08-29 13:08:58,2021-12-21 17:12:07,37,37,34,3,0,37,12,25,0.054,0.032,0,0.04,0.086,0.061,0.465,0.628,1.0,625.0,Scale-up,25.0,0.7,0.75,0,0.96,2025-06-12 16:34:13.279719,,
API,Last100,92,2021-09-20 15:42:31,2021-12-21 17:12:07, , ,9,1,1,N/A,4,6,0.101,NaN,0,0.039,0.101,0.101,NaN,NaN,NaN,NaN,Scale-up,25.641,0.796,NaN,0,0.8,2025-06-12 16:34:13.281714,,
AMQDOC,All,2935,2013-12-03 13:37:07,2021-12-17 12:05:04,725,725,425,300,23,702,538,164,0.2,0.17,0.012,0.283,0.358,0.34,0.791,0.541,0.968,579.505,Scale-up,3.534,0.95,0.877,0.869,0.939,2025-06-12 16:34:21.802497,,
AMQDOC,Last100,88,2021-09-20 04:26:29,2021-12-17 12:05:04, , ,10,4,1,N/A,7,6,0.258,0.13,NaN,0.059,0.388,0.345,NaN,NaN,NaN,NaN,Scale-up,16.949,0.798,0.808,NaN,0.865,2025-06-12 16:34:21.806484,,
AG,All,1791,2017-01-24 10:30:01,2021-12-20 19:00:15,185,185,74,111,2,183,183,0,0.035,0.066,0.005,0.099,0.096,0.099,1.031,0.347,0.95,0.0,Plan-up,10.101,0.959,0.913,1.0,0.96,2025-06-12 16:34:30.027065,,
AG,Last100,96,2021-09-14 19:30:10,2021-12-20 19:00:15, , ,3,3,1,N/A,10,-3,0.018,0.034,NaN,0.058,0.052000000000000005,0.045,NaN,NaN,NaN,NaN,Plan-up,17.241,0.858,0.996,NaN,0.801,2025-06-12 16:34:30.031153,,
AF,All,4697,2009-02-16 22:43:43,2021-12-28 07:06:35,2485,2485,1341,1144,104,2381,1692,689,0.51,0.467,0.073,0.732,0.904,0.947,0.81,0.522,0.925,941.257,Scale-up,1.366,0.845,0.964,0.884,0.899,2025-06-12 16:34:39.205851,,
AF,Last100,98,2021-09-20 09:17:43,2021-12-28 07:06:35, , ,10,15,4,N/A,26,-6,0.108,0.128,0.043,0.297,0.193,0.183,1.539,0.458,0.818,2319.865,Catch-up,3.367,0.905,0.795,0.9,0.983,2025-06-12 16:34:44.090596,,
AESH,All,3080,2012-10-01 05:22:25,2021-03-08 08:21:21,481,481,276,205,6,475,457,18,0.126,0.083,0.002,0.183,0.207,0.196,0.884,0.603,0.99,98.361,Scale-up,5.464,0.825,0.983,0.935,0.929,2025-06-12 16:34:52.735804,,
AESH,Last100,25,2021-02-10 11:43:08,2021-03-08 08:21:21, , ,1,1,1,N/A,1,0,NaN,NaN,NaN,NaN,0,0.038,NaN,NaN,NaN,NaN,Scale-up,NaN,NaN,NaN,NaN,NaN,2025-06-12 16:34:52.738795,,
AEROGEAR,All,3473,2011-10-31 15:51:53,2021-05-05 15:23:45,7764,7764,6359,1405,275,7489,7388,101,2.049,0.448,0.125,2.373,2.372,2.412,1.0,0.821,0.95,42.562,Catch-up,0.421,0.954,0.976,0.811,0.944,2025-06-12 16:35:04.236392,,
AEROGEAR,Last100,85,2021-02-09 08:59:43,2021-05-05 15:23:45, , ,1,1,1,N/A,4,-4,NaN,NaN,NaN,0.03,0,NaN,NaN,NaN,NaN,NaN,Catch-up,33.333,NaN,NaN,NaN,0.8,2025-06-12 16:35:04.248360,,
AAH,All,456,2020-10-05 08:33:14,2022-01-04 14:34:43,870,870,675,195,0,870,460,410,1.538,0.405,0,1.134,1.943,1.915,0.584,0.792,1.0,361.552,Scale-up,0.882,0.992,0.961,0,0.98,2025-06-12 16:35:12.690637,,
AAH,Last100,98,2021-09-27 20:38:07,2022-01-04 14:34:43, , ,162,32,1,N/A,174,19,1.934,0.335,0,2.36,2.269,2.269,1.04,0.852,1.0,173.729,Catch-up,0.424,0.974,0.951,0,0.969,2025-06-12 16:35:17.130967,,
AA,All,384,2020-12-16 09:16:13,2022-01-04 15:27:09,445,445,311,134,0,445,259,186,0.817,0.325,0,0.818,1.142,1.127,0.716,0.715,1.0,227.384,Scale-up,1.222,0.973,0.955,0,0.944,2025-06-12 16:35:24.925099,,
AA,Last100,99,2021-09-27 13:42:45,2022-01-04 15:27:09, , ,106,27,1,N/A,87,45,1.222,0.232,0,0.981,1.454,1.43,0.675,0.84,1.0,189.602,Scale-up,1.019,0.937,0.925,0,0.965,2025-06-12 16:35:29.330195,,
