TORQUE,All,1669,2009-05-24 11:57:00,2013-12-19 06:02:00,1180,1180,544,636,116,1064,901,163,0.412,0.483,0.115,0.7,0.78,0.802,0.897,0.46,0.872,232.857,Scale-up,1.429,0.953,0.966,0.965,0.968,2025-06-16 21:46:50.667447,,
TORQUE,Last100,99,2013-09-11 00:12:00,2013-12-19 06:02:00, , ,15,28,1,N/A,17,24,0.223,0.261,NaN,0.379,0.484,0.432,NaN,NaN,NaN,NaN,Scale-up,2.639,0.938,0.97,NaN,0.638,2025-06-16 21:46:50.671514,,
JBIDE,All,3976,2003-01-31 23:45:00,2013-12-21 09:19:00,14055,14055,4529,9526,2576,11479,10255,1224,1.657,3.767,0.962,4.13,4.462,4.524,0.926,0.305,0.823,296.368,Scale-up,0.242,0.969,0.969,0.971,0.977,2025-06-16 21:47:19.155056,,
JBIDE,Last100,99,2013-09-12 16:40:00,2013-12-21 09:19:00, , ,231,337,116,N/A,420,31,2.643,4.123,1.293,5.243,5.473,5.507,0.958,0.391,0.809,233.454,Scale-up,0.191,0.992,0.975,0.982,0.977,2025-06-16 21:47:23.946941,,
JBESB,All,3725,2003-09-17 17:23:00,2013-11-29 12:16:00,3742,3742,1770,1972,429,3313,2836,477,0.83,0.962,0.261,1.365,1.531,1.555,0.892,0.463,0.854,349.451,Scale-up,0.733,0.91,0.914,0.951,0.913,2025-06-16 21:47:46.015932,,
JBESB,Last100,95,2013-08-26 09:33:00,2013-11-29 12:16:00, , ,5,8,1,N/A,10,2,0.073,0.067,NaN,0.119,0.14,0.129,NaN,NaN,NaN,NaN,Scale-up,8.403,0.883,0.982,NaN,0.843,2025-06-16 21:47:46.023910,,
JBEPP,All,1200,2008-11-03 23:45:00,2012-02-17 06:48:00,1076,1076,439,637,292,784,784,0,0.401,0.661,0.296,0.762,0.766,0.971,0.995,0.378,0.721,0.0,Start-up,1.312,0.93,0.934,0.486,0.918,2025-06-16 21:48:06.709601,,
JBEPP,Last100,99,2011-11-09 08:28:00,2012-02-17 06:48:00, , ,45,82,226,N/A,121,-219,0.421,0.79,1.802,1.06,-0.591,-0.49,-1.794,0.348,-0.488,0.0,Start-up,0.943,0.958,0.843,0.527,0.971,2025-06-16 21:48:11.373240,,
JBADMCON,All,3021,2005-01-07 06:06:00,2013-04-16 17:33:00,102,102,64,38,6,96,43,53,0.016,0.01,0.001,0.056,0.025,0.025,2.24,0.615,0.962,946.429,Catch-up,17.857,0.504,0.708,0.919,0.912,2025-06-16 21:48:30.286035,,
JBADMCON,Last100,35,2013-03-12 07:10:00,2013-04-16 17:33:00, , ,1,1,2,N/A,1,0,NaN,NaN,0.028,NaN,0,0.014,NaN,NaN,NaN,NaN,Catch-up,NaN,NaN,NaN,1.0,NaN,2025-06-16 21:48:30.289031,,
IMMUTANT,All,776,2011-10-27 00:03:00,2013-12-11 23:58:00,376,376,268,108,34,342,310,32,0.367,0.155,0.074,0.453,0.448,0.472,1.011,0.703,0.858,70.64,Catch-up,2.208,0.978,0.958,0.975,0.978,2025-06-16 21:48:49.656906,,
IMMUTANT,Last100,98,2013-09-04 04:39:00,2013-12-11 23:58:00, , ,26,12,3,N/A,29,5,0.308,0.099,0.231,0.292,0.17600000000000002,0.369,1.659,0.757,0.432,109.589,Catch-up,3.425,0.956,0.95,0.923,0.935,2025-06-16 21:48:54.231977,,
JBEE,All,2074,2008-03-18 05:44:00,2013-11-21 22:39:00,123,123,82,41,11,112,103,9,0.058,0.022,0.008,0.061,0.072,0.067,0.847,0.725,0.9,147.541,Scale-up,16.393,0.944,0.964,0.924,0.945,2025-06-16 21:49:12.894271,,
JBEE,Last100,99,2013-08-13 23:57:00,2013-11-21 22:39:00, , ,1,3,1,N/A,7,-4,NaN,0.039,NaN,0.06,0,0.019,NaN,NaN,NaN,NaN,Scale-up,16.667,NaN,0.961,NaN,0.855,2025-06-16 21:49:12.897264,,
JBDS,All,2471,2007-03-16 17:46:00,2013-12-20 21:52:00,2288,2288,1055,1233,428,1860,1707,153,0.424,0.575,0.195,0.754,0.804,0.801,0.938,0.424,0.805,202.918,Scale-up,1.326,0.968,0.962,0.959,0.997,2025-06-16 21:49:33.914445,,
JBDS,Last100,99,2013-09-11 23:28:00,2013-12-20 21:52:00, , ,45,31,25,N/A,60,-10,0.395,0.325,0.334,0.783,0.38599999999999995,0.4,2.028,0.549,0.536,195.402,Catch-up,1.277,0.841,0.975,0.91,0.969,2025-06-16 21:49:38.426736,,
JBANN,All,278,2009-08-05 03:51:00,2010-05-11 03:41:00,52,52,52,0,3,49,43,7,0.145,0,0.094,0.113,0.051,0.133,2.216,1.0,0.352,61.947,Catch-up,8.85,0.58,0,0.75,0.567,2025-06-16 21:49:56.676348,,
JBANN,Last100,68,2010-03-03 17:26:00,2010-05-11 03:41:00, , ,6,1,1,N/A,6,-1,0.044,0,NaN,0.043,0.044,0.044,NaN,NaN,NaN,NaN,Catch-up,23.256,0.693,0,NaN,0.686,2025-06-16 21:49:56.678793,,
GTNPORTAL,All,1570,2009-09-04 00:37:00,2013-12-22 01:31:00,2991,2991,1104,1887,523,2468,2246,222,0.662,1.108,0.339,1.311,1.431,1.408,0.916,0.374,0.808,169.336,Scale-up,0.763,0.983,0.939,0.936,0.977,2025-06-16 21:50:19.027306,,
GTNPORTAL,Last100,99,2013-09-13 12:15:00,2013-12-22 01:31:00, , ,32,54,14,N/A,88,-17,0.392,0.551,0.173,0.73,0.77,0.708,0.948,0.416,0.817,304.11,Scale-up,1.37,0.798,0.788,0.464,0.91,2025-06-16 21:50:23.522296,,
GUVNORSOA,All,1686,2009-02-04 15:18:00,2013-09-18 14:51:00,52,52,45,7,34,18,13,5,0.027,0.004,0.034,0.007,-0.003,0.005,-2.333,0.871,-0.097,714.286,Scale-up,142.857,0.596,0.681,0.122,0.757,2025-06-16 21:50:42.437187,,
GUVNORSOA,Last100,1,2013-09-17 14:09:00,2013-09-18 14:51:00, , ,1,1,1,N/A,1,-1,NaN,NaN,NaN,NaN,0,-0.5,NaN,NaN,NaN,NaN,Scale-up,NaN,NaN,NaN,NaN,NaN,2025-06-16 21:50:42.439902,,
GUVNOR,All,2687,2006-08-10 16:41:00,2013-12-18 18:29:00,1713,1713,759,954,356,1357,1078,279,0.353,0.491,0.139,0.527,0.705,0.682,0.748,0.418,0.835,529.412,Scale-up,1.898,0.973,0.972,0.939,0.972,2025-06-16 21:51:03.128269,,
GUVNOR,Last100,98,2013-09-11 03:36:00,2013-12-18 18:29:00, , ,10,13,125,N/A,41,-142,0.11,0.117,1.189,1.441,-0.9620000000000001,-1.326,-1.498,0.485,-4.238,193.616,Scale-up,0.694,0.911,0.969,0.083,0.386,2025-06-16 21:51:07.473084,,
JBSEAM,All,3292,2004-11-27 01:21:00,2013-12-02 19:47:00,4996,4996,2245,2751,1173,3823,2885,938,1.221,1.269,0.46,1.253,2.03,1.727,0.617,0.49,0.815,748.603,Scale-up,0.798,0.827,0.861,0.83,0.84,2025-06-16 21:51:29.893791,,
JBSEAM,Last100,97,2013-08-27 19:12:00,2013-12-02 19:47:00, , ,3,4,13,N/A,7,-12,0.041,0.028,0.125,0.056,-0.055999999999999994,-0.086,-1.0,0.594,-0.812,16750.0,Scale-up,17.857,0.999,0.892,0.393,0.964,2025-06-16 21:51:34.103667,,
GTNMOP,All,1332,2009-08-25 14:03:00,2013-04-18 14:52:00,48,48,47,1,2,46,43,4,0.042,0,0.007,0.039,0.035,0.043,1.114,1.0,0.833,102.564,Catch-up,25.641,0.931,0,1.0,0.915,2025-06-16 21:51:52.377341,,
GTNMOP,Last100,0,2013-04-18 14:51:00,2013-04-18 14:52:00, , ,1,1,1,N/A,1,-1,NaN,NaN,NaN,NaN,0,NaN,NaN,NaN,NaN,NaN,Catch-up,NaN,NaN,NaN,NaN,NaN,2025-06-16 21:51:52.378028,,
GPD,All,1900,2005-06-21 20:40:00,2010-09-03 21:47:00,367,367,213,154,64,303,216,87,0.156,0.124,0.053,0.164,0.227,0.237,0.722,0.557,0.811,530.488,Scale-up,6.098,0.953,0.931,0.798,0.948,2025-06-16 21:52:11.562739,,
GPD,Last100,79,2010-06-16 15:26:00,2010-09-03 21:47:00, , ,5,2,1,N/A,9,-4,0.108,0.043,NaN,0.257,0.151,0.051,NaN,NaN,NaN,NaN,Scale-up,3.891,0.712,1.0,NaN,0.667,2025-06-16 21:52:11.565409,,
FORGE,All,1155,2010-10-22 23:34:00,2013-12-21 08:13:00,1183,1183,764,419,178,1005,803,202,0.62,0.403,0.167,0.715,0.856,0.858,0.835,0.606,0.837,282.517,Scale-up,1.399,0.969,0.961,0.974,0.962,2025-06-16 21:52:31.763854,,
FORGE,Last100,99,2013-09-12 23:11:00,2013-12-21 08:13:00, , ,105,56,37,N/A,104,19,1.011,0.518,0.435,0.969,1.0939999999999999,1.114,0.886,0.661,0.716,208.462,Scale-up,1.032,0.969,0.985,0.911,0.985,2025-06-16 21:52:36.204626,,
EXOJCR,All,1116,2009-08-27 22:23:00,2012-09-17 17:50:00,1426,1426,885,541,271,1155,1155,0,0.851,0.566,0.276,1.1,1.141,1.131,0.964,0.601,0.805,0.0,Start-up,0.909,0.983,0.995,0.976,0.994,2025-06-16 21:52:55.384485,,
EXOJCR,Last100,89,2012-06-20 16:57:00,2012-09-17 17:50:00, , ,1,1,1,N/A,5,-4,NaN,NaN,NaN,0.033,0,NaN,NaN,NaN,NaN,NaN,Start-up,30.303,NaN,NaN,NaN,0.638,2025-06-16 21:52:55.389287,,
ENTESB,All,1074,2011-01-22 11:00:00,2013-12-31 23:23:00,911,911,302,609,82,829,697,132,0.401,0.882,0.115,1.015,1.168,1.166,0.869,0.313,0.91,130.049,Scale-up,0.985,0.968,0.989,0.985,0.982,2025-06-16 21:53:15.219466,,
ENTESB,Last100,99,2013-09-23 17:39:00,2013-12-31 23:23:00, , ,53,118,21,N/A,143,8,0.668,1.165,0.275,1.489,1.5580000000000003,1.52,0.956,0.364,0.85,88.65,Scale-up,0.672,0.962,0.936,0.966,0.991,2025-06-16 21:53:19.764648,,
EJBTHREE,All,3296,2004-12-14 00:37:00,2013-12-23 01:06:00,2065,2065,960,1105,310,1755,1340,415,0.43,0.497,0.117,0.606,0.81,0.79,0.748,0.464,0.874,684.818,Scale-up,1.65,0.979,0.964,0.98,0.986,2025-06-16 21:53:40.390775,,
EJBTHREE,Last100,95,2013-09-18 22:27:00,2013-12-23 01:06:00, , ,1,1,1,N/A,1,0,NaN,NaN,NaN,NaN,0,-0.005,NaN,NaN,NaN,NaN,Scale-up,NaN,NaN,NaN,NaN,NaN,2025-06-16 21:53:40.395762,,
BPMC,All,1447,2009-07-30 15:36:00,2013-07-16 20:33:00,90,90,55,35,9,81,59,22,0.035,0.018,0.004,0.071,0.049,0.046,1.449,0.66,0.925,309.859,Catch-up,14.085,0.639,0.645,0.482,0.58,2025-06-16 21:53:59.123109,,
BPMC,Last100,12,2013-07-04 17:48:00,2013-07-16 20:33:00, , ,1,5,1,N/A,1,3,NaN,2.5,NaN,NaN,0,0.103,NaN,NaN,NaN,NaN,Catch-up,NaN,NaN,0.75,NaN,NaN,2025-06-16 21:53:59.125107,,
JBJCA,All,3290,2004-12-15 05:48:00,2013-12-18 21:04:00,1091,1091,900,191,64,1027,1017,10,0.457,0.134,0.048,0.61,0.543,0.526,1.123,0.773,0.919,16.393,Plan-up,1.639,0.914,0.94,0.949,0.996,2025-06-16 21:54:19.017907,,
JBJCA,Last100,98,2013-09-10 22:26:00,2013-12-18 21:04:00, , ,28,17,5,N/A,47,-8,0.301,0.17,0.057,0.449,0.414,0.416,1.085,0.639,0.879,22.272,Plan-up,2.227,0.86,0.979,0.925,0.934,2025-06-16 21:54:23.374162,,
BLACKTIE,All,1721,2008-07-07 20:43:00,2013-03-25 15:15:00,283,283,169,114,31,252,252,0,0.114,0.064,0.018,0.157,0.16,0.155,0.981,0.64,0.899,0.0,Start-up,6.369,0.86,0.886,0.961,0.891,2025-06-16 21:54:42.409357,,
BLACKTIE,Last100,95,2012-12-20 08:53:00,2013-03-25 15:15:00, , ,5,7,7,N/A,19,-13,0.227,0.053,0.063,0.158,0.21700000000000003,0.031,0.728,0.811,0.775,0.0,Start-up,6.329,0.955,0.868,0.823,0.94,2025-06-16 21:54:46.716377,,
BGBUILD,All,1266,2009-11-13 17:33:00,2013-05-03 01:09:00,375,375,193,182,46,329,266,63,0.241,0.228,0.071,0.356,0.398,0.398,0.894,0.514,0.849,176.966,Scale-up,2.809,0.937,0.886,0.844,0.918,2025-06-16 21:55:06.149612,,
BGBUILD,Last100,91,2013-01-31 16:22:00,2013-05-03 01:09:00, , ,1,4,1,N/A,2,1,NaN,0.029,NaN,0.111,0,0.029,NaN,NaN,NaN,NaN,Scale-up,9.009,NaN,0.788,NaN,1.0,2025-06-16 21:55:06.151605,,
AS7,All,2710,2006-04-19 21:53:00,2013-09-20 17:05:00,5090,5090,2119,2971,1043,4047,4047,0,2.622,4.449,1.533,5.774,5.538,5.482,1.043,0.371,0.783,0.0,Plan-up,0.173,0.924,0.935,0.974,0.961,2025-06-16 21:55:27.948958,,
AS7,Last100,76,2013-07-05 20:23:00,2013-09-20 17:05:00, , ,1,1,1,N/A,5,-4,NaN,NaN,NaN,0.054,0,NaN,NaN,NaN,NaN,NaN,Plan-up,18.519,NaN,NaN,NaN,0.96,2025-06-16 21:55:27.958934,,
ARQGRA,All,1264,2010-07-02 23:38:00,2013-12-18 22:41:00,358,358,276,82,59,299,216,83,0.246,0.071,0.055,0.2,0.262,0.259,0.763,0.776,0.826,415.0,Scale-up,5.0,0.981,0.877,0.969,0.966,2025-06-16 21:55:47.517305,,
ARQGRA,Last100,99,2013-09-10 16:21:00,2013-12-18 22:41:00, , ,24,16,5,N/A,23,11,0.266,0.156,0.118,0.236,0.30400000000000005,0.371,0.776,0.63,0.72,351.695,Scale-up,4.237,0.873,0.893,0.946,0.788,2025-06-16 21:55:51.788835,,
AESH,All,459,2012-10-01 17:22:00,2014-01-04 00:09:00,176,176,133,43,6,170,158,12,0.268,0.081,0.014,0.323,0.335,0.336,0.964,0.768,0.96,37.152,Scale-up,3.096,0.97,0.977,0.767,0.966,2025-06-16 21:56:10.777285,,
AESH,Last100,98,2013-09-27 20:31:00,2014-01-04 00:09:00, , ,33,13,3,N/A,48,-4,0.383,0.138,0.115,0.627,0.406,0.479,1.544,0.735,0.779,19.139,Plan-up,1.595,0.937,0.961,0.75,0.953,2025-06-16 21:56:15.162175,,
AEROGEAR,All,797,2011-11-01 03:51:00,2014-01-06 19:16:00,953,953,753,200,166,787,708,79,1.189,0.339,0.22,1.161,1.308,1.273,0.888,0.778,0.856,68.045,Scale-up,0.861,0.946,0.936,0.95,0.937,2025-06-16 21:56:35.068529,,
AEROGEAR,Last100,96,2013-10-02 15:49:00,2014-01-06 19:16:00, , ,33,11,57,N/A,39,-53,0.39,0.149,0.585,0.416,-0.04599999999999993,-0.025,-9.043,0.724,-0.085,189.904,Scale-up,2.404,0.96,0.926,0.194,0.877,2025-06-16 21:56:39.401675,,
JBINSTALL,All,1222,2004-12-15 23:03:00,2008-04-21 17:04:00,335,335,171,164,28,307,225,82,0.244,0.257,0.053,0.474,0.448,0.444,1.058,0.487,0.894,172.996,Catch-up,2.11,0.927,0.886,0.734,0.949,2025-06-16 21:56:58.288523,,
JBINSTALL,Last100,89,2008-01-23 04:32:00,2008-04-21 17:04:00, , ,3,6,2,N/A,3,3,0.133,0.038,NaN,1.5,0.171,0.042,NaN,NaN,NaN,NaN,Catch-up,0.667,0.999,0.713,NaN,0.75,2025-06-16 21:56:58.292472,,
RF,All,2479,2007-03-07 04:37:00,2013-12-19 20:47:00,11033,11033,3223,7810,2252,8781,6550,2231,1.379,3.427,0.989,3.146,3.817,3.779,0.824,0.287,0.794,709.154,Scale-up,0.318,0.968,0.941,0.974,0.949,2025-06-16 21:57:24.185000,,
RF,Last100,100,2013-09-10 01:22:00,2013-12-19 20:47:00, , ,98,163,53,N/A,148,59,1.043,1.617,0.538,1.561,2.122,2.113,0.736,0.392,0.798,1429.212,Scale-up,0.641,0.991,0.97,0.972,0.983,2025-06-16 21:57:28.674164,,
TEIIDDES,All,2940,2005-12-01 13:00:00,2013-12-20 00:22:00,1841,1841,652,1189,341,1500,1256,244,0.299,0.584,0.196,0.733,0.687,0.71,1.067,0.339,0.778,332.879,Catch-up,1.364,0.966,0.984,0.975,0.975,2025-06-16 21:57:49.190319,,
TEIIDDES,Last100,99,2013-09-11 19:42:00,2013-12-20 00:22:00, , ,41,95,27,N/A,84,24,0.433,1.033,0.247,0.887,1.2189999999999999,1.218,0.728,0.295,0.832,275.085,Scale-up,1.127,0.959,0.915,0.915,0.946,2025-06-16 21:57:53.663670,,
TEIID,All,4432,2001-10-31 13:00:00,2013-12-19 17:42:00,2473,2473,1138,1335,392,2081,1985,96,0.465,0.593,0.213,1.016,0.845,0.866,1.202,0.44,0.799,94.488,Catch-up,0.984,0.96,0.956,0.959,0.993,2025-06-16 21:58:14.936462,,
TEIID,Last100,99,2013-09-10 23:55:00,2013-12-19 17:42:00, , ,54,69,16,N/A,102,6,0.553,0.656,0.165,1.006,1.044,1.045,0.964,0.457,0.864,95.427,Scale-up,0.994,0.992,0.993,0.968,0.995,2025-06-16 21:58:19.366692,,
SWITCHYARD,All,1141,2010-11-04 01:30:00,2013-12-19 22:18:00,1835,1835,1078,757,169,1666,1374,292,0.99,0.659,0.162,1.259,1.487,1.486,0.847,0.6,0.902,231.93,Scale-up,0.794,0.996,0.991,0.96,0.996,2025-06-16 21:58:40.021100,,
SWITCHYARD,Last100,99,2013-09-11 00:18:00,2013-12-19 22:18:00, , ,80,129,28,N/A,119,61,0.767,1.25,0.288,1.543,1.7289999999999999,1.773,0.892,0.38,0.857,189.242,Scale-up,0.648,0.982,0.983,0.774,0.98,2025-06-16 21:58:44.638852,,
SOA,All,1764,2007-03-15 22:46:00,2012-01-13 07:46:00,3056,3056,749,2307,858,2198,2192,6,0.504,1.446,0.478,1.358,1.472,1.543,0.923,0.258,0.755,4.418,Start-up,0.736,0.99,0.993,0.867,0.994,2025-06-16 21:59:06.581407,,
SOA,Last100,99,2011-10-05 22:43:00,2012-01-13 07:46:00, , ,19,128,313,N/A,119,-286,0.18,1.466,2.725,1.481,-1.0790000000000002,-1.23,-1.373,0.109,-0.656,4.051,Start-up,0.675,0.935,0.933,0.702,0.897,2025-06-16 21:59:11.163071,,
SECURITY,All,2661,2006-09-06 01:15:00,2013-12-19 20:39:00,668,668,483,185,44,624,528,96,0.193,0.076,0.017,0.222,0.252,0.248,0.881,0.717,0.937,432.432,Scale-up,4.505,0.955,0.985,0.987,0.967,2025-06-16 21:59:30.827093,,
SECURITY,Last100,99,2013-09-10 22:43:00,2013-12-19 20:39:00, , ,15,9,3,N/A,20,2,0.196,0.113,0.044,0.196,0.265,0.261,0.74,0.634,0.858,489.796,Scale-up,5.102,0.935,0.796,0.75,0.805,2025-06-16 21:59:35.155515,,
RTGOV,All,1258,2010-06-12 04:19:00,2013-11-21 19:43:00,320,320,245,75,8,312,236,76,0.368,0.162,0.033,0.417,0.497,0.469,0.839,0.694,0.938,182.254,Scale-up,2.398,0.896,0.832,0.935,0.976,2025-06-16 21:59:54.078801,,
RTGOV,Last100,99,2013-08-13 21:07:00,2013-11-21 19:43:00, , ,34,37,1,N/A,55,15,0.345,0.404,NaN,0.546,0.749,0.724,NaN,NaN,NaN,NaN,Scale-up,1.832,0.985,0.981,NaN,0.99,2025-06-16 21:59:54.081793,,
XNIO,All,1996,2008-06-05 01:48:00,2013-11-22 23:05:00,207,207,97,110,26,181,160,21,0.036,0.045,0.011,0.065,0.07,0.069,0.929,0.444,0.864,323.077,Scale-up,15.385,0.918,0.881,0.923,0.916,2025-06-16 22:00:13.598035,,
XNIO,Last100,77,2013-09-06 06:50:00,2013-11-22 23:05:00, , ,7,8,3,N/A,8,5,0.129,0.12,0.041,0.096,0.208,0.174,0.462,0.518,0.835,218.75,Scale-up,10.417,0.966,0.927,0.999,0.969,2025-06-16 22:00:17.809624,,
WISE,All,1853,2008-09-17 04:03:00,2013-10-14 23:44:00,154,154,116,38,15,139,107,32,0.044,0.014,0.006,0.041,0.052,0.051,0.788,0.759,0.897,780.488,Scale-up,24.39,0.716,0.714,0.863,0.744,2025-06-16 22:00:36.913342,,
WISE,Last100,41,2013-09-03 22:14:00,2013-10-14 23:44:00, , ,1,1,1,N/A,1,0,NaN,NaN,NaN,NaN,0,0.024,NaN,NaN,NaN,NaN,Scale-up,NaN,NaN,NaN,NaN,NaN,2025-06-16 22:00:36.915337,,
WFLY,All,1827,2008-12-18 18:22:00,2013-12-19 19:59:00,2145,2145,1018,1127,233,1912,1058,854,0.991,1.47,0.866,3.431,1.595,2.13,2.151,0.403,0.648,248.907,Catch-up,0.291,0.864,0.841,0.976,0.993,2025-06-16 22:00:57.929202,,
WFLY,Last100,99,2013-09-10 20:02:00,2013-12-19 19:59:00, , ,201,325,111,N/A,429,-15,1.986,3.513,1.187,4.365,4.311999999999999,4.298,1.012,0.361,0.784,195.647,Catch-up,0.229,0.994,0.992,0.988,0.994,2025-06-16 22:01:02.770803,,
WELD,All,2025,2008-06-02 21:35:00,2013-12-19 19:38:00,1441,1441,510,931,303,1138,1041,97,0.273,0.534,0.181,0.574,0.626,0.619,0.917,0.338,0.776,168.99,Scale-up,1.742,0.972,0.979,0.987,0.986,2025-06-16 22:01:22.648809,,
WELD,Last100,99,2013-09-11 02:24:00,2013-12-19 19:38:00, , ,15,52,13,N/A,54,-1,0.172,0.477,0.114,0.469,0.535,0.526,0.877,0.265,0.824,206.823,Scale-up,2.132,0.886,0.985,0.948,0.958,2025-06-16 22:01:26.965085,,
WBRI,All,491,2008-06-02 21:25:00,2009-10-06 22:20:00,182,182,94,88,41,141,141,0,0.224,0.363,0.101,0.5,0.486,0.395,1.029,0.382,0.828,0.0,Plan-up,2.0,0.864,0.791,0.926,0.753,2025-06-16 22:01:45.680026,,
WBRI,Last100,88,2009-07-10 02:15:00,2009-10-06 22:20:00, , ,3,2,14,N/A,4,-14,0.027,0.071,0.162,0.047,-0.06400000000000002,-0.134,-0.734,0.276,-0.653,0.0,Start-up,21.277,0.999,1.0,0.696,0.6,2025-06-16 22:01:49.899365,,
WELDX,All,731,2008-11-07 18:12:00,2010-11-08 23:18:00,71,71,51,20,19,52,52,0,0.06,0.035,0.047,0.139,0.048,0.07,2.896,0.632,0.505,0.0,Plan-up,7.194,0.751,0.764,0.861,0.737,2025-06-16 22:02:08.430966,,
WELDX,Last100,98,2010-08-02 14:59:00,2010-11-08 23:18:00, , ,15,11,7,N/A,35,-15,0.206,0.146,0.089,0.415,0.263,0.242,1.578,0.585,0.747,0.0,Plan-up,2.41,0.721,0.941,0.607,0.862,2025-06-16 22:02:12.754516,,
WELDINT,All,515,2009-03-06 00:57:00,2010-08-03 23:55:00,31,31,15,16,13,18,18,0,0.035,0.041,0.045,0.045,0.031,0.041,1.452,0.461,0.408,0.0,Plan-up,22.222,0.946,0.964,0.804,0.97,2025-06-16 22:02:31.337955,,
WELDINT,Last100,88,2010-05-07 08:06:00,2010-08-03 23:55:00, , ,1,1,1,N/A,2,-1,NaN,NaN,NaN,0.062,0,-0.012,NaN,NaN,NaN,NaN,Plan-up,16.129,NaN,NaN,NaN,1.0,2025-06-16 22:02:31.341322,,
SRAMP,All,626,2012-04-02 21:53:00,2013-12-19 23:24:00,194,194,150,44,8,186,149,37,0.274,0.094,0.012,0.28,0.356,0.329,0.787,0.745,0.967,132.143,Scale-up,3.571,0.968,0.911,0.964,0.983,2025-06-16 22:02:50.316326,,
SRAMP,Last100,99,2013-09-11 21:16:00,2013-12-19 23:24:00, , ,12,12,1,N/A,18,7,0.196,0.128,NaN,0.215,0.324,0.312,NaN,NaN,NaN,NaN,Scale-up,4.651,0.896,0.673,NaN,0.737,2025-06-16 22:02:50.319322,,
SOAG,All,1427,2008-04-03 12:19:00,2012-02-29 18:33:00,95,95,85,10,43,52,52,0,0.174,0.025,0.026,0.125,0.173,0.03,0.723,0.874,0.869,0.0,Start-up,8.0,0.963,0.913,0.848,0.97,2025-06-16 22:03:08.004926,,
SOAG,Last100,0,2012-02-29 18:32:00,2012-02-29 18:33:00, , ,1,1,18,N/A,1,-17,NaN,NaN,NaN,NaN,0,NaN,NaN,NaN,NaN,NaN,Start-up,NaN,NaN,NaN,NaN,NaN,2025-06-16 22:03:08.006212,,
TTALE,All,1719,2009-02-14 04:06:00,2013-10-30 23:01:00,209,209,171,38,11,198,166,33,0.123,0.022,0.007,0.135,0.138,0.13,0.978,0.848,0.952,244.444,Scale-up,7.407,0.835,0.975,0.831,0.881,2025-06-16 22:03:25.236458,,
TTALE,Last100,85,2013-08-06 20:04:00,2013-10-30 23:01:00, , ,2,1,1,N/A,1,2,0.012,NaN,NaN,NaN,0,0.017,NaN,NaN,NaN,NaN,Scale-up,NaN,1.0,NaN,NaN,NaN,2025-06-16 22:03:25.239450,,
TOOLSDOC,All,2105,2008-03-08 04:00:00,2013-12-12 23:28:00,370,370,229,141,57,313,284,29,0.116,0.091,0.042,0.184,0.165,0.166,1.115,0.56,0.797,157.609,Catch-up,5.435,0.958,0.914,0.959,0.985,2025-06-16 22:03:44.323136,,
TOOLSDOC,Last100,99,2013-09-04 12:53:00,2013-12-12 23:28:00, , ,25,15,8,N/A,28,5,0.25,0.158,0.121,0.282,0.28700000000000003,0.297,0.983,0.613,0.703,102.837,Scale-up,3.546,0.955,0.848,0.885,0.954,2025-06-16 22:03:48.726824,,
UNDERTOW,All,499,2012-08-07 06:46:00,2013-12-19 19:35:00,156,156,63,93,16,140,118,22,0.134,0.3,0.065,0.332,0.369,0.337,0.9,0.309,0.85,66.265,Scale-up,3.012,0.958,0.974,0.954,0.938,2025-06-16 22:04:07.712563,,
UNDERTOW,Last100,84,2013-09-26 18:20:00,2013-12-19 19:35:00, , ,16,41,7,N/A,41,8,0.217,0.489,0.071,0.459,0.635,0.596,0.723,0.307,0.899,47.93,Scale-up,2.179,0.917,0.957,0.836,0.961,2025-06-16 22:04:12.138883,,
WFK2,All,151,2013-07-08 23:27:00,2013-12-07 00:40:00,242,242,29,213,29,213,132,81,0.207,1.308,0.196,1.464,1.319,1.275,1.11,0.137,0.871,55.328,Catch-up,0.683,0.761,0.89,0.921,0.82,2025-06-16 22:04:31.320252,,
WFK2,Last100,88,2013-09-09 22:12:00,2013-12-07 00:40:00, , ,7,150,20,N/A,127,9,0.078,2.534,0.339,2.031,2.2729999999999997,2.226,0.894,0.03,0.87,39.882,Scale-up,0.492,0.927,0.962,0.964,0.959,2025-06-16 22:04:35.820043,,
STEAM,All,343,2010-02-12 11:57:00,2011-01-21 23:51:00,268,268,197,71,5,263,227,36,1.195,0.674,0.045,1.799,1.824,1.679,0.986,0.639,0.976,20.011,Start-up,0.556,0.848,0.818,0.887,0.846,2025-06-16 22:04:56.127338,,
STEAM,Last100,100,2010-10-13 11:04:00,2011-01-21 23:51:00, , ,104,61,5,N/A,166,-5,1.025,0.676,0.045,1.874,1.6560000000000001,1.617,1.132,0.603,0.974,19.21,Plan-up,0.534,0.689,0.747,0.887,0.78,2025-06-16 22:05:00.663194,,
ORG,All,2402,2007-05-22 21:55:00,2013-12-19 02:02:00,1530,1530,972,558,134,1396,1119,277,0.527,0.336,0.088,0.657,0.775,0.775,0.848,0.611,0.898,421.613,Scale-up,1.522,0.98,0.98,0.954,0.981,2025-06-16 22:05:21.027370,,
ORG,Last100,98,2013-09-11 20:58:00,2013-12-19 02:02:00, , ,54,24,8,N/A,48,21,0.603,0.268,0.118,0.613,0.753,0.765,0.814,0.692,0.865,451.876,Scale-up,1.631,0.864,0.936,0.94,0.97,2025-06-16 22:05:25.460521,,
SOLDER,All,1806,2008-08-06 07:54:00,2013-07-17 22:40:00,338,338,177,161,32,306,203,103,0.273,0.217,0.035,0.379,0.455,0.384,0.833,0.557,0.929,271.768,Scale-up,2.639,0.79,0.927,0.846,0.916,2025-06-16 22:05:43.439999,,
SOLDER,Last100,0,2013-07-17 22:40:00,2013-07-17 22:40:00, , ,1,1,1,N/A,1,0,NaN,NaN,NaN,NaN,0,NaN,NaN,NaN,NaN,NaN,Scale-up,NaN,NaN,NaN,NaN,NaN,2025-06-16 22:05:43.441993,,
TOHU,All,1560,2009-09-10 10:21:00,2013-12-19 05:52:00,43,43,23,20,2,41,23,18,0.01,0.008,0.003,0.011,0.015,0.017,0.733,0.556,0.833,1636.364,Scale-up,90.909,0.694,0.499,1.0,0.422,2025-06-16 22:06:02.131118,,
TOHU,Last100,10,2013-12-09 05:19:00,2013-12-19 05:52:00, , ,1,3,1,N/A,1,4,NaN,1.5,NaN,NaN,0,0.259,NaN,NaN,NaN,NaN,Scale-up,NaN,NaN,0.75,NaN,NaN,2025-06-16 22:06:02.133112,,
SASL,All,829,2011-07-01 19:28:00,2013-10-08 18:33:00,40,40,33,7,2,38,33,5,0.04,0.015,0.003,0.043,0.052,0.049,0.827,0.727,0.945,116.279,Scale-up,23.256,0.8,0.653,1.0,0.667,2025-06-16 22:06:20.767404,,
SASL,Last100,0,2013-10-07 20:31:00,2013-10-08 18:33:00, , ,2,1,1,N/A,2,-1,1.0,NaN,NaN,NaN,0,1.0,NaN,NaN,NaN,NaN,Scale-up,NaN,1.0,NaN,NaN,NaN,2025-06-16 22:06:20.769360,,
RFSBOX,All,588,2012-04-19 05:58:00,2013-11-29 00:50:00,99,99,81,18,2,97,37,60,0.166,0.04,0.071,0.049,0.135,0.2,0.363,0.806,0.655,1224.49,Scale-up,20.408,0.638,0.729,1.0,0.623,2025-06-16 22:06:39.313031,,
RFSBOX,Last100,58,2013-10-01 22:23:00,2013-11-29 00:50:00, , ,3,1,1,N/A,6,-3,0.079,NaN,NaN,0.134,0,0.051,NaN,NaN,NaN,NaN,Scale-up,7.463,0.75,NaN,NaN,0.458,2025-06-16 22:06:39.315026,,
SHRINKWRAP,All,1596,2009-08-06 04:20:00,2013-12-19 05:30:00,421,421,300,121,30,391,350,41,0.22,0.082,0.021,0.248,0.281,0.27,0.883,0.728,0.93,165.323,Scale-up,4.032,0.908,0.973,0.975,0.947,2025-06-16 22:06:58.930102,,
SHRINKWRAP,Last100,92,2013-09-17 10:20:00,2013-12-19 05:30:00, , ,2,4,1,N/A,5,0,0.011,0.225,NaN,0.046,0.23600000000000002,0.057,NaN,NaN,NaN,NaN,Scale-up,21.739,1.0,0.899,NaN,0.908,2025-06-16 22:06:58.936089,,
SEAMSECURITY,All,1883,2007-11-12 18:42:00,2013-01-08 04:24:00,149,149,46,103,16,133,77,56,0.033,0.117,0.023,0.128,0.127,0.12,1.008,0.22,0.847,437.5,Catch-up,7.812,0.758,0.746,0.854,0.809,2025-06-16 22:07:18.250618,,
SEAMSECURITY,Last100,82,2012-10-17 18:04:00,2013-01-08 04:24:00, , ,1,2,1,N/A,1,0,NaN,0.027,NaN,NaN,0,0.027,NaN,NaN,NaN,NaN,Catch-up,NaN,NaN,1.0,NaN,NaN,2025-06-16 22:07:18.252616,,
RFPL,All,2255,2007-10-09 03:30:00,2013-12-11 22:37:00,1203,1203,1029,174,223,980,834,146,0.721,0.121,0.154,0.583,0.688,0.677,0.847,0.856,0.817,250.429,Scale-up,1.715,0.969,0.942,0.91,0.98,2025-06-16 22:07:38.419487,,
RFPL,Last100,97,2013-09-05 13:56:00,2013-12-11 22:37:00, , ,21,13,6,N/A,26,1,0.175,0.122,0.049,0.224,0.248,0.256,0.903,0.589,0.835,651.786,Scale-up,4.464,0.937,0.909,0.788,0.951,2025-06-16 22:07:42.774191,,
SAVARA,All,1568,2009-08-27 14:26:00,2013-12-12 23:20:00,342,342,267,75,62,280,214,66,0.208,0.05,0.053,0.166,0.205,0.205,0.81,0.806,0.795,397.59,Scale-up,6.024,0.97,0.98,0.94,0.974,2025-06-16 22:08:01.709121,,
SAVARA,Last100,86,2013-09-17 20:59:00,2013-12-12 23:20:00, , ,4,6,1,N/A,5,3,0.112,0.044,NaN,0.047,0.156,0.074,NaN,NaN,NaN,NaN,Scale-up,21.277,0.751,0.826,NaN,0.866,2025-06-16 22:08:01.711791,,
SRAMPUI,All,455,2012-07-27 21:49:00,2013-10-25 23:49:00,90,90,83,7,2,88,60,28,0.178,0.032,0,0.114,0.21,0.185,0.543,0.848,1.0,245.614,Scale-up,8.772,0.923,0.887,0,0.928,2025-06-16 22:08:19.972792,,
SRAMPUI,Last100,72,2013-08-14 20:33:00,2013-10-25 23:49:00, , ,13,5,1,N/A,12,5,0.181,0.05,NaN,0.122,0.23099999999999998,0.204,NaN,NaN,NaN,NaN,Scale-up,8.197,0.42,0.81,NaN,0.956,2025-06-16 22:08:19.975702,,
SHRINKDESC,All,1494,2009-09-29 16:02:00,2013-11-02 01:22:00,131,131,103,28,15,116,81,35,0.09,0.027,0.023,0.083,0.094,0.097,0.883,0.769,0.803,421.687,Scale-up,12.048,0.931,0.949,0.482,0.952,2025-06-16 22:08:38.584921,,
SHRINKDESC,Last100,57,2013-09-05 02:06:00,2013-11-02 01:22:00, , ,5,2,1,N/A,3,3,0.196,0.036,NaN,0.028,0.232,0.119,NaN,NaN,NaN,NaN,Scale-up,35.714,0.764,1.0,NaN,0.75,2025-06-16 22:08:38.587397,,
RIFTSAW,All,1583,2009-07-14 23:45:00,2013-11-14 03:59:00,512,512,250,262,93,419,369,50,0.177,0.2,0.073,0.264,0.304,0.306,0.868,0.469,0.806,189.394,Scale-up,3.788,0.924,0.944,0.976,0.915,2025-06-16 22:08:57.583740,,
RIFTSAW,Last100,99,2013-08-06 16:54:00,2013-11-14 03:59:00, , ,6,2,1,N/A,6,1,0.045,0.012,NaN,0.038,0.056999999999999995,0.056,NaN,NaN,NaN,NaN,Scale-up,26.316,0.848,1.0,NaN,0.79,2025-06-16 22:08:57.587727,,
SF,All,2343,2007-07-21 01:59:00,2013-12-20 01:35:00,419,419,211,208,23,396,366,30,0.088,0.086,0.01,0.157,0.164,0.164,0.957,0.506,0.943,191.083,Scale-up,6.369,0.959,0.971,0.981,0.978,2025-06-16 22:09:16.775489,,
SF,Last100,97,2013-09-13 03:17:00,2013-12-20 01:35:00, , ,13,7,1,N/A,14,6,0.177,0.056,NaN,0.124,0.23299999999999998,0.188,NaN,NaN,NaN,NaN,Scale-up,8.065,0.735,0.876,NaN,0.836,2025-06-16 22:09:16.779479,,
SEAMREST,All,784,2010-10-20 17:12:00,2012-12-12 18:52:00,58,58,37,21,3,55,42,13,0.092,0.032,0.002,0.103,0.122,0.084,0.844,0.742,0.984,126.214,Scale-up,9.709,0.817,0.809,0.784,0.809,2025-06-16 22:09:35.618125,,
SEAMREST,Last100,92,2012-09-10 22:07:00,2012-12-12 18:52:00, , ,1,1,1,N/A,1,-1,NaN,NaN,NaN,NaN,0,-0.011,NaN,NaN,NaN,NaN,Scale-up,NaN,NaN,NaN,NaN,NaN,2025-06-16 22:09:35.620123,,
SEAMWICKET,All,1216,2009-04-17 01:52:00,2012-08-15 02:17:00,49,49,22,27,8,41,21,20,0.017,0.024,0.018,0.053,0.023,0.033,2.304,0.415,0.561,377.358,Catch-up,18.868,0.916,0.806,0.623,0.841,2025-06-16 22:09:52.893329,,
SEAMWICKET,Last100,0,2012-08-15 02:17:00,2012-08-15 02:17:00, , ,1,1,1,N/A,1,0,NaN,NaN,NaN,NaN,0,NaN,NaN,NaN,NaN,NaN,Catch-up,NaN,NaN,NaN,NaN,NaN,2025-06-16 22:09:52.894441,,
SNOWDROP,All,1799,2008-12-14 19:09:00,2013-11-18 18:18:00,78,78,33,45,9,69,61,8,0.021,0.025,0.009,0.035,0.037,0.04,0.946,0.457,0.804,228.571,Scale-up,28.571,0.896,0.941,0.894,0.929,2025-06-16 22:10:11.784506,,
SNOWDROP,Last100,83,2013-08-27 18:10:00,2013-11-18 18:18:00, , ,1,6,1,N/A,7,-2,NaN,0.061,NaN,0.149,0,0.065,NaN,NaN,NaN,NaN,Scale-up,6.711,NaN,0.818,NaN,0.886,2025-06-16 22:10:11.786500,,
SHRINKRES,All,971,2011-03-30 09:58:00,2013-11-25 17:43:00,153,153,106,47,16,137,112,25,0.148,0.061,0.024,0.184,0.185,0.19,0.995,0.708,0.885,135.87,Scale-up,5.435,0.912,0.973,0.97,0.951,2025-06-16 22:10:30.760994,,
SHRINKRES,Last100,52,2013-10-03 23:52:00,2013-11-25 17:43:00, , ,3,5,1,N/A,8,-2,0.059,0.067,NaN,0.164,0.126,0.109,NaN,NaN,NaN,NaN,Scale-up,6.098,0.995,0.805,NaN,0.685,2025-06-16 22:10:30.763994,,
SEAMREPORTS,All,291,2011-05-12 12:41:00,2012-02-28 07:22:00,32,32,27,5,5,27,22,5,0.088,0.031,0.012,0.072,0.107,0.084,0.673,0.739,0.899,69.444,Scale-up,13.889,0.794,0.962,0.808,0.939,2025-06-16 22:10:49.265110,,
SEAMREPORTS,Last100,87,2011-12-02 10:19:00,2012-02-28 07:22:00, , ,2,2,1,N/A,4,0,0.026,0.029,NaN,0.029,0.055,0.03,NaN,NaN,NaN,NaN,Scale-up,34.483,1.0,1.0,NaN,0.891,2025-06-16 22:10:49.267552,,
SEAMREMOTING,All,2547,2006-03-06 06:27:00,2013-02-24 11:55:00,54,54,26,28,7,47,30,17,0.011,0.019,0.017,0.061,0.013,0.022,4.692,0.367,0.433,278.689,Catch-up,16.393,0.823,0.662,0.821,0.872,2025-06-16 22:11:06.462774,,
SEAMREMOTING,Last100,0,2013-02-24 11:55:00,2013-02-24 11:55:00, , ,1,1,1,N/A,1,0,NaN,NaN,NaN,NaN,0,NaN,NaN,NaN,NaN,NaN,Catch-up,NaN,NaN,NaN,NaN,NaN,2025-06-16 22:11:06.463775,,
SEAMSOCIAL,All,836,2011-04-03 12:59:00,2013-07-17 22:36:00,34,34,24,10,10,24,22,2,0.056,0.025,0.007,0.022,0.074,0.026,0.297,0.691,0.914,90.909,Scale-up,45.455,0.867,0.922,0.78,0.589,2025-06-16 22:11:23.899994,,
SEAMSOCIAL,Last100,0,2013-07-17 22:33:00,2013-07-17 22:36:00, , ,1,1,6,N/A,2,-7,NaN,NaN,3.0,NaN,0,-3.0,NaN,NaN,NaN,NaN,Scale-up,NaN,NaN,NaN,0.429,NaN,2025-06-16 22:11:23.901988,,
SEAMINTL,All,727,2010-03-18 05:08:00,2012-03-14 20:41:00,74,74,49,25,7,67,37,30,0.072,0.053,0.02,0.072,0.105,0.107,0.686,0.576,0.84,416.667,Scale-up,13.889,0.944,0.762,0.873,0.922,2025-06-16 22:11:42.454901,,
SEAMINTL,Last100,64,2012-01-09 23:34:00,2012-03-14 20:41:00, , ,1,2,1,N/A,1,2,NaN,0.125,NaN,NaN,0,0.125,NaN,NaN,NaN,NaN,Scale-up,NaN,NaN,1.0,NaN,NaN,2025-06-16 22:11:42.456895,,
SEAMFACES,All,1057,2010-03-17 15:07:00,2013-02-07 00:31:00,247,247,135,112,23,224,132,92,0.193,0.175,0.067,0.208,0.301,0.321,0.691,0.524,0.818,442.308,Scale-up,4.808,0.901,0.955,0.944,0.887,2025-06-16 22:12:01.800619,,
SEAMFACES,Last100,22,2013-01-15 18:29:00,2013-02-07 00:31:00, , ,1,1,1,N/A,1,-1,NaN,NaN,NaN,NaN,0,NaN,NaN,NaN,NaN,NaN,Scale-up,NaN,NaN,NaN,NaN,NaN,2025-06-16 22:12:01.802614,,
SEAMPERSIST,All,1437,2009-03-28 23:38:00,2013-03-05 21:31:00,76,76,41,35,8,68,40,28,0.049,0.061,0.007,0.082,0.103,0.087,0.796,0.445,0.936,341.463,Scale-up,12.195,0.807,0.786,0.839,0.917,2025-06-16 22:12:20.924025,,
SEAMPERSIST,Last100,64,2012-12-31 12:44:00,2013-03-05 21:31:00, , ,1,1,1,N/A,1,-1,NaN,NaN,NaN,NaN,0,-0.015,NaN,NaN,NaN,NaN,Scale-up,NaN,NaN,NaN,NaN,NaN,2025-06-16 22:12:20.926024,,
SEAMMAIL,All,934,2010-05-25 20:29:00,2012-12-15 02:29:00,37,37,23,14,7,30,28,2,0.026,0.024,0.011,0.048,0.039,0.035,1.231,0.52,0.78,41.667,Catch-up,20.833,0.839,0.846,0.86,0.892,2025-06-16 22:12:38.397093,,
SEAMMAIL,Last100,0,2012-12-15 02:29:00,2012-12-15 02:29:00, , ,1,1,1,N/A,1,0,NaN,NaN,NaN,NaN,0,NaN,NaN,NaN,NaN,NaN,Catch-up,NaN,NaN,NaN,NaN,NaN,2025-06-16 22:12:38.399086,,
SEAMJMS,All,790,2010-05-21 10:47:00,2012-07-19 22:24:00,67,67,47,20,12,55,46,9,0.083,0.041,0.032,0.106,0.092,0.094,1.152,0.669,0.742,84.906,Catch-up,9.434,0.853,0.924,0.841,0.941,2025-06-16 22:12:55.751099,,
SEAMJMS,Last100,80,2012-04-30 14:47:00,2012-07-19 22:24:00, , ,2,1,1,N/A,1,2,0.012,NaN,NaN,NaN,0,0.019,NaN,NaN,NaN,NaN,Catch-up,NaN,1.0,NaN,NaN,NaN,2025-06-16 22:12:55.753061,,
SEAM,All,1005,2010-04-10 04:33:00,2013-01-09 17:56:00,129,129,45,84,23,106,59,47,0.055,0.135,0.035,0.113,0.155,0.146,0.729,0.289,0.816,415.929,Scale-up,8.85,0.823,0.856,0.81,0.829,2025-06-16 22:13:15.044317,,
SEAM,Last100,83,2012-10-17 18:01:00,2013-01-09 17:56:00, , ,2,1,1,N/A,1,2,0.013,NaN,NaN,NaN,0,0.019,NaN,NaN,NaN,NaN,Scale-up,NaN,1.0,NaN,NaN,NaN,2025-06-16 22:13:15.048306,,
SEAMCRON,All,295,2011-03-20 08:24:00,2012-01-10 03:52:00,43,43,33,10,1,42,19,23,0.201,0.028,0,0.06,0.229,0.178,0.262,0.878,1.0,383.333,Scale-up,16.667,0.89,0.617,0,0.561,2025-06-16 22:13:37.838813,,
SEAMCRON,Last100,92,2011-10-09 19:41:00,2012-01-10 03:52:00, , ,1,2,1,N/A,3,-2,NaN,0.018,NaN,0.021,0,0.015,NaN,NaN,NaN,NaN,Scale-up,47.619,NaN,1.0,NaN,0.76,2025-06-16 22:13:37.844285,,
SCRIBBLE,All,794,2010-05-29 06:47:00,2012-07-31 22:05:00,139,139,112,27,7,132,98,34,0.185,0.037,0.03,0.157,0.192,0.2,0.818,0.833,0.865,216.561,Scale-up,6.369,0.942,0.861,0.899,0.969,2025-06-16 22:13:58.608819,,
SCRIBBLE,Last100,0,2012-07-31 21:59:00,2012-07-31 22:05:00, , ,1,1,1,N/A,1,-1,NaN,NaN,NaN,NaN,0,NaN,NaN,NaN,NaN,NaN,Scale-up,NaN,NaN,NaN,NaN,NaN,2025-06-16 22:13:58.609816,,
SCALATE,All,1348,2010-01-28 08:36:00,2013-10-08 04:08:00,76,76,62,14,10,66,40,26,0.032,0.008,0.005,0.023,0.035,0.03,0.657,0.8,0.875,1130.435,Scale-up,43.478,0.389,0.798,0.65,0.32,2025-06-16 22:14:16.097343,,
SCALATE,Last100,0,2013-10-08 04:08:00,2013-10-08 04:08:00, , ,1,1,1,N/A,1,0,NaN,NaN,NaN,NaN,0,NaN,NaN,NaN,NaN,NaN,Scale-up,NaN,NaN,NaN,NaN,NaN,2025-06-16 22:14:16.098344,,
RAILO,All,2011,2008-06-17 16:40:00,2013-12-20 14:34:00,2779,2779,906,1873,453,2326,1447,879,0.459,1.007,0.262,0.764,1.204,1.205,0.635,0.313,0.821,1150.524,Scale-up,1.309,0.983,0.995,0.983,0.993,2025-06-16 22:14:37.226373,,
RAILO,Last100,99,2013-09-11 16:26:00,2013-12-20 14:34:00, , ,101,100,42,N/A,129,31,1.191,1.072,0.578,1.384,1.685,1.732,0.821,0.526,0.745,635.116,Scale-up,0.723,0.985,0.994,0.906,0.966,2025-06-16 22:14:41.744709,,
PBR,All,2121,2008-02-15 12:10:00,2013-12-07 03:36:00,538,538,225,313,140,398,398,0,0.104,0.154,0.103,0.183,0.155,0.181,1.181,0.403,0.601,0.0,Plan-up,5.464,0.831,0.995,0.888,0.965,2025-06-16 22:15:01.281375,,
PBR,Last100,99,2013-08-29 16:14:00,2013-12-07 03:36:00, , ,11,12,13,N/A,28,-19,0.11,0.11,0.148,0.316,0.07200000000000001,0.066,4.389,0.5,0.327,0.0,Plan-up,3.165,0.915,0.959,0.938,0.972,2025-06-16 22:15:05.603787,,
PLFED,All,1816,2008-11-02 14:02:00,2013-10-23 21:52:00,301,301,185,116,10,291,289,2,0.173,0.098,0.009,0.28,0.262,0.262,1.069,0.638,0.967,7.143,Plan-up,3.571,0.975,0.937,0.922,0.977,2025-06-16 22:15:23.234899,,
PLFED,Last100,0,2013-10-23 21:52:00,2013-10-23 21:52:00, , ,1,1,1,N/A,1,0,NaN,NaN,NaN,NaN,0,NaN,NaN,NaN,NaN,NaN,Plan-up,NaN,NaN,NaN,NaN,NaN,2025-06-16 22:15:23.236002,,
MR,All,2335,2007-07-21 02:00:00,2013-12-12 00:03:00,656,656,379,277,75,581,557,24,0.189,0.131,0.037,0.274,0.283,0.274,0.968,0.591,0.884,87.591,Scale-up,3.65,0.987,0.985,0.915,0.994,2025-06-16 22:15:42.692752,,
MR,Last100,100,2013-09-02 22:44:00,2013-12-12 00:03:00, , ,12,28,6,N/A,44,-9,0.114,0.297,0.04,0.422,0.371,0.361,1.137,0.277,0.903,56.872,Catch-up,2.37,0.951,0.888,0.607,0.96,2025-06-16 22:15:47.116801,,
MB,All,2205,2007-07-19 20:16:00,2013-08-02 06:44:00,1138,1138,407,731,47,1091,971,121,0.189,0.328,0.022,0.413,0.495,0.495,0.834,0.366,0.957,292.978,Scale-up,2.421,0.98,0.977,0.963,0.972,2025-06-16 22:16:05.551262,,
MB,Last100,99,2013-04-24 09:49:00,2013-08-02 06:44:00, , ,1,1,2,N/A,2,-3,NaN,NaN,1.0,0.016,0,-1.0,NaN,NaN,NaN,NaN,Scale-up,62.5,NaN,NaN,1.0,1.0,2025-06-16 22:16:05.556250,,
PLINK2,All,1742,2009-02-04 02:17:00,2013-11-12 22:13:00,114,114,47,67,7,107,39,68,0.026,0.03,0.048,0.218,0.008,0.052,27.25,0.464,0.143,311.927,Catch-up,4.587,0.904,0.869,0.806,0.887,2025-06-16 22:16:24.194475,,
PLINK2,Last100,97,2013-08-06 23:51:00,2013-11-12 22:13:00, , ,11,13,3,N/A,16,4,0.155,0.143,0.5,0.128,-0.202,0.278,-0.634,0.52,-0.678,531.25,Scale-up,7.812,0.629,0.546,0.75,0.525,2025-06-16 22:16:28.573642,,
MODULES,All,1244,2010-07-08 22:44:00,2013-12-04 08:20:00,172,172,90,82,22,150,134,16,0.066,0.066,0.019,0.1,0.113,0.112,0.885,0.5,0.856,160.0,Scale-up,10.0,0.925,0.931,0.944,0.895,2025-06-16 22:16:47.949288,,
MODULES,Last100,84,2013-09-10 20:44:00,2013-12-04 08:20:00, , ,3,1,1,N/A,3,-1,0.018,NaN,NaN,0.031,0,0.018,NaN,NaN,NaN,NaN,Scale-up,32.258,0.759,NaN,NaN,0.75,2025-06-16 22:16:47.956027,,
MODCLUSTER,All,2002,2008-06-24 02:24:00,2013-12-17 15:32:00,354,354,138,216,50,304,241,63,0.066,0.119,0.025,0.134,0.16,0.157,0.838,0.357,0.865,470.149,Scale-up,7.463,0.958,0.984,0.989,0.966,2025-06-16 22:17:12.366046,,
MODCLUSTER,Last100,91,2013-09-17 01:25:00,2013-12-17 15:32:00, , ,8,10,2,N/A,7,8,0.113,0.095,0.045,0.068,0.16300000000000003,0.156,0.417,0.543,0.784,926.471,Scale-up,14.706,0.949,0.828,1.0,0.649,2025-06-16 22:17:17.192153,,
MODE,All,2158,2008-01-22 09:48:00,2013-12-20 00:53:00,1875,1875,868,1007,236,1639,1559,80,0.396,0.529,0.139,0.78,0.786,0.787,0.992,0.428,0.85,102.564,Scale-up,1.282,0.997,0.991,0.902,0.994,2025-06-16 22:17:42.223359,,
MODE,Last100,99,2013-09-11 13:57:00,2013-12-20 00:53:00, , ,39,42,15,N/A,67,-2,0.439,0.351,0.145,0.558,0.645,0.623,0.865,0.556,0.816,143.369,Scale-up,1.792,0.94,0.955,0.804,0.94,2025-06-16 22:17:46.669942,,
MIGR,All,251,2013-04-12 04:22:00,2013-12-19 20:24:00,99,99,88,11,4,95,38,57,0.421,0.08,0.023,0.201,0.478,0.468,0.421,0.84,0.954,283.582,Scale-up,4.975,0.93,0.886,0.95,0.886,2025-06-16 22:18:12.307405,,
MIGR,Last100,87,2013-09-23 20:17:00,2013-12-19 20:24:00, , ,10,1,1,N/A,3,6,0.089,NaN,NaN,0.03,0,0.089,NaN,NaN,NaN,NaN,Scale-up,33.333,0.646,NaN,NaN,0.765,2025-06-16 22:18:12.310398,,
OSJC,All,819,2011-09-12 18:12:00,2013-12-09 20:42:00,90,90,55,35,3,87,70,17,0.075,0.039,0.004,0.091,0.11,0.106,0.827,0.658,0.965,186.813,Scale-up,10.989,0.863,0.903,0.75,0.841,2025-06-16 22:18:31.128079,,
OSJC,Last100,97,2013-09-03 17:19:00,2013-12-09 20:42:00, , ,19,11,1,N/A,24,7,0.209,0.171,NaN,0.231,0.38,0.361,NaN,NaN,NaN,NaN,Scale-up,4.329,0.977,0.93,NaN,0.927,2025-06-16 22:18:31.131072,,
MPJDOCBOOK,All,2015,2007-07-12 18:45:00,2013-01-17 11:36:00,76,76,39,37,15,61,45,16,0.03,0.023,0.009,0.035,0.044,0.042,0.795,0.566,0.83,457.143,Scale-up,28.571,0.949,0.96,0.926,0.973,2025-06-16 22:18:48.797277,,
MPJDOCBOOK,Last100,0,2013-01-17 11:36:00,2013-01-17 11:36:00, , ,1,1,1,N/A,1,0,NaN,NaN,NaN,NaN,0,NaN,NaN,NaN,NaN,NaN,Scale-up,NaN,NaN,NaN,NaN,NaN,2025-06-16 22:18:48.799269,,
RESTEASY,All,2119,2008-02-28 09:07:00,2013-12-17 14:33:00,967,967,349,618,86,881,633,248,0.144,0.296,0.041,0.274,0.399,0.396,0.687,0.327,0.907,905.109,Scale-up,3.65,0.979,0.998,0.965,0.991,2025-06-16 22:19:08.555774,,
RESTEASY,Last100,98,2013-09-10 00:11:00,2013-12-17 14:33:00, , ,17,43,8,N/A,37,14,0.168,0.542,0.117,0.427,0.5930000000000001,0.597,0.72,0.237,0.835,580.796,Scale-up,2.342,0.969,0.898,0.555,0.838,2025-06-16 22:19:12.960511,,
PLINK,All,1737,2009-03-16 16:39:00,2013-12-18 02:18:00,292,292,188,104,14,278,198,80,0.188,0.056,0.061,0.172,0.183,0.188,0.94,0.77,0.75,465.116,Scale-up,5.814,0.482,0.561,0.903,0.402,2025-06-16 22:19:32.384530,,
PLINK,Last100,99,2013-09-10 00:49:00,2013-12-18 02:18:00, , ,58,22,4,N/A,53,22,0.613,0.244,0.04,0.613,0.817,0.823,0.75,0.715,0.953,130.506,Scale-up,1.631,0.974,0.949,0.948,0.933,2025-06-16 22:19:36.796708,,
PLIDM,All,1656,2009-05-11 19:16:00,2013-11-22 23:14:00,45,45,24,21,2,43,16,27,0.014,0.014,0.005,0.009,0.023,0.025,0.391,0.5,0.821,3000.0,Scale-up,111.111,0.87,0.921,1.0,0.774,2025-06-16 22:19:55.476068,,
PLIDM,Last100,50,2013-10-03 17:18:00,2013-11-22 23:14:00, , ,1,2,1,N/A,2,0,NaN,0.022,NaN,0.026,0,0.033,NaN,NaN,NaN,NaN,Scale-up,38.462,NaN,1.0,NaN,1.0,2025-06-16 22:19:55.478062,,
REMJMX,All,820,2011-09-22 02:09:00,2013-12-20 14:33:00,74,74,62,12,1,73,67,6,0.064,0.014,0,0.076,0.078,0.078,0.974,0.821,1.0,78.947,Scale-up,13.158,0.832,0.883,0,0.868,2025-06-16 22:20:13.973913,,
REMJMX,Last100,99,2013-09-12 01:01:00,2013-12-20 14:33:00, , ,9,2,1,N/A,9,0,0.072,0.017,NaN,0.132,0.089,0.07,NaN,NaN,NaN,NaN,Scale-up,7.576,0.757,1.0,NaN,0.827,2025-06-16 22:20:13.977161,,
REM3,All,3134,2005-04-20 18:56:00,2013-11-19 00:56:00,154,154,92,62,29,125,116,9,0.039,0.043,0.012,0.051,0.07,0.052,0.729,0.476,0.854,176.471,Scale-up,19.608,0.851,0.925,0.859,0.98,2025-06-16 22:20:32.555606,,
REM3,Last100,63,2013-09-16 23:46:00,2013-11-19 00:56:00, , ,2,3,2,N/A,6,-2,0.024,0.069,NaN,0.072,0.093,0.058,NaN,NaN,NaN,NaN,Scale-up,13.889,1.0,0.866,NaN,0.869,2025-06-16 22:20:32.558597,,
LOGTOOL,All,1109,2010-12-07 02:01:00,2013-12-20 05:33:00,81,81,43,38,6,75,60,15,0.038,0.033,0.005,0.051,0.066,0.066,0.773,0.535,0.93,294.118,Scale-up,19.608,0.985,0.934,0.832,0.959,2025-06-16 22:20:51.406591,,
LOGTOOL,Last100,85,2013-09-26 01:51:00,2013-12-20 05:33:00, , ,4,4,1,N/A,5,2,0.048,0.036,NaN,NaN,0.08399999999999999,0.083,NaN,NaN,NaN,NaN,Scale-up,NaN,0.92,0.789,NaN,NaN,2025-06-16 22:20:51.408586,,
PCACHE,All,2814,2005-04-28 00:28:00,2013-01-10 07:53:00,78,78,54,24,29,49,24,25,0.039,0.011,0.013,0.011,0.037,0.023,0.297,0.78,0.74,2272.727,Scale-up,90.909,0.987,0.925,0.84,0.574,2025-06-16 22:21:08.911094,,
PCACHE,Last100,0,2013-01-10 07:53:00,2013-01-10 07:53:00, , ,1,1,1,N/A,1,0,NaN,NaN,NaN,NaN,0,NaN,NaN,NaN,NaN,NaN,Scale-up,NaN,NaN,NaN,NaN,NaN,2025-06-16 22:21:08.912092,,
JBWS,All,3359,2004-10-06 18:04:00,2013-12-18 01:01:00,3005,3005,1540,1465,805,2200,2127,73,0.483,0.5,0.268,0.683,0.715,0.688,0.955,0.491,0.727,106.881,Scale-up,1.464,0.967,0.933,0.956,0.966,2025-06-16 22:21:30.196837,,
JBWS,Last100,98,2013-09-10 23:32:00,2013-12-18 01:01:00, , ,31,14,3,N/A,50,-9,0.29,0.159,0.031,0.452,0.4179999999999999,0.423,1.081,0.646,0.931,161.504,Catch-up,2.212,0.982,0.891,0.765,0.974,2025-06-16 22:21:34.649062,,
PLANNER,All,2504,2007-02-03 22:16:00,2013-12-13 17:09:00,210,210,151,59,15,195,108,87,0.057,0.027,0.007,0.05,0.077,0.075,0.649,0.679,0.917,1740.0,Scale-up,20.0,0.868,0.75,0.687,0.809,2025-06-16 22:21:53.915182,,
PLANNER,Last100,100,2013-09-04 06:37:00,2013-12-13 17:09:00, , ,19,9,3,N/A,11,13,0.161,0.081,0.024,0.116,0.218,0.204,0.532,0.665,0.901,750.0,Scale-up,8.621,0.952,0.951,0.75,0.884,2025-06-16 22:21:58.273252,,
PRESSGANG,All,2209,2007-03-02 05:58:00,2013-03-20 05:47:00,80,80,59,21,9,71,32,39,0.048,0.018,0.01,0.037,0.056,0.055,0.661,0.727,0.848,1054.054,Scale-up,27.027,0.795,0.962,0.86,0.898,2025-06-16 22:22:15.687251,,
PRESSGANG,Last100,13,2013-03-07 05:11:00,2013-03-20 05:47:00, , ,1,1,1,N/A,1,1,NaN,NaN,NaN,NaN,0,0.071,NaN,NaN,NaN,NaN,Scale-up,NaN,NaN,NaN,NaN,NaN,2025-06-16 22:22:15.689246,,
KOSMOS,All,467,2005-08-12 01:58:00,2006-11-22 22:03:00,40,40,25,15,1,39,25,14,0.057,0.027,0,0.101,0.084,0.078,1.202,0.679,1.0,138.614,Catch-up,9.901,0.597,0.824,0,0.821,2025-06-16 22:22:32.307120,,
KOSMOS,Last100,21,2006-11-01 06:46:00,2006-11-22 22:03:00, , ,1,1,1,N/A,1,1,NaN,NaN,NaN,NaN,0,0.045,NaN,NaN,NaN,NaN,Catch-up,NaN,NaN,NaN,NaN,NaN,2025-06-16 22:22:32.309220,,
JGRP,All,3283,2004-12-24 22:01:00,2013-12-20 22:43:00,1653,1653,852,801,272,1381,1301,80,0.267,0.242,0.089,0.408,0.42,0.42,0.971,0.525,0.825,196.078,Scale-up,2.451,0.986,0.99,0.996,0.992,2025-06-16 22:22:52.933716,,
JGRP,Last100,100,2013-09-11 22:24:00,2013-12-20 22:43:00, , ,32,39,7,N/A,50,13,0.307,0.357,0.062,0.412,0.6019999999999999,0.605,0.684,0.462,0.907,194.175,Scale-up,2.427,0.96,0.971,0.856,0.977,2025-06-16 22:22:57.398902,,
MSC,All,1260,2010-07-08 22:41:00,2013-12-20 05:21:00,127,127,73,54,11,116,111,5,0.061,0.04,0.008,0.09,0.093,0.09,0.968,0.604,0.921,55.556,Scale-up,11.111,0.741,0.804,0.91,0.785,2025-06-16 22:23:16.188106,,
MSC,Last100,97,2013-09-13 21:16:00,2013-12-20 05:21:00, , ,2,3,1,N/A,2,1,0.045,0.02,NaN,NaN,0.065,0.033,NaN,NaN,NaN,NaN,Scale-up,NaN,1.0,0.977,NaN,NaN,2025-06-16 22:23:16.190676,,
JBXB,All,3200,2004-11-28 02:19:00,2013-09-02 13:10:00,239,239,135,104,22,217,199,19,0.06,0.056,0.008,0.101,0.108,0.101,0.935,0.517,0.931,188.119,Scale-up,9.901,0.981,0.976,0.957,0.981,2025-06-16 22:23:33.977215,,
JBXB,Last100,0,2013-09-02 13:10:00,2013-09-02 13:10:00, , ,1,1,1,N/A,1,0,NaN,NaN,NaN,NaN,0,NaN,NaN,NaN,NaN,NaN,Scale-up,NaN,NaN,NaN,NaN,NaN,2025-06-16 22:23:33.979208,,
LIVEOAK,All,15,2013-12-03 22:53:00,2013-12-19 04:17:00,69,69,63,6,0,69,19,50,3.44,0.434,0,1.29,3.874,3.783,0.333,0.888,1.0,38.76,Scale-up,0.775,0.794,0.917,0,0.667,2025-06-16 22:23:52.121727,,
LIVEOAK,Last100,15,2013-12-03 22:53:00,2013-12-19 04:17:00, , ,63,6,1,N/A,19,49,3.566,0.4,0,1.18,3.9659999999999997,3.865,0.298,0.899,1.0,42.373,Scale-up,0.847,0.816,0.902,0,0.646,2025-06-16 22:23:56.194227,,
NETTY,All,1529,2008-08-12 17:53:00,2012-10-19 19:16:00,459,459,208,251,37,422,379,44,0.176,0.195,0.028,0.255,0.343,0.333,0.743,0.474,0.925,172.549,Scale-up,3.922,0.917,0.987,0.972,0.898,2025-06-16 22:24:14.406726,,
NETTY,Last100,14,2012-10-05 13:32:00,2012-10-19 19:16:00, , ,1,1,2,N/A,18,-19,NaN,NaN,NaN,0.71,0,NaN,NaN,NaN,NaN,NaN,Scale-up,1.408,NaN,NaN,NaN,0.621,2025-06-16 22:24:14.409721,,
JOPR,All,1627,2007-09-29 03:43:00,2012-03-14 01:36:00,406,406,157,249,46,360,215,145,0.38,0.652,0.054,0.565,0.978,0.783,0.578,0.368,0.948,256.637,Scale-up,1.77,0.871,0.945,0.599,0.865,2025-06-16 22:24:32.566167,,
JOPR,Last100,0,2012-03-14 01:36:00,2012-03-14 01:36:00, , ,1,1,1,N/A,1,0,NaN,NaN,NaN,NaN,0,NaN,NaN,NaN,NaN,NaN,Scale-up,NaN,NaN,NaN,NaN,NaN,2025-06-16 22:24:32.567164,,
KEYCLOAK,All,161,2013-07-09 23:43:00,2013-12-18 01:20:00,235,235,129,106,9,226,150,76,0.789,0.718,0.111,1.215,1.396,1.358,0.87,0.524,0.926,62.551,Scale-up,0.823,0.98,0.909,0.965,0.87,2025-06-16 22:24:51.888196,,
KEYCLOAK,Last100,99,2013-09-09 23:52:00,2013-12-18 01:20:00, , ,92,90,9,N/A,138,34,0.965,0.88,0.11,1.578,1.7349999999999999,1.677,0.91,0.523,0.94,48.162,Scale-up,0.634,0.991,0.903,0.968,0.932,2025-06-16 22:24:56.469407,,
JBTM,All,2918,2005-12-24 06:03:00,2013-12-20 21:13:00,1976,1976,1116,860,330,1646,1483,163,0.357,0.276,0.138,0.486,0.495,0.535,0.982,0.564,0.782,335.391,Scale-up,2.058,0.957,0.866,0.852,0.929,2025-06-16 22:25:17.322876,,
JBTM,Last100,99,2013-09-11 21:17:00,2013-12-20 21:13:00, , ,52,91,43,N/A,144,-43,0.478,1.009,0.473,1.453,1.0139999999999998,1.002,1.433,0.321,0.682,112.182,Catch-up,0.688,0.947,0.993,0.928,0.975,2025-06-16 22:25:21.826474,,
JDF,All,645,2012-03-12 19:54:00,2013-12-18 07:28:00,535,535,322,213,32,503,356,147,0.565,0.366,0.061,0.642,0.87,0.872,0.738,0.607,0.934,228.972,Scale-up,1.558,0.964,0.969,0.988,0.94,2025-06-16 22:25:41.644189,,
JDF,Last100,99,2013-09-09 21:27:00,2013-12-18 07:28:00, , ,45,46,6,N/A,72,12,0.378,0.715,0.055,0.812,1.038,0.895,0.782,0.346,0.95,181.034,Scale-up,1.232,0.912,0.909,0.893,0.981,2025-06-16 22:25:46.047007,,
JBSHOTOKU,All,792,2005-10-12 00:30:00,2007-12-13 17:21:00,104,104,90,14,23,81,81,0,0.204,0.025,0.025,0.204,0.204,0.089,1.0,0.891,0.891,0.0,Plan-up,4.902,0.809,0.954,0.526,0.871,2025-06-16 22:26:03.689046,,
JBSHOTOKU,Last100,0,2007-12-13 17:21:00,2007-12-13 17:21:00, , ,1,1,17,N/A,1,-16,NaN,NaN,NaN,NaN,0,NaN,NaN,NaN,NaN,NaN,Plan-up,NaN,NaN,NaN,NaN,NaN,2025-06-16 22:26:03.691040,,
JSFUNIT,All,2121,2007-05-15 07:27:00,2013-03-06 03:45:00,263,263,152,111,48,215,170,45,0.087,0.066,0.033,0.111,0.12,0.117,0.925,0.569,0.784,405.405,Scale-up,9.009,0.92,0.92,0.872,0.908,2025-06-16 22:26:21.467819,,
JSFUNIT,Last100,0,2013-03-06 03:45:00,2013-03-06 03:45:00, , ,1,1,1,N/A,1,0,NaN,NaN,NaN,NaN,0,NaN,NaN,NaN,NaN,NaN,Scale-up,NaN,NaN,NaN,NaN,NaN,2025-06-16 22:26:21.469782,,
MOP,All,369,2009-07-30 21:45:00,2010-08-04 09:11:00,44,44,32,12,2,42,15,27,0.076,0.081,0.008,0.117,0.149,0.131,0.785,0.484,0.949,230.769,Scale-up,8.547,0.298,0.849,1.0,0.813,2025-06-16 22:26:38.625646,,
MOP,Last100,0,2010-08-04 09:11:00,2010-08-04 09:11:00, , ,1,1,1,N/A,1,0,NaN,NaN,NaN,NaN,0,NaN,NaN,NaN,NaN,NaN,Scale-up,NaN,NaN,NaN,NaN,NaN,2025-06-16 22:26:38.626879,,
MODETOOLS,All,1700,2009-03-19 00:07:00,2013-11-13 21:57:00,64,64,50,14,9,55,48,7,0.027,0.013,0.005,0.036,0.035,0.032,1.029,0.675,0.875,194.444,Catch-up,27.778,0.704,0.831,0.914,0.6,2025-06-16 22:26:57.086241,,
MODETOOLS,Last100,83,2013-08-21 22:58:00,2013-11-13 21:57:00, , ,1,2,1,N/A,3,0,NaN,0.037,NaN,0.027,0,0.033,NaN,NaN,NaN,NaN,Catch-up,37.037,NaN,1.0,NaN,0.75,2025-06-16 22:26:57.088394,,
LOGMGR,All,1747,2009-03-08 14:59:00,2013-12-20 05:34:00,85,85,34,51,7,78,65,14,0.018,0.025,0.014,0.032,0.029,0.041,1.103,0.419,0.674,437.5,Catch-up,31.25,0.916,0.957,0.808,0.972,2025-06-16 22:27:15.647836,,
LOGMGR,Last100,83,2013-09-27 08:33:00,2013-12-20 05:34:00, , ,2,5,1,N/A,3,2,0.045,0.066,NaN,0.025,0.111,0.082,NaN,NaN,NaN,NaN,Catch-up,40.0,1.0,0.896,NaN,0.838,2025-06-16 22:27:15.650798,,
JBWIKI,All,1436,2005-07-29 01:06:00,2009-07-04 21:59:00,104,104,77,27,10,94,70,24,0.068,0.017,0.023,0.055,0.062,0.068,0.887,0.8,0.729,436.364,Scale-up,18.182,0.461,0.788,0.484,0.472,2025-06-16 22:27:34.496085,,
JBWIKI,Last100,0,2009-07-04 21:33:00,2009-07-04 21:59:00, , ,1,1,1,N/A,2,-1,NaN,NaN,NaN,1.0,0,1.0,NaN,NaN,NaN,NaN,Scale-up,1.0,NaN,NaN,NaN,1.0,2025-06-16 22:27:34.499082,,
JBVFS,All,2484,2006-12-03 01:25:00,2013-09-21 05:17:00,184,184,109,75,8,176,151,25,0.06,0.039,0.008,0.084,0.091,0.095,0.923,0.606,0.919,297.619,Scale-up,11.905,0.763,0.932,0.906,0.751,2025-06-16 22:27:53.466265,,
JBVFS,Last100,85,2013-06-27 13:21:00,2013-09-21 05:17:00, , ,2,1,1,N/A,5,-3,0.053,NaN,NaN,0.081,0,0.021,NaN,NaN,NaN,NaN,Scale-up,12.346,1.0,NaN,NaN,0.664,2025-06-16 22:27:53.468230,,
JBTIS,All,1309,2010-05-20 18:56:00,2013-12-20 04:18:00,177,177,109,68,18,159,136,23,0.143,0.111,0.058,0.473,0.196,0.237,2.413,0.563,0.772,48.626,Catch-up,2.114,0.607,0.723,0.906,0.979,2025-06-16 22:28:12.372732,,
JBTIS,Last100,99,2013-09-11 15:33:00,2013-12-20 04:18:00, , ,36,16,8,N/A,46,-3,0.399,0.164,0.087,0.533,0.4760000000000001,0.441,1.12,0.709,0.845,43.152,Catch-up,1.876,0.968,0.876,0.884,0.976,2025-06-16 22:28:16.790383,,
JBWEB,All,3307,2004-11-28 03:11:00,2013-12-18 17:48:00,234,234,82,152,65,169,116,53,0.023,0.048,0.022,0.036,0.049,0.047,0.735,0.324,0.69,1472.222,Scale-up,27.778,0.975,0.982,0.967,0.99,2025-06-16 22:28:35.859527,,
JBWEB,Last100,69,2013-10-09 21:17:00,2013-12-18 17:48:00, , ,1,6,1,N/A,4,2,NaN,0.098,NaN,0.036,0,0.123,NaN,NaN,NaN,NaN,Scale-up,27.778,NaN,0.741,NaN,0.614,2025-06-16 22:28:35.862516,,
JBSER,All,2903,2005-07-27 02:54:00,2013-07-08 17:07:00,127,127,63,64,13,114,88,26,0.022,0.024,0.009,0.031,0.037,0.04,0.838,0.478,0.804,838.71,Scale-up,32.258,0.597,0.774,0.949,0.422,2025-06-16 22:28:54.274091,,
JBSER,Last100,48,2013-05-20 22:55:00,2013-07-08 17:07:00, , ,1,1,1,N/A,2,1,NaN,NaN,NaN,NaN,0,0.02,NaN,NaN,NaN,NaN,Scale-up,NaN,NaN,NaN,NaN,NaN,2025-06-16 22:28:54.275996,,
JBRULES,All,2906,2005-12-05 23:17:00,2013-11-20 21:42:00,2903,2903,1157,1746,455,2448,1995,453,0.456,0.682,0.173,0.742,0.965,0.942,0.769,0.401,0.848,610.512,Scale-up,1.348,0.985,0.995,0.971,0.986,2025-06-16 22:29:14.479087,,
JBRULES,Last100,70,2013-09-11 03:39:00,2013-11-20 21:42:00, , ,1,1,6,N/A,2,-7,NaN,NaN,0.132,0.015,0,-0.132,NaN,NaN,NaN,NaN,Scale-up,66.667,NaN,NaN,0.509,1.0,2025-06-16 22:29:14.484881,,
JBPORTAL,All,3780,2003-03-28 00:09:00,2013-08-02 07:15:00,2124,2124,1115,1009,660,1464,1461,3,0.733,0.534,0.186,0.961,1.081,0.62,0.889,0.579,0.853,3.122,Start-up,1.041,0.945,0.948,0.87,0.984,2025-06-16 22:29:35.528173,,
JBPORTAL,Last100,56,2013-06-06 14:30:00,2013-08-02 07:15:00, , ,1,1,1,N/A,1,0,NaN,NaN,NaN,NaN,0,0.009,NaN,NaN,NaN,NaN,Start-up,NaN,NaN,NaN,NaN,NaN,2025-06-16 22:29:35.533159,,
JBSSO,All,1035,2006-05-09 05:39:00,2009-03-10 01:04:00,54,54,36,18,3,51,26,25,0.028,0.015,0.002,0.021,0.041,0.038,0.512,0.651,0.953,1190.476,Scale-up,47.619,0.794,0.894,0.938,0.884,2025-06-16 22:29:53.967988,,
JBSSO,Last100,95,2008-12-04 23:48:00,2009-03-10 01:04:00, , ,5,5,1,N/A,3,5,0.035,0.03,NaN,1.5,0.065,0.058,NaN,NaN,NaN,NaN,Scale-up,0.667,0.822,0.849,NaN,0.75,2025-06-16 22:29:53.971113,,
JBPM,All,3311,2004-11-23 17:07:00,2013-12-18 04:08:00,3616,3616,2008,1608,1059,2557,2092,465,0.682,0.527,0.46,0.697,0.749,0.795,0.931,0.564,0.62,667.145,Scale-up,1.435,0.943,0.986,0.821,0.972,2025-06-16 22:30:18.867502,,
JBPM,Last100,99,2013-09-10 00:00:00,2013-12-18 04:08:00, , ,47,43,16,N/A,62,11,0.436,0.376,0.165,0.677,0.647,0.624,1.046,0.537,0.797,686.854,Catch-up,1.477,0.887,0.974,0.853,0.964,2025-06-16 22:30:23.289004,,
JBPAPP6,All,2874,2005-04-19 07:46:00,2013-03-02 09:54:00,1373,1373,306,1067,462,911,910,1,0.276,2.303,0.782,2.342,1.797,1.839,1.303,0.107,0.697,0.427,Plan-up,0.427,0.571,0.905,0.41,0.927,2025-06-16 22:30:43.863409,,
JBPAPP6,Last100,99,2012-11-22 17:33:00,2013-03-02 09:54:00, , ,16,83,366,N/A,49,-317,0.243,1.368,4.582,0.687,-2.9709999999999996,-2.539,-0.231,0.151,-1.844,1.456,Start-up,1.456,0.926,0.962,0.063,0.897,2025-06-16 22:30:48.384274,,
JBPAPP,All,2485,2007-03-02 09:38:00,2013-12-21 04:51:00,5181,5181,1765,3416,887,4294,3853,441,0.943,1.815,0.475,2.028,2.283,2.3,0.888,0.342,0.828,217.456,Scale-up,0.493,0.961,0.979,0.956,0.978,2025-06-16 22:31:11.366078,,
JBPAPP,Last100,100,2013-09-11 22:50:00,2013-12-21 04:51:00, , ,27,18,6,N/A,45,-5,0.348,0.142,0.087,0.386,0.403,0.355,0.958,0.71,0.822,1142.487,Scale-up,2.591,0.924,0.953,0.982,0.653,2025-06-16 22:31:15.828937,,
JBOSGI,All,2424,2007-03-28 22:04:00,2013-11-16 08:18:00,618,618,410,208,143,475,404,71,0.212,0.124,0.082,0.239,0.254,0.247,0.941,0.631,0.756,297.071,Scale-up,4.184,0.914,0.99,0.964,0.946,2025-06-16 22:31:34.951281,,
JBOSGI,Last100,77,2013-08-30 19:47:00,2013-11-16 08:18:00, , ,1,8,1,N/A,1,6,NaN,0.115,NaN,NaN,0,0.101,NaN,NaN,NaN,NaN,Scale-up,NaN,NaN,0.806,NaN,NaN,2025-06-16 22:31:34.954500,,
JBNET,All,1286,2005-01-01 00:44:00,2008-07-10 05:44:00,1431,1431,959,472,384,1047,1047,0,1.127,0.702,0.396,1.417,1.433,1.515,0.989,0.616,0.783,0.0,Start-up,0.706,0.874,0.984,0.546,0.896,2025-06-16 22:31:55.199564,,
JBNET,Last100,99,2008-04-02 05:06:00,2008-07-10 05:44:00, , ,57,66,266,N/A,79,-221,0.97,0.995,3.199,0.948,-1.234,-1.678,-0.768,0.494,-0.628,0.0,Start-up,1.055,0.707,0.974,0.824,0.971,2025-06-16 22:31:59.795524,,
JBREM,All,3326,2004-11-09 04:30:00,2013-12-18 22:30:00,1078,1078,651,427,156,922,914,8,0.285,0.178,0.058,0.412,0.405,0.371,1.017,0.616,0.875,19.417,Plan-up,2.427,0.883,0.904,0.956,0.924,2025-06-16 22:32:19.537220,,
JBREM,Last100,45,2013-11-03 10:37:00,2013-12-18 22:30:00, , ,1,1,2,N/A,3,-2,NaN,NaN,NaN,0.197,0,0.03,NaN,NaN,NaN,NaN,Plan-up,5.076,NaN,NaN,NaN,0.987,2025-06-16 22:32:19.541061,,
JBPROFILER,All,3281,2004-12-10 06:35:00,2013-12-04 17:54:00,103,103,65,38,10,93,51,42,0.024,0.015,0.003,0.021,0.036,0.037,0.583,0.615,0.923,2000.0,Scale-up,47.619,0.925,0.829,0.839,0.822,2025-06-16 22:32:36.844600,,
JBPROFILER,Last100,0,2013-12-04 17:54:00,2013-12-04 17:54:00, , ,1,1,1,N/A,1,0,NaN,NaN,NaN,NaN,0,NaN,NaN,NaN,NaN,NaN,Scale-up,NaN,NaN,NaN,NaN,NaN,2025-06-16 22:32:36.845606,,
JBMETA,All,2411,2007-04-27 11:07:00,2013-12-02 17:43:00,339,339,188,151,11,328,298,30,0.128,0.077,0.005,0.186,0.2,0.193,0.93,0.624,0.976,161.29,Scale-up,5.376,0.901,0.875,0.966,0.894,2025-06-16 22:32:56.203614,,
JBMETA,Last100,31,2013-11-01 02:25:00,2013-12-02 17:43:00, , ,1,2,1,N/A,1,0,NaN,0.031,NaN,NaN,0,0.031,NaN,NaN,NaN,NaN,Scale-up,NaN,NaN,1.0,NaN,NaN,2025-06-16 22:32:56.206236,,
JBID,All,620,2008-05-06 07:52:00,2010-01-17 02:38:00,161,161,138,23,2,159,159,0,0.246,0.058,0.009,0.289,0.295,0.287,0.98,0.809,0.97,0.0,Start-up,3.46,0.923,0.96,1.0,0.896,2025-06-16 22:33:14.920392,,
JBID,Last100,99,2009-10-10 02:32:00,2010-01-17 02:38:00, , ,15,8,1,N/A,39,-17,0.238,0.109,NaN,0.479,0.347,0.317,NaN,NaN,NaN,NaN,Start-up,2.088,0.94,0.718,NaN,0.808,2025-06-16 22:33:14.923043,,
JBLAB,All,2446,2004-11-14 04:32:00,2011-07-27 19:46:00,727,727,634,93,226,501,445,56,0.524,0.074,0.134,0.377,0.464,0.385,0.813,0.876,0.776,148.541,Scale-up,2.653,0.91,0.881,0.525,0.835,2025-06-16 22:33:33.329967,,
JBLAB,Last100,0,2011-07-27 19:46:00,2011-07-27 19:46:00, , ,1,1,1,N/A,1,0,NaN,NaN,NaN,NaN,0,NaN,NaN,NaN,NaN,NaN,Scale-up,NaN,NaN,NaN,NaN,NaN,2025-06-16 22:33:33.332959,,
JBREFLECT,All,2023,2006-12-06 22:09:00,2012-06-21 20:22:00,125,125,88,37,3,122,104,18,0.058,0.037,0.002,0.087,0.093,0.083,0.935,0.611,0.979,206.897,Scale-up,11.494,0.897,0.837,0.917,0.872,2025-06-16 22:33:52.423431,,
JBREFLECT,Last100,8,2012-06-13 15:53:00,2012-06-21 20:22:00, , ,1,1,1,N/A,1,-1,NaN,NaN,NaN,NaN,0,NaN,NaN,NaN,NaN,NaN,Scale-up,NaN,NaN,NaN,NaN,NaN,2025-06-16 22:33:52.425426,,
JBNMAN,All,988,2005-05-03 02:40:00,2008-01-17 01:40:00,377,377,187,190,23,354,258,96,0.504,0.463,0.026,0.805,0.941,0.746,0.855,0.521,0.973,119.255,Scale-up,1.242,0.802,0.759,0.697,0.936,2025-06-16 22:34:11.557540,,
JBNMAN,Last100,0,2008-01-17 00:25:00,2008-01-17 01:40:00, , ,1,1,1,N/A,1,-1,NaN,NaN,NaN,NaN,0,NaN,NaN,NaN,NaN,NaN,Scale-up,NaN,NaN,NaN,NaN,NaN,2025-06-16 22:34:11.559504,,
JBMICROCONT,All,2987,2004-12-02 06:44:00,2013-02-06 06:15:00,313,313,250,63,19,294,288,6,0.14,0.043,0.009,0.198,0.174,0.167,1.138,0.765,0.951,30.303,Catch-up,5.051,0.935,0.972,0.91,0.908,2025-06-16 22:34:29.695162,,
JBMICROCONT,Last100,0,2013-02-06 06:15:00,2013-02-06 06:15:00, , ,1,1,1,N/A,1,0,NaN,NaN,NaN,NaN,0,NaN,NaN,NaN,NaN,NaN,Catch-up,NaN,NaN,NaN,NaN,NaN,2025-06-16 22:34:29.697864,,
JBFORUMS,All,3283,2004-12-10 01:02:00,2013-12-06 13:35:00,218,218,114,104,22,196,149,47,0.047,0.047,0.01,0.158,0.084,0.085,1.881,0.5,0.894,297.468,Catch-up,6.329,0.626,0.634,0.368,0.888,2025-06-16 22:34:47.192694,,
JBFORUMS,Last100,84,2013-09-12 14:44:00,2013-12-06 13:35:00, , ,1,2,1,N/A,1,1,NaN,0.012,NaN,NaN,0,0.012,NaN,NaN,NaN,NaN,Catch-up,NaN,NaN,1.0,NaN,NaN,2025-06-16 22:34:47.195691,,
JBMESSAGING,All,3301,2004-12-04 08:04:00,2013-12-18 16:13:00,1623,1623,830,793,396,1227,1134,93,0.407,0.344,0.245,0.536,0.506,0.51,1.059,0.542,0.674,173.507,Catch-up,1.866,0.91,0.921,0.879,0.923,2025-06-16 22:35:07.883468,,
JBMESSAGING,Last100,97,2013-09-12 16:11:00,2013-12-18 16:13:00, , ,1,2,1,N/A,2,2,NaN,0.013,NaN,0.143,0,0.019,NaN,NaN,NaN,NaN,Catch-up,6.993,NaN,1.0,NaN,1.0,2025-06-16 22:35:07.889964,,
JBMDR,All,2372,2006-03-02 19:52:00,2012-08-29 20:21:00,67,67,55,12,0,67,60,7,0.05,0.006,0,0.054,0.056,0.045,0.964,0.893,1.0,129.63,Scale-up,18.519,0.806,0.95,0,0.817,2025-06-16 22:35:24.668414,,
JBMDR,Last100,0,2012-08-29 20:21:00,2012-08-29 20:21:00, , ,1,1,1,N/A,1,0,NaN,NaN,0,NaN,0,NaN,NaN,NaN,NaN,NaN,Scale-up,NaN,NaN,NaN,0,NaN,2025-06-16 22:35:24.669332,,
JBMAIL,All,711,2005-01-02 04:05:00,2006-12-14 08:26:00,146,146,95,51,72,74,74,0,0.159,0.073,0.077,0.139,0.155,0.131,0.897,0.685,0.668,0.0,Start-up,7.194,0.927,0.925,0.402,0.954,2025-06-16 22:35:43.416408,,
JBMAIL,Last100,76,2006-09-28 21:06:00,2006-12-14 08:26:00, , ,1,3,60,N/A,1,-57,NaN,0.095,NaN,NaN,0,-0.442,NaN,NaN,NaN,NaN,Start-up,NaN,NaN,0.949,NaN,NaN,2025-06-16 22:35:43.418754,,
JBEWS,All,1540,2008-11-07 07:19:00,2013-01-25 16:08:00,312,312,83,229,95,217,217,1,0.064,0.161,0.052,0.16,0.173,0.163,0.925,0.284,0.769,6.25,Start-up,6.25,0.935,0.945,0.755,0.923,2025-06-16 22:36:02.450679,,
JBEWS,Last100,99,2012-10-18 03:37:00,2013-01-25 16:08:00, , ,2,4,52,N/A,6,-51,0.143,0.068,0.262,0.045,-0.05100000000000002,-0.237,-0.882,0.678,-0.242,22.222,Start-up,22.222,1.0,0.831,0.163,0.606,2025-06-16 22:36:06.720175,,
JBKERNEL,All,3060,2005-07-28 00:00:00,2013-12-13 21:25:00,116,116,86,30,1,115,85,30,0.061,0.04,0,0.086,0.101,0.089,0.851,0.604,1.0,348.837,Scale-up,11.628,0.616,0.715,0,0.521,2025-06-16 22:36:25.258419,,
JBKERNEL,Last100,0,2013-12-13 18:04:00,2013-12-13 21:25:00, , ,1,1,1,N/A,1,-1,NaN,NaN,NaN,NaN,0,NaN,NaN,NaN,NaN,NaN,Scale-up,NaN,NaN,NaN,NaN,NaN,2025-06-16 22:36:25.260418,,
JBNATIVE,All,2607,2006-07-14 14:45:00,2013-09-03 07:26:00,34,34,12,22,4,30,21,9,0.005,0.009,0.002,0.012,0.012,0.011,1.0,0.357,0.857,750.0,Catch-up,83.333,0.783,0.762,0.668,0.766,2025-06-16 22:36:42.532016,,
JBNATIVE,Last100,0,2013-09-03 07:26:00,2013-09-03 07:26:00, , ,1,1,1,N/A,1,0,NaN,NaN,NaN,NaN,0,NaN,NaN,NaN,NaN,NaN,Catch-up,NaN,NaN,NaN,NaN,NaN,2025-06-16 22:36:42.534015,,
JBNAME,All,1925,2007-08-20 11:10:00,2012-11-27 07:44:00,56,56,37,19,2,54,40,14,0.051,0.011,0.001,0.03,0.061,0.033,0.492,0.823,0.984,466.667,Scale-up,33.333,0.953,0.935,1.0,0.748,2025-06-16 22:36:59.816007,,
JBNAME,Last100,0,2012-11-27 07:44:00,2012-11-27 07:44:00, , ,1,1,1,N/A,1,0,NaN,NaN,NaN,NaN,0,NaN,NaN,NaN,NaN,NaN,Scale-up,NaN,NaN,NaN,NaN,NaN,2025-06-16 22:36:59.817004,,
JBNADM,All,1939,2006-02-09 04:29:00,2011-06-03 02:54:00,110,110,64,46,14,96,75,21,0.064,0.084,0.008,0.166,0.14,0.096,1.186,0.432,0.946,126.506,Catch-up,6.024,0.642,0.51,0.496,0.84,2025-06-16 22:37:18.709891,,
JBNADM,Last100,62,2011-04-01 23:42:00,2011-06-03 02:54:00, , ,1,1,1,N/A,1,-1,NaN,NaN,NaN,NaN,0,-0.016,NaN,NaN,NaN,NaN,Catch-up,NaN,NaN,NaN,NaN,NaN,2025-06-16 22:37:18.711622,,
JBMAR,All,1905,2008-10-02 23:00:00,2013-12-21 00:01:00,155,155,55,100,14,141,132,9,0.036,0.048,0.007,0.071,0.077,0.069,0.922,0.429,0.917,126.761,Scale-up,14.085,0.786,0.902,0.906,0.867,2025-06-16 22:37:37.238553,,
JBMAR,Last100,84,2013-09-27 13:00:00,2013-12-21 00:01:00, , ,1,3,1,N/A,3,-1,NaN,0.038,NaN,0.023,0,0.028,NaN,NaN,NaN,NaN,Scale-up,43.478,NaN,0.942,NaN,0.992,2025-06-16 22:37:37.241545,,
JBMAN,All,1607,2007-11-08 21:06:00,2012-04-03 19:06:00,95,95,71,24,4,91,86,5,0.116,0.019,0.002,0.157,0.133,0.093,1.18,0.859,0.985,31.847,Catch-up,6.369,0.904,0.465,0.756,0.907,2025-06-16 22:37:56.313062,,
JBMAN,Last100,0,2012-04-03 15:03:00,2012-04-03 19:06:00, , ,1,1,1,N/A,1,-1,NaN,NaN,NaN,NaN,0,NaN,NaN,NaN,NaN,NaN,Catch-up,NaN,NaN,NaN,NaN,NaN,2025-06-16 22:37:56.314281,,
DROOLS,All,2741,2006-07-03 20:53:00,2014-01-04 18:30:00,389,389,98,291,28,361,257,104,0.044,0.344,0.068,0.679,0.32,0.288,2.122,0.113,0.825,153.166,Catch-up,1.473,0.326,0.552,0.93,0.93,2025-06-16 22:38:15.674129,,
DROOLS,Last100,99,2013-09-27 05:44:00,2014-01-04 18:30:00, , ,32,85,13,N/A,125,-22,0.344,0.863,0.204,1.655,1.003,1.055,1.65,0.285,0.831,62.84,Catch-up,0.604,0.98,0.986,0.806,0.925,2025-06-16 22:38:20.104554,,
JBLOGGING,All,2081,2008-04-08 18:23:00,2013-12-20 05:35:00,60,60,33,27,16,44,38,6,0.015,0.016,0.012,0.018,0.019,0.021,0.947,0.484,0.613,333.333,Scale-up,55.556,0.986,0.924,0.758,0.969,2025-06-16 22:38:38.995027,,
JBLOGGING,Last100,70,2013-10-10 22:51:00,2013-12-20 05:35:00, , ,1,1,1,N/A,3,-2,NaN,NaN,NaN,0.75,0,0.015,NaN,NaN,NaN,NaN,Scale-up,1.333,NaN,NaN,NaN,0.75,2025-06-16 22:38:38.997021,,
JBJMX,All,4164,2002-02-12 20:15:00,2013-07-09 19:42:00,90,90,7,83,38,52,48,4,0.003,0.027,0.012,0.071,0.018,0.012,3.944,0.1,0.6,56.338,Catch-up,14.085,0.901,0.65,0.615,0.065,2025-06-16 22:38:58.235559,,
JBJMX,Last100,0,2013-07-08 20:56:00,2013-07-09 19:42:00, , ,1,1,1,N/A,1,-1,NaN,NaN,NaN,NaN,0,NaN,NaN,NaN,NaN,NaN,Catch-up,NaN,NaN,NaN,NaN,NaN,2025-06-16 22:38:58.236561,,
JBJPA,All,1777,2008-11-06 18:19:00,2013-09-19 02:00:00,35,35,17,18,6,29,21,8,0.012,0.008,0.003,0.026,0.017,0.014,1.529,0.6,0.85,307.692,Catch-up,38.462,0.699,0.78,0.846,0.954,2025-06-16 22:39:15.500749,,
JBJPA,Last100,0,2013-09-19 01:20:00,2013-09-19 02:00:00, , ,1,2,1,N/A,1,1,NaN,1.0,NaN,NaN,0,1.0,NaN,NaN,NaN,NaN,Catch-up,NaN,NaN,1.0,NaN,NaN,2025-06-16 22:39:15.502630,,
JBDEPLOY,All,2372,2006-10-17 04:33:00,2013-04-16 03:20:00,252,252,209,43,13,239,227,12,0.2,0.026,0.007,0.216,0.219,0.196,0.986,0.885,0.969,55.556,Scale-up,4.63,0.895,0.832,0.897,0.893,2025-06-16 22:39:33.478406,,
JBDEPLOY,Last100,62,2013-02-12 09:21:00,2013-04-16 03:20:00, , ,1,2,1,N/A,1,1,NaN,0.016,NaN,NaN,0,0.016,NaN,NaN,NaN,NaN,Scale-up,NaN,NaN,1.0,NaN,NaN,2025-06-16 22:39:33.481392,,
JBCACHE,All,3381,2004-05-12 20:58:00,2013-08-15 01:17:00,1405,1405,714,691,251,1154,1045,109,0.453,0.304,0.159,0.569,0.598,0.556,0.952,0.598,0.79,191.564,Scale-up,1.757,0.923,0.916,0.931,0.888,2025-06-16 22:39:52.549264,,
JBCACHE,Last100,0,2013-08-15 01:17:00,2013-08-15 01:17:00, , ,1,1,1,N/A,1,0,NaN,NaN,NaN,NaN,0,NaN,NaN,NaN,NaN,NaN,Scale-up,NaN,NaN,NaN,NaN,NaN,2025-06-16 22:39:52.552042,,
JBBENCH,All,2536,2004-12-04 21:11:00,2011-11-15 16:34:00,109,109,82,27,12,97,90,7,0.119,0.025,0.004,0.085,0.14,0.064,0.607,0.826,0.972,82.353,Scale-up,11.765,0.699,0.645,0.65,0.576,2025-06-16 22:40:10.552624,,
JBBENCH,Last100,0,2011-11-15 16:34:00,2011-11-15 16:34:00, , ,1,1,1,N/A,1,0,NaN,NaN,NaN,NaN,0,NaN,NaN,NaN,NaN,NaN,Scale-up,NaN,NaN,NaN,NaN,NaN,2025-06-16 22:40:10.553621,,
JBAS,All,4627,2001-04-06 15:49:00,2013-12-07 05:03:00,7036,7036,2734,4302,2545,4491,4214,277,1.01,1.327,0.737,1.654,1.6,1.656,1.034,0.432,0.685,167.473,Catch-up,0.605,0.955,0.991,0.92,0.988,2025-06-16 22:40:33.860713,,
JBAS,Last100,91,2013-09-06 21:25:00,2013-12-07 05:03:00, , ,2,3,1,N/A,1,3,0.015,0.029,NaN,NaN,0.044,0.039,NaN,NaN,NaN,NaN,Catch-up,NaN,1.0,0.993,NaN,NaN,2025-06-16 22:40:33.873679,,
JBAOP,All,3625,2003-07-15 06:04:00,2013-06-17 20:06:00,708,708,347,361,60,648,537,111,0.164,0.167,0.036,0.269,0.295,0.297,0.912,0.495,0.891,412.639,Scale-up,3.717,0.975,0.962,0.979,0.954,2025-06-16 22:40:52.478101,,
JBAOP,Last100,0,2013-06-17 20:06:00,2013-06-17 20:06:00, , ,1,1,1,N/A,1,0,NaN,NaN,NaN,NaN,0,NaN,NaN,NaN,NaN,NaN,Scale-up,NaN,NaN,NaN,NaN,NaN,2025-06-16 22:40:52.481093,,
JBCL,All,2155,2007-07-03 02:05:00,2013-05-27 20:26:00,164,164,126,38,10,154,145,9,0.098,0.028,0.007,0.122,0.119,0.113,1.025,0.778,0.944,73.77,Catch-up,8.197,0.839,0.83,0.908,0.863,2025-06-16 22:41:10.065840,,
JBCL,Last100,0,2013-05-27 20:26:00,2013-05-27 20:26:00, , ,1,1,1,N/A,1,0,NaN,NaN,NaN,NaN,0,NaN,NaN,NaN,NaN,NaN,Catch-up,NaN,NaN,NaN,NaN,NaN,2025-06-16 22:41:10.067842,,
FMC,All,565,2011-04-06 19:26:00,2012-10-23 02:36:00,111,111,84,27,10,101,75,26,0.17,0.612,0.018,0.177,0.764,0.204,0.232,0.217,0.977,146.893,Scale-up,5.65,0.781,0.695,0.751,0.603,2025-06-16 22:41:27.579781,,
FMC,Last100,95,2012-07-19 08:55:00,2012-10-23 02:36:00, , ,1,1,1,N/A,3,-3,NaN,NaN,NaN,0.043,0,NaN,NaN,NaN,NaN,NaN,Scale-up,23.256,NaN,NaN,NaN,0.86,2025-06-16 22:41:27.581648,,
ISPN,All,1753,2009-03-03 23:56:00,2013-12-21 01:28:00,3744,3744,1785,1959,495,3249,2631,618,1.052,1.302,0.333,1.651,2.021,2.014,0.817,0.447,0.859,374.319,Scale-up,0.606,0.983,0.969,0.949,0.984,2025-06-16 22:41:49.406676,,
ISPN,Last100,100,2013-09-11 03:22:00,2013-12-21 01:28:00, , ,148,228,59,N/A,250,66,1.375,2.041,0.519,2.156,2.897,2.89,0.744,0.403,0.848,286.642,Scale-up,0.464,0.995,0.989,0.921,0.982,2025-06-16 22:41:54.028832,,
JBEAP,All,286,2013-03-08 16:41:00,2013-12-20 03:05:00,37,37,11,26,14,23,8,15,0.034,0.091,0.048,0.027,0.077,0.075,0.351,0.272,0.616,555.556,Scale-up,37.037,0.935,0.978,0.963,0.937,2025-06-16 22:42:12.906961,,
JBEAP,Last100,89,2013-09-21 03:37:00,2013-12-20 03:05:00, , ,4,6,5,N/A,3,3,0.031,0.065,0.081,0.075,0.015,0.012,5.0,0.323,0.156,200.0,Catch-up,13.333,0.955,0.791,0.949,0.898,2025-06-16 22:42:17.045014,,
HORNETQ,All,3037,2005-08-26 07:08:00,2013-12-20 04:16:00,1196,1196,521,675,270,926,639,287,0.245,0.417,0.157,0.364,0.505,0.494,0.721,0.37,0.763,788.462,Scale-up,2.747,0.948,0.986,0.989,0.972,2025-06-16 22:42:36.981179,,
HORNETQ,Last100,96,2013-09-14 05:50:00,2013-12-20 04:16:00, , ,18,24,21,N/A,29,-9,0.185,0.255,0.259,0.283,0.181,0.139,1.564,0.42,0.411,1014.134,Catch-up,3.534,0.978,0.933,0.436,0.974,2025-06-16 22:42:41.403122,,
ECLIPSE,All,1081,2011-01-06 05:16:00,2013-12-23 05:08:00,799,799,411,388,67,732,597,135,0.469,0.34,0.055,0.57,0.754,0.688,0.756,0.58,0.932,236.842,Scale-up,1.754,0.928,0.972,0.958,0.934,2025-06-16 22:43:01.302809,,
ECLIPSE,Last100,97,2013-09-17 01:13:00,2013-12-23 05:08:00, , ,9,45,19,N/A,41,-5,0.131,0.456,0.154,0.425,0.43299999999999994,0.422,0.982,0.223,0.738,317.647,Scale-up,2.353,0.877,0.937,0.939,0.977,2025-06-16 22:43:05.717188,,
JBDOCS,All,4388,2001-06-28 18:57:00,2013-07-04 16:13:00,200,200,92,108,44,156,116,40,0.037,0.032,0.015,0.064,0.054,0.049,1.185,0.536,0.783,625.0,Catch-up,15.625,0.719,0.783,0.738,0.389,2025-06-16 22:43:23.797670,,
JBDOCS,Last100,98,2013-03-27 22:56:00,2013-07-04 16:13:00, , ,1,1,2,N/A,1,-1,NaN,NaN,0.01,NaN,0,-0.01,NaN,NaN,NaN,NaN,Catch-up,NaN,NaN,NaN,1.0,NaN,2025-06-16 22:43:23.799610,,
CDITCK,All,1981,2008-07-16 04:27:00,2013-12-18 19:42:00,355,355,165,190,42,313,294,19,0.079,0.114,0.023,0.16,0.17,0.165,0.941,0.409,0.881,118.75,Scale-up,6.25,0.954,0.858,0.927,0.974,2025-06-16 22:43:42.867048,,
CDITCK,Last100,98,2013-09-11 15:24:00,2013-12-18 19:42:00, , ,10,4,2,N/A,19,-8,0.098,0.042,0.022,0.167,0.11800000000000002,0.104,1.415,0.7,0.843,113.772,Catch-up,5.988,0.851,0.786,1.0,0.914,2025-06-16 22:43:47.138714,,
JBCLUSTER,All,3050,2005-03-25 04:49:00,2013-07-31 22:25:00,218,218,148,70,51,167,133,34,0.052,0.022,0.017,0.058,0.057,0.053,1.018,0.703,0.77,586.207,Catch-up,17.241,0.946,0.962,0.936,0.962,2025-06-16 22:44:06.504819,,
JBCLUSTER,Last100,92,2013-04-30 17:25:00,2013-07-31 22:25:00, , ,1,1,2,N/A,1,-1,NaN,NaN,NaN,NaN,0,-0.011,NaN,NaN,NaN,NaN,Catch-up,NaN,NaN,NaN,NaN,NaN,2025-06-16 22:44:06.506958,,
JBBUILD,All,4087,2002-08-16 23:09:00,2013-10-25 03:12:00,529,529,437,92,118,411,400,11,0.159,0.031,0.044,0.151,0.146,0.141,1.034,0.837,0.768,72.848,Catch-up,6.623,0.971,0.982,0.976,0.99,2025-06-16 22:44:26.181293,,
JBBUILD,Last100,20,2013-10-04 14:30:00,2013-10-25 03:12:00, , ,1,1,1,N/A,1,0,NaN,NaN,NaN,NaN,0,0.015,NaN,NaN,NaN,NaN,Catch-up,NaN,NaN,NaN,NaN,NaN,2025-06-16 22:44:26.184291,,
JBCOMMON,All,3246,2004-12-25 10:00:00,2013-11-15 01:22:00,121,121,70,51,9,112,92,20,0.035,0.021,0.002,0.043,0.054,0.049,0.796,0.625,0.964,465.116,Scale-up,23.256,0.901,0.912,0.934,0.896,2025-06-16 22:44:45.307944,,
JBCOMMON,Last100,9,2013-11-05 23:16:00,2013-11-15 01:22:00, , ,1,1,2,N/A,1,-1,NaN,NaN,0.125,NaN,0,-0.012,NaN,NaN,NaN,NaN,Scale-up,NaN,NaN,NaN,1.0,NaN,2025-06-16 22:44:45.309943,,
EMBJOPR,All,1829,2007-07-19 04:23:00,2012-07-21 06:07:00,292,292,67,225,41,251,138,113,0.068,0.194,0.027,0.095,0.235,0.207,0.404,0.26,0.897,1189.474,Scale-up,10.526,0.862,0.866,0.916,0.814,2025-06-16 22:45:04.287624,,
EMBJOPR,Last100,70,2012-05-11 06:47:00,2012-07-21 06:07:00, , ,1,7,4,N/A,9,-7,NaN,0.076,0.087,0.109,-0.010999999999999996,0.039,NaN,NaN,NaN,NaN,Scale-up,9.174,NaN,0.633,0.919,0.803,2025-06-16 22:45:04.290620,,
DTGOV,All,626,2012-04-02 22:20:00,2013-12-19 23:24:00,88,88,56,32,1,87,60,27,0.12,0.198,0,0.287,0.318,0.204,0.903,0.377,1.0,94.077,Scale-up,3.484,0.754,0.841,0,0.926,2025-06-16 22:45:22.747007,,
DTGOV,Last100,99,2013-09-11 20:37:00,2013-12-19 23:24:00, , ,10,11,1,N/A,28,-6,0.132,0.111,NaN,0.283,0.243,0.241,NaN,NaN,NaN,NaN,Scale-up,3.534,0.974,0.827,NaN,0.936,2025-06-16 22:45:22.750003,,
CIRRAS,All,340,2009-11-13 16:29:00,2010-10-19 20:18:00,49,49,38,11,5,44,31,13,0.115,0.027,0.015,0.085,0.127,0.12,0.669,0.81,0.894,152.941,Scale-up,11.765,0.889,0.852,0.798,0.895,2025-06-16 22:45:40.943038,,
CIRRAS,Last100,99,2010-07-12 11:58:00,2010-10-19 20:18:00, , ,3,2,1,N/A,3,1,0.017,0.012,NaN,0.02,0.029,0.03,NaN,NaN,NaN,NaN,Scale-up,50.0,0.813,1.0,NaN,0.75,2025-06-16 22:45:40.945480,,
JBBOOT,All,1239,2008-11-12 03:11:00,2012-04-04 21:36:00,135,135,110,25,7,128,117,12,0.165,0.028,0.005,0.16,0.188,0.166,0.851,0.855,0.974,75.0,Scale-up,6.25,0.659,0.64,0.564,0.624,2025-06-16 22:45:58.716856,,
JBBOOT,Last100,0,2012-04-04 21:36:00,2012-04-04 21:36:00, , ,1,1,1,N/A,1,0,NaN,NaN,NaN,NaN,0,NaN,NaN,NaN,NaN,NaN,Scale-up,NaN,NaN,NaN,NaN,NaN,2025-06-16 22:45:58.718221,,
JBBLOG,All,2561,2006-08-04 04:05:00,2013-08-08 17:45:00,79,79,67,12,12,67,50,18,0.036,0.014,0.026,0.054,0.024,0.035,2.25,0.72,0.48,333.333,Catch-up,18.519,0.572,0.934,0.231,0.905,2025-06-16 22:46:15.842696,,
JBBLOG,Last100,0,2013-08-08 17:45:00,2013-08-08 17:45:00, , ,1,1,1,N/A,1,0,NaN,NaN,NaN,NaN,0,NaN,NaN,NaN,NaN,NaN,Catch-up,NaN,NaN,NaN,NaN,NaN,2025-06-16 22:46:15.843692,,
JBASPECT,All,1750,2008-04-11 19:09:00,2013-01-25 23:35:00,38,38,27,11,2,36,32,4,0.025,0.004,0.001,0.03,0.028,0.018,1.071,0.862,0.966,133.333,Catch-up,33.333,0.621,0.669,1.0,0.693,2025-06-16 22:46:36.421899,,
JBASPECT,Last100,0,2013-01-25 23:35:00,2013-01-25 23:35:00, , ,1,1,1,N/A,1,0,NaN,NaN,NaN,NaN,0,NaN,NaN,NaN,NaN,NaN,Catch-up,NaN,NaN,NaN,NaN,NaN,2025-06-16 22:46:36.424895,,
JBASMP,All,1986,2008-07-04 11:49:00,2013-12-12 11:43:00,58,58,36,22,14,44,31,13,0.012,0.035,0.027,0.011,0.02,0.013,0.55,0.255,0.426,1181.818,Scale-up,90.909,0.854,0.951,0.816,0.851,2025-06-16 22:46:58.340079,,
JBASMP,Last100,70,2013-10-03 06:43:00,2013-12-12 11:43:00, , ,3,7,1,N/A,4,4,0.065,0.089,NaN,2.0,0.154,0.126,NaN,NaN,NaN,NaN,Scale-up,0.5,0.937,0.853,NaN,0.8,2025-06-16 22:46:58.346062,,
JBASM,All,2720,2005-12-09 10:46:00,2013-05-21 20:11:00,41,41,32,9,1,40,29,11,0.014,0.005,0,0.044,0.019,0.017,2.316,0.737,1.0,250.0,Catch-up,22.727,0.707,0.502,0,0.758,2025-06-16 22:47:15.289891,,
JBASM,Last100,62,2013-03-20 01:42:00,2013-05-21 20:11:00, , ,2,1,1,N/A,1,1,0.016,NaN,NaN,NaN,0,0.016,NaN,NaN,NaN,NaN,Catch-up,NaN,1.0,NaN,NaN,NaN,2025-06-16 22:47:15.291754,,
ESB,All,2344,2007-07-17 23:22:00,2013-12-17 21:09:00,1514,1514,604,910,177,1337,1127,210,0.376,0.527,0.103,0.651,0.8,0.777,0.814,0.416,0.886,322.581,Scale-up,1.536,0.949,0.977,0.946,0.98,2025-06-16 22:47:34.927821,,
ESB,Last100,36,2013-11-11 17:28:00,2013-12-17 21:09:00, , ,1,1,1,N/A,2,0,NaN,NaN,NaN,NaN,0,NaN,NaN,NaN,NaN,NaN,Scale-up,NaN,NaN,NaN,NaN,NaN,2025-06-16 22:47:34.930817,,
ENTMQ,All,1065,2011-02-02 04:04:00,2014-01-03 01:20:00,446,446,146,300,27,419,316,103,0.199,0.45,0.057,0.474,0.592,0.602,0.801,0.307,0.912,217.3,Scale-up,2.11,0.941,0.955,0.983,0.961,2025-06-16 22:47:54.705516,,
ENTMQ,Last100,96,2013-09-28 04:11:00,2014-01-03 01:20:00, , ,19,69,8,N/A,61,18,0.172,0.819,0.105,0.689,0.8859999999999999,0.87,0.778,0.174,0.894,149.492,Scale-up,1.451,0.859,0.988,0.951,0.983,2025-06-16 22:47:59.102190,,
ARQ,All,1614,2009-08-06 20:08:00,2014-01-06 20:53:00,1548,1548,1063,485,131,1417,1022,395,0.732,0.344,0.101,0.7,0.975,0.98,0.718,0.68,0.906,564.286,Scale-up,1.429,0.984,0.993,0.984,0.989,2025-06-16 22:48:19.611772,,
ARQ,Last100,100,2013-09-28 20:15:00,2014-01-06 20:53:00, , ,65,42,5,N/A,86,15,0.69,0.438,0.084,0.899,1.0439999999999998,1.064,0.861,0.612,0.926,439.377,Scale-up,1.112,0.978,0.973,0.908,0.969,2025-06-16 22:48:23.965131,,
AGJS,All,499,2012-08-22 21:45:00,2014-01-04 01:16:00,100,100,83,17,10,90,64,26,0.25,0.035,0.046,0.283,0.239,0.249,1.184,0.877,0.839,91.873,Catch-up,3.534,0.954,0.821,0.845,0.988,2025-06-16 22:48:42.726599,,
AGJS,Last100,98,2013-09-27 22:27:00,2014-01-04 01:16:00, , ,26,4,7,N/A,30,-6,0.267,0.042,0.076,0.344,0.23299999999999998,0.264,1.476,0.864,0.754,75.581,Catch-up,2.907,0.953,0.877,0.885,0.972,2025-06-16 22:48:47.131000,,
HAL,All,885,2011-07-18 18:15:00,2013-12-20 11:12:00,221,221,83,138,20,201,135,66,0.096,0.341,0.132,1.067,0.305,0.289,3.498,0.22,0.698,61.856,Catch-up,0.937,0.67,0.448,0.934,0.917,2025-06-16 22:49:06.101638,,
HAL,Last100,99,2013-09-11 16:54:00,2013-12-20 11:12:00, , ,33,90,16,N/A,94,12,0.379,0.855,0.13,0.88,1.104,1.052,0.797,0.307,0.895,75.0,Scale-up,1.136,0.964,0.853,0.882,0.83,2025-06-16 22:49:10.675150,,
HRCPP,All,74,2013-10-08 14:37:00,2013-12-22 06:00:00,86,86,45,41,5,81,75,6,0.637,0.673,0.09,1.227,1.22,1.215,1.006,0.486,0.931,4.89,Plan-up,0.815,0.93,0.929,0.884,0.961,2025-06-16 22:49:29.499037,,
HRCPP,Last100,74,2013-10-08 14:37:00,2013-12-22 06:00:00, , ,45,41,5,N/A,75,5,0.638,0.671,0.09,1.228,1.219,1.21,1.007,0.487,0.931,4.886,Plan-up,0.814,0.931,0.927,0.892,0.958,2025-06-16 22:49:33.834178,,
HQ,All,1786,2007-12-04 02:23:00,2012-10-24 02:32:00,51,51,25,26,11,40,40,0,0.047,0.049,0.005,0.027,0.091,0.031,0.297,0.49,0.948,0.0,Start-up,37.037,0.909,0.891,0.707,0.667,2025-06-16 22:49:51.476207,,
HQ,Last100,0,2012-10-24 02:29:00,2012-10-24 02:32:00, , ,1,1,2,N/A,1,-2,NaN,NaN,NaN,NaN,0,NaN,NaN,NaN,NaN,NaN,Start-up,NaN,NaN,NaN,NaN,NaN,2025-06-16 22:49:51.478426,,
GTNPC,All,1447,2009-08-26 05:08:00,2013-08-12 21:35:00,106,106,69,37,14,92,86,6,0.051,0.024,0.007,0.061,0.068,0.067,0.897,0.68,0.907,98.361,Scale-up,16.393,0.953,0.969,0.839,0.969,2025-06-16 22:50:11.037756,,
GTNPC,Last100,89,2013-05-14 23:46:00,2013-08-12 21:35:00, , ,3,1,1,N/A,3,0,0.023,NaN,NaN,0.031,0,0.036,NaN,NaN,NaN,NaN,Scale-up,32.258,0.956,NaN,NaN,1.0,2025-06-16 22:50:11.040752,,
GRAVEL,All,800,2007-06-08 23:19:00,2009-08-17 20:54:00,35,35,20,15,2,33,12,21,0.035,0.016,0.026,0.098,0.025,0.041,3.92,0.686,0.49,214.286,Catch-up,10.204,0.661,0.619,1.0,0.855,2025-06-16 22:50:28.371236,,
GRAVEL,Last100,0,2009-08-17 20:54:00,2009-08-17 20:54:00, , ,1,1,1,N/A,1,0,NaN,NaN,NaN,NaN,0,NaN,NaN,NaN,NaN,NaN,Catch-up,NaN,NaN,NaN,NaN,NaN,2025-06-16 22:50:28.372232,,
ERRAI,All,1546,2009-10-01 00:18:00,2013-12-25 05:33:00,672,672,345,327,97,575,489,86,0.215,0.245,0.065,0.341,0.395,0.396,0.863,0.467,0.859,252.199,Scale-up,2.933,0.926,0.886,0.963,0.91,2025-06-16 22:50:48.106720,,
ERRAI,Last100,99,2013-09-16 21:14:00,2013-12-25 05:33:00, , ,20,23,13,N/A,46,-15,0.177,0.331,0.227,0.63,0.281,0.276,2.242,0.348,0.553,136.508,Catch-up,1.587,0.943,0.897,0.814,0.982,2025-06-16 22:50:52.448308,,
ENVERS,All,575,2008-05-27 02:23:00,2009-12-24 00:13:00,77,77,53,24,28,49,43,6,0.298,0.041,0.086,0.121,0.253,0.098,0.478,0.879,0.746,49.587,Scale-up,8.264,0.978,0.945,0.275,0.663,2025-06-16 22:51:09.763552,,
ENVERS,Last100,0,2009-12-24 00:13:00,2009-12-24 00:13:00, , ,1,1,1,N/A,1,0,NaN,NaN,NaN,NaN,0,NaN,NaN,NaN,NaN,NaN,Scale-up,NaN,NaN,NaN,NaN,NaN,2025-06-16 22:51:09.764554,,
CAPEDWARF,All,714,2012-01-11 05:31:00,2013-12-25 21:27:00,201,201,144,57,8,193,167,26,0.211,0.091,0.011,0.281,0.291,0.294,0.966,0.699,0.964,92.527,Scale-up,3.559,0.94,0.717,0.934,0.864,2025-06-16 22:51:28.863915,,
CAPEDWARF,Last100,98,2013-09-18 19:19:00,2013-12-25 21:27:00, , ,16,4,2,N/A,21,-2,0.132,0.077,0.045,0.146,0.16400000000000003,0.163,0.89,0.632,0.785,178.082,Scale-up,6.849,0.893,0.892,1.0,0.721,2025-06-16 22:51:33.152879,,
JASSIST,All,2092,2008-03-11 02:55:00,2013-12-02 19:04:00,165,165,40,125,21,144,110,34,0.02,0.056,0.008,0.05,0.068,0.067,0.735,0.263,0.895,680.0,Scale-up,20.0,0.961,0.992,0.929,0.99,2025-06-16 22:51:52.142386,,
JASSIST,Last100,98,2013-08-26 01:55:00,2013-12-02 19:04:00, , ,1,8,1,N/A,5,3,NaN,0.102,NaN,0.028,0,0.101,NaN,NaN,NaN,NaN,Scale-up,35.714,NaN,0.951,NaN,0.593,2025-06-16 22:51:52.145379,,
BRMS,All,998,2008-12-05 22:53:00,2011-08-31 18:34:00,554,554,142,412,189,365,365,1,0.16,0.392,0.154,0.317,0.398,0.448,0.796,0.29,0.721,3.155,Start-up,3.155,0.982,0.973,0.491,0.967,2025-06-16 22:52:12.091992,,
BRMS,Last100,99,2011-05-24 13:46:00,2011-08-31 18:34:00, , ,5,34,145,N/A,103,-208,0.07,0.699,1.248,1.002,-0.4790000000000001,-0.785,-2.092,0.091,-0.623,0.998,Start-up,0.998,0.821,0.897,0.223,0.18,2025-06-16 22:52:16.620715,,
GTNWSRP,All,2820,2006-02-28 20:59:00,2013-11-19 16:52:00,326,326,132,194,40,286,270,16,0.064,0.151,0.033,0.216,0.182,0.171,1.187,0.298,0.847,74.074,Catch-up,4.63,0.82,0.896,0.945,0.905,2025-06-16 22:52:35.924904,,
GTNWSRP,Last100,87,2013-08-24 01:09:00,2013-11-19 16:52:00, , ,1,1,1,N/A,1,-1,NaN,NaN,NaN,NaN,0,-0.011,NaN,NaN,NaN,NaN,Catch-up,NaN,NaN,NaN,NaN,NaN,2025-06-16 22:52:35.927016,,
AGSEC,All,471,2012-09-22 02:12:00,2014-01-06 22:00:00,114,114,104,10,14,100,64,36,0.313,0.025,0.069,0.222,0.269,0.294,0.825,0.926,0.796,162.162,Scale-up,4.505,0.894,0.869,0.949,0.874,2025-06-16 22:52:54.683067,,
AGSEC,Last100,97,2013-10-01 02:37:00,2014-01-06 22:00:00, , ,12,3,1,N/A,16,0,0.122,0.062,NaN,0.177,0.184,0.165,NaN,NaN,NaN,NaN,Scale-up,5.65,0.918,0.75,NaN,0.849,2025-06-16 22:52:54.686057,,
HIBERNATE,All,3300,2004-08-16 21:18:00,2013-08-29 22:23:00,123,123,39,84,26,97,20,77,0.015,0.028,0.008,0.007,0.035,0.034,0.2,0.349,0.814,11000.0,Scale-up,142.857,0.902,0.907,0.934,0.738,2025-06-16 22:53:13.912721,,
HIBERNATE,Last100,0,2013-08-29 22:15:00,2013-08-29 22:23:00, , ,1,1,1,N/A,1,-1,NaN,NaN,NaN,NaN,0,NaN,NaN,NaN,NaN,NaN,Scale-up,NaN,NaN,NaN,NaN,NaN,2025-06-16 22:53:13.913924,,
AGDROID,All,413,2012-11-14 23:04:00,2014-01-02 20:40:00,132,132,111,21,16,116,80,36,0.386,0.077,0.06,0.378,0.403,0.406,0.938,0.834,0.87,95.238,Scale-up,2.646,0.938,0.985,0.979,0.963,2025-06-16 22:53:33.090820,,
AGDROID,Last100,99,2013-09-25 19:02:00,2014-01-02 20:40:00, , ,27,9,5,N/A,20,10,0.322,0.076,0.05,0.222,0.34800000000000003,0.35,0.638,0.809,0.874,162.162,Scale-up,4.505,0.935,0.972,0.941,0.898,2025-06-16 22:53:37.523507,,
GTNWCI,All,1427,2009-08-25 20:49:00,2013-07-22 20:49:00,49,49,36,13,12,37,34,3,0.021,0.008,0.007,0.021,0.022,0.02,0.955,0.724,0.759,142.857,Scale-up,47.619,0.978,0.983,0.423,0.963,2025-06-16 22:53:56.023046,,
GTNWCI,Last100,96,2013-04-16 22:58:00,2013-07-22 20:49:00, , ,3,1,1,N/A,1,2,0.02,NaN,NaN,NaN,0,0.026,NaN,NaN,NaN,NaN,Scale-up,NaN,0.967,NaN,NaN,NaN,2025-06-16 22:53:56.024748,,
GADGETS,All,524,2012-06-15 19:09:00,2013-11-21 19:45:00,72,72,56,16,3,69,54,15,0.104,0.034,0.013,0.119,0.125,0.128,0.952,0.754,0.906,126.05,Scale-up,8.403,0.93,0.844,0.75,0.943,2025-06-16 22:54:14.632528,,
GADGETS,Last100,65,2013-09-16 22:48:00,2013-11-21 19:45:00, , ,4,2,1,N/A,3,2,0.035,0.083,NaN,0.071,0.11800000000000001,0.064,NaN,NaN,NaN,NaN,Scale-up,14.085,0.881,1.0,NaN,0.998,2025-06-16 22:54:14.635523,,
FUSEFORGE,All,1869,2008-09-19 00:08:00,2013-11-01 16:20:00,139,139,106,33,6,133,64,69,0.187,0.052,0.002,0.111,0.237,0.118,0.468,0.782,0.992,621.622,Scale-up,9.009,0.459,0.473,0.592,0.288,2025-06-16 22:54:32.813100,,
FUSEFORGE,Last100,0,2013-11-01 16:20:00,2013-11-01 16:20:00, , ,1,1,1,N/A,1,0,NaN,NaN,NaN,NaN,0,NaN,NaN,NaN,NaN,NaN,Scale-up,NaN,NaN,NaN,NaN,NaN,2025-06-16 22:54:32.815099,,
GTNMGMT,All,932,2011-03-01 00:22:00,2013-09-18 15:50:00,59,59,18,41,10,49,40,9,0.024,0.05,0.009,0.042,0.065,0.059,0.646,0.324,0.878,214.286,Scale-up,23.81,0.985,0.756,0.964,0.899,2025-06-16 22:54:51.571520,,
GTNMGMT,Last100,82,2013-06-27 22:45:00,2013-09-18 15:50:00, , ,1,2,1,N/A,1,-1,NaN,0.012,NaN,NaN,0,0.006,NaN,NaN,NaN,NaN,Scale-up,NaN,NaN,1.0,NaN,NaN,2025-06-16 22:54:51.573524,,
FORGEPLUGINS,All,1090,2010-12-24 00:49:00,2013-12-18 03:37:00,156,156,107,49,6,150,60,90,0.106,0.056,0.006,0.085,0.156,0.154,0.545,0.654,0.963,1058.824,Scale-up,11.765,0.971,0.955,0.766,0.959,2025-06-16 22:55:10.391581,,
FORGEPLUGINS,Last100,89,2013-09-19 21:24:00,2013-12-18 03:37:00, , ,14,9,3,N/A,11,8,0.141,0.093,0.25,0.116,-0.016000000000000014,0.192,-7.25,0.603,-0.068,775.862,Scale-up,8.621,0.928,0.963,0.75,0.93,2025-06-16 22:55:14.635072,,
EMB,All,1674,2007-07-11 22:07:00,2012-02-10 09:46:00,92,92,69,23,19,73,65,8,0.076,0.016,0.03,0.088,0.062,0.064,1.419,0.826,0.674,90.909,Catch-up,11.364,0.737,0.886,0.543,0.702,2025-06-16 22:55:32.007527,,
EMB,Last100,0,2012-02-10 09:46:00,2012-02-10 09:46:00, , ,1,1,1,N/A,1,0,NaN,NaN,NaN,NaN,0,NaN,NaN,NaN,NaN,NaN,Catch-up,NaN,NaN,NaN,NaN,NaN,2025-06-16 22:55:32.008524,,
DESIGN,All,2411,2007-05-18 22:22:00,2013-12-23 23:19:00,340,340,327,13,14,326,241,85,0.162,0.007,0.013,0.143,0.156,0.16,0.917,0.959,0.923,594.406,Scale-up,6.993,0.978,0.875,0.908,0.951,2025-06-16 22:55:49.461858,,
DESIGN,Last100,89,2013-09-25 22:45:00,2013-12-23 23:19:00, , ,13,2,1,N/A,1,14,0.145,0.027,NaN,NaN,0.172,0.17,NaN,NaN,NaN,NaN,Scale-up,NaN,0.951,1.0,NaN,NaN,2025-06-16 22:55:49.464435,,
EJBCLIENT,All,814,2011-09-28 23:20:00,2013-12-21 00:24:00,91,91,41,50,5,86,66,21,0.047,0.062,0.007,0.081,0.102,0.1,0.794,0.431,0.936,259.259,Scale-up,12.346,0.943,0.972,0.907,0.964,2025-06-16 22:56:08.126600,,
EJBCLIENT,Last100,99,2013-09-12 13:38:00,2013-12-21 00:24:00, , ,2,7,1,N/A,5,2,0.01,0.137,NaN,0.049,0.14700000000000002,0.076,NaN,NaN,NaN,NaN,Scale-up,20.408,1.0,0.785,NaN,0.651,2025-06-16 22:56:08.129599,,
EJBBOOK,All,1117,2009-03-27 02:38:00,2012-04-18 01:34:00,44,44,40,4,3,41,28,13,0.045,0.017,0.005,0.033,0.057,0.047,0.579,0.726,0.919,393.939,Scale-up,30.303,0.89,0.607,0.784,0.75,2025-06-16 22:56:25.379266,,
EJBBOOK,Last100,0,2012-04-18 01:34:00,2012-04-18 01:34:00, , ,1,1,1,N/A,1,0,NaN,NaN,NaN,NaN,0,NaN,NaN,NaN,NaN,NaN,Scale-up,NaN,NaN,NaN,NaN,NaN,2025-06-16 22:56:25.381513,,
EDG,All,360,2010-10-18 21:47:00,2011-10-13 21:59:00,113,113,30,83,26,87,87,0,0.136,0.216,0.052,0.221,0.3,0.252,0.737,0.386,0.852,0.0,Start-up,4.525,0.885,0.956,0.771,0.974,2025-06-16 22:56:44.211722,,
EDG,Last100,97,2011-07-08 13:01:00,2011-10-13 21:59:00, , ,16,18,17,N/A,32,-14,0.17,0.143,0.128,0.399,0.185,0.193,2.157,0.543,0.591,0.0,Plan-up,2.506,0.943,0.905,0.368,0.958,2025-06-16 22:56:48.597598,,
CDI,All,1498,2009-11-28 12:34:00,2014-01-05 04:16:00,407,407,153,254,70,337,208,129,0.144,0.219,0.068,0.237,0.295,0.263,0.803,0.397,0.813,544.304,Scale-up,4.219,0.861,0.962,0.94,0.797,2025-06-16 22:57:07.499495,,
CDI,Last100,80,2013-10-16 20:38:00,2014-01-05 04:16:00, , ,1,8,3,N/A,1,5,NaN,0.097,0.136,NaN,-0.03900000000000001,0.062,NaN,NaN,NaN,NaN,Scale-up,NaN,NaN,0.908,0.75,NaN,2025-06-16 22:57:07.502493,,
BYTEMAN,All,1633,2009-07-08 18:28:00,2013-12-28 01:23:00,258,258,112,146,14,244,223,21,0.063,0.09,0.009,0.131,0.144,0.142,0.91,0.412,0.941,160.305,Scale-up,7.634,0.963,0.941,0.957,0.933,2025-06-16 22:57:26.393629,,
BYTEMAN,Last100,85,2013-10-03 16:44:00,2013-12-28 01:23:00, , ,4,5,1,N/A,8,-1,0.038,0.048,NaN,0.481,0.086,0.076,NaN,NaN,NaN,NaN,Scale-up,2.079,0.898,0.882,NaN,0.859,2025-06-16 22:57:26.396839,,
BUILDTRK,All,307,2013-01-30 21:42:00,2013-12-04 20:21:00,52,52,51,1,0,52,30,22,0.119,0,0,0.072,0.119,0.121,0.605,1.0,1.0,305.556,Scale-up,13.889,0.822,0,0,0.804,2025-06-16 22:57:44.277224,,
BUILDTRK,Last100,89,2013-09-05 22:56:00,2013-12-04 20:21:00, , ,35,1,1,N/A,21,14,0.367,NaN,0,0.255,0.367,0.378,NaN,NaN,NaN,NaN,Scale-up,3.922,0.969,NaN,0,0.927,2025-06-16 22:57:44.280225,,
ASPATCH,All,2165,2006-08-31 09:47:00,2012-08-04 13:13:00,266,266,109,157,59,207,204,3,0.104,0.091,0.043,0.135,0.152,0.151,0.888,0.533,0.779,22.222,Start-up,7.407,0.649,0.57,0.912,0.686,2025-06-16 22:58:02.641463,,
ASPATCH,Last100,0,2012-08-04 13:13:00,2012-08-04 13:13:00, , ,1,1,1,N/A,1,0,NaN,NaN,NaN,NaN,0,NaN,NaN,NaN,NaN,NaN,Start-up,NaN,NaN,NaN,NaN,NaN,2025-06-16 22:58:02.643458,,
BPEL,All,3109,2004-12-01 19:21:00,2013-06-07 17:15:00,183,183,117,66,9,174,140,34,0.088,0.033,0.004,0.146,0.117,0.106,1.248,0.727,0.967,232.877,Catch-up,6.849,0.888,0.711,0.794,0.964,2025-06-16 22:58:20.198775,,
BPEL,Last100,0,2013-06-07 17:15:00,2013-06-07 17:15:00, , ,1,1,1,N/A,1,0,NaN,NaN,NaN,NaN,0,NaN,NaN,NaN,NaN,NaN,Catch-up,NaN,NaN,NaN,NaN,NaN,2025-06-16 22:58:20.199947,,
AGPUSH,All,268,2013-04-12 21:00:00,2014-01-06 18:59:00,344,344,279,65,36,308,221,87,1.303,0.404,0.263,1.13,1.444,1.462,0.783,0.763,0.846,76.991,Scale-up,0.885,0.967,0.935,0.922,0.96,2025-06-16 22:58:39.518183,,
AGPUSH,Last100,97,2013-09-30 21:53:00,2014-01-06 18:59:00, , ,83,14,7,N/A,74,17,1.172,0.206,0.193,0.841,1.1849999999999998,1.306,0.71,0.851,0.86,103.448,Scale-up,1.189,0.922,0.785,0.853,0.916,2025-06-16 22:58:44.047190,,
AGOVA,All,573,2012-05-31 04:48:00,2013-12-25 13:53:00,72,72,56,16,2,70,48,22,0.081,0.033,0.01,0.075,0.104,0.102,0.721,0.711,0.912,293.333,Scale-up,13.333,0.943,0.851,1.0,0.893,2025-06-16 22:59:03.046814,,
AGOVA,Last100,76,2013-10-09 23:22:00,2013-12-25 13:53:00, , ,12,7,1,N/A,15,2,0.106,0.114,NaN,0.573,0.22,0.191,NaN,NaN,NaN,NaN,Scale-up,1.745,0.922,0.726,NaN,0.906,2025-06-16 22:59:03.049774,,
ARQRUSH,All,558,2011-03-30 18:35:00,2012-10-08 20:32:00,42,42,37,5,0,42,15,27,0.038,0.005,0,0.017,0.043,0.044,0.395,0.884,1.0,1588.235,Scale-up,58.824,0.771,0.518,0,0.229,2025-06-16 22:59:20.991983,,
ARQRUSH,Last100,81,2012-07-19 15:03:00,2012-10-08 20:32:00, , ,19,4,1,N/A,14,8,0.205,0.167,0,0.576,0.372,0.274,1.548,0.551,1.0,46.875,Catch-up,1.736,0.454,0.6,0,0.928,2025-06-16 22:59:24.674465,,
AJSF,All,1189,2007-03-06 04:02:00,2010-06-07 21:34:00,134,134,33,101,54,80,74,6,0.08,0.078,0.049,0.114,0.109,0.051,1.046,0.506,0.69,52.632,Catch-up,8.772,0.726,0.576,0.82,0.577,2025-06-16 22:59:42.133466,,
AJSF,Last100,0,2010-06-07 21:34:00,2010-06-07 21:34:00, , ,1,1,1,N/A,1,0,NaN,NaN,NaN,NaN,0,NaN,NaN,NaN,NaN,NaN,Catch-up,NaN,NaN,NaN,NaN,NaN,2025-06-16 22:59:42.135461,,
ANDIAMO,All,957,2009-10-22 23:24:00,2012-06-06 05:40:00,33,33,33,0,2,31,12,19,0.034,0,0.001,0.012,0.033,0.03,0.364,1.0,0.971,1583.333,Scale-up,83.333,0.81,0,1.0,0.689,2025-06-16 23:00:00.543121,,
ANDIAMO,Last100,0,2012-06-06 05:39:00,2012-06-06 05:40:00, , ,1,1,1,N/A,1,-1,NaN,0,NaN,NaN,0,NaN,NaN,NaN,NaN,NaN,Scale-up,NaN,NaN,0,NaN,NaN,2025-06-16 23:00:00.544118,,
AGSMPLPUSH,All,216,2013-05-16 19:19:00,2013-12-19 14:24:00,33,33,32,1,0,33,1,32,0.146,0,0,0,0.146,0.153,0.0,1.0,1.0,NaN,Indeterminate,0,0.959,0,0,0,2025-06-16 23:00:17.354746,,
AGSMPLPUSH,Last100,97,2013-09-12 21:11:00,2013-12-19 14:24:00, , ,12,1,1,N/A,1,10,0.118,NaN,0,NaN,0.118,0.118,NaN,NaN,NaN,NaN,Indeterminate,NaN,0.94,NaN,0,NaN,2025-06-16 23:00:17.356743,,
AGIOS,All,461,2012-09-19 15:34:00,2013-12-24 19:03:00,110,110,85,25,6,104,70,34,0.208,0.067,0.029,0.31,0.246,0.263,1.26,0.756,0.895,109.677,Catch-up,3.226,0.879,0.597,0.974,0.971,2025-06-16 23:00:36.075597,,
AGIOS,Last100,95,2013-09-20 14:48:00,2013-12-24 19:03:00, , ,44,16,4,N/A,41,16,0.54,0.183,0.032,0.424,0.6910000000000001,0.614,0.614,0.747,0.956,80.189,Scale-up,2.358,0.898,0.91,0.989,0.956,2025-06-16 23:00:40.489900,,
