TORQUE,All,1669,2009-05-24 11:57:00,2013-12-19 06:02:00,1180,1180,467,713,116,1064,901,163,0.344,0.553,0.115,0.7,0.782,0.802,0.895,0.384,0.872,232.857,Scale-up,1.429,0.957,0.963,0.965,0.968,2025-06-12 20:37:32.379358,,
TORQUE,Last100,99,2013-09-11 00:12:00,2013-12-19 06:02:00, , ,13,30,1,N/A,17,24,0.185,0.284,NaN,0.379,0.469,0.432,NaN,NaN,NaN,NaN,Scale-up,2.639,0.946,0.957,NaN,0.638,2025-06-12 20:37:32.384346,,
JBIDE,All,3976,2003-01-31 23:45:00,2013-12-21 09:19:00,14055,14055,4027,10028,2640,11415,10191,1224,1.482,3.951,0.986,4.107,4.447,4.5,0.924,0.273,0.819,298.028,Scale-up,0.243,0.973,0.966,0.97,0.978,2025-06-12 20:37:45.027099,,
JBIDE,Last100,99,2013-09-12 16:40:00,2013-12-21 09:19:00, , ,178,390,116,N/A,420,31,2.005,4.767,1.293,5.243,5.479,5.507,0.957,0.296,0.809,233.454,Scale-up,0.191,0.992,0.976,0.982,0.977,2025-06-12 20:37:50.523294,,
JBESB,All,3725,2003-09-17 17:23:00,2013-11-29 12:16:00,3742,3742,1761,1981,432,3310,2833,477,0.831,0.963,0.26,1.364,1.534,1.555,0.889,0.463,0.855,349.707,Scale-up,0.733,0.908,0.916,0.952,0.913,2025-06-12 20:38:00.259612,,
JBESB,Last100,95,2013-08-26 09:33:00,2013-11-29 12:16:00, , ,5,8,1,N/A,10,2,0.073,0.067,NaN,0.119,0.14,0.129,NaN,NaN,NaN,NaN,Scale-up,8.403,0.883,0.982,NaN,0.843,2025-06-12 20:38:00.268587,,
JBEPP,All,1200,2008-11-03 23:45:00,2012-02-17 06:48:00,1076,1076,407,669,296,780,780,0,0.377,0.691,0.302,0.759,0.766,0.968,0.991,0.353,0.717,0.0,Start-up,1.318,0.936,0.926,0.489,0.919,2025-06-12 20:38:09.239309,,
JBEPP,Last100,99,2011-11-09 08:28:00,2012-02-17 06:48:00, , ,28,99,229,N/A,118,-219,0.27,0.947,1.828,1.029,-0.611,-0.522,-1.684,0.222,-0.502,0.0,Start-up,0.972,0.928,0.876,0.542,0.967,2025-06-12 20:38:14.592995,,
JBADMCON,All,3021,2005-01-07 06:06:00,2013-04-16 17:33:00,102,102,62,40,6,96,43,53,0.016,0.01,0.001,0.056,0.025,0.025,2.24,0.615,0.962,946.429,Catch-up,17.857,0.454,0.752,0.919,0.912,2025-06-12 20:38:22.780869,,
JBADMCON,Last100,35,2013-03-12 07:10:00,2013-04-16 17:33:00, , ,1,1,2,N/A,1,0,NaN,NaN,0.028,NaN,0,0.014,NaN,NaN,NaN,NaN,Catch-up,NaN,NaN,NaN,1.0,NaN,2025-06-12 20:38:22.783831,,
IMMUTANT,All,776,2011-10-27 00:03:00,2013-12-11 23:58:00,376,376,245,131,36,340,308,32,0.342,0.177,0.08,0.449,0.439,0.469,1.023,0.659,0.846,71.269,Catch-up,2.227,0.968,0.979,0.978,0.979,2025-06-12 20:38:31.140316,,
IMMUTANT,Last100,98,2013-09-04 04:39:00,2013-12-11 23:58:00, , ,25,13,3,N/A,29,5,0.296,0.11,0.231,0.292,0.17499999999999996,0.369,1.669,0.729,0.431,109.589,Catch-up,3.425,0.965,0.941,0.923,0.935,2025-06-12 20:38:36.145845,,
JBEE,All,2074,2008-03-18 05:44:00,2013-11-21 22:39:00,123,123,71,52,11,112,103,9,0.051,0.031,0.008,0.061,0.074,0.067,0.824,0.622,0.902,147.541,Scale-up,16.393,0.933,0.965,0.924,0.945,2025-06-12 20:38:44.240177,,
JBEE,Last100,99,2013-08-13 23:57:00,2013-11-21 22:39:00, , ,1,3,1,N/A,7,-4,NaN,0.039,NaN,0.06,0,0.019,NaN,NaN,NaN,NaN,Scale-up,16.667,NaN,0.961,NaN,0.855,2025-06-12 20:38:44.243168,,
JBDS,All,2471,2007-03-16 17:46:00,2013-12-20 21:52:00,2288,2288,1026,1262,442,1846,1693,153,0.416,0.587,0.202,0.748,0.801,0.795,0.934,0.415,0.799,204.545,Scale-up,1.337,0.961,0.961,0.957,0.997,2025-06-12 20:38:53.375982,,
JBDS,Last100,99,2013-09-11 23:28:00,2013-12-20 21:52:00, , ,37,39,26,N/A,59,-10,0.316,0.41,0.352,0.764,0.374,0.385,2.043,0.435,0.515,200.262,Catch-up,1.309,0.764,0.985,0.905,0.971,2025-06-12 20:38:58.416545,,
JBANN,All,278,2009-08-05 03:51:00,2010-05-11 03:41:00,52,52,52,0,3,49,43,7,0.145,0,0.094,0.113,0.051,0.133,2.216,1.0,0.352,61.947,Catch-up,8.85,0.58,0,0.75,0.567,2025-06-12 20:39:05.950974,,
JBANN,Last100,68,2010-03-03 17:26:00,2010-05-11 03:41:00, , ,6,1,1,N/A,6,-1,0.044,0,NaN,0.043,0.044,0.044,NaN,NaN,NaN,NaN,Catch-up,23.256,0.693,0,NaN,0.686,2025-06-12 20:39:05.953966,,
GTNPORTAL,All,1570,2009-09-04 00:37:00,2013-12-22 01:31:00,2991,2991,919,2072,531,2460,2238,222,0.542,1.221,0.344,1.307,1.419,1.403,0.921,0.307,0.805,169.855,Scale-up,0.765,0.954,0.963,0.938,0.977,2025-06-12 20:39:15.679370,,
GTNPORTAL,Last100,99,2013-09-13 12:15:00,2013-12-22 01:31:00, , ,27,59,14,N/A,88,-17,0.318,0.615,0.173,0.73,0.76,0.708,0.961,0.341,0.815,304.11,Scale-up,1.37,0.837,0.765,0.464,0.91,2025-06-12 20:39:20.631756,,
GUVNORSOA,All,1686,2009-02-04 15:18:00,2013-09-18 14:51:00,52,52,45,7,34,18,13,5,0.027,0.004,0.034,0.007,-0.003,0.005,-2.333,0.871,-0.097,714.286,Scale-up,142.857,0.596,0.681,0.122,0.757,2025-06-12 20:39:28.712188,,
GUVNORSOA,Last100,1,2013-09-17 14:09:00,2013-09-18 14:51:00, , ,1,1,1,N/A,1,-1,NaN,NaN,NaN,NaN,0,-0.5,NaN,NaN,NaN,NaN,Scale-up,NaN,NaN,NaN,NaN,NaN,2025-06-12 20:39:28.714183,,
GUVNOR,All,2687,2006-08-10 16:41:00,2013-12-18 18:29:00,1713,1713,669,1044,358,1355,1076,279,0.312,0.539,0.14,0.526,0.711,0.681,0.74,0.367,0.835,530.418,Scale-up,1.901,0.983,0.966,0.939,0.972,2025-06-12 20:39:37.693178,,
GUVNOR,Last100,98,2013-09-11 03:36:00,2013-12-18 18:29:00, , ,7,16,125,N/A,41,-142,0.065,0.157,1.189,1.441,-0.9670000000000001,-1.326,-1.49,0.293,-4.356,193.616,Scale-up,0.694,0.89,0.966,0.083,0.386,2025-06-12 20:39:42.674418,,
JBSEAM,All,3292,2004-11-27 01:21:00,2013-12-02 19:47:00,4996,4996,2231,2765,1204,3792,2854,938,1.269,1.259,0.474,1.237,2.054,1.711,0.602,0.502,0.812,758.286,Scale-up,0.808,0.84,0.861,0.827,0.84,2025-06-12 20:39:52.778259,,
JBSEAM,Last100,97,2013-08-27 19:12:00,2013-12-02 19:47:00, , ,3,4,13,N/A,7,-12,0.041,0.028,0.125,0.056,-0.055999999999999994,-0.086,-1.0,0.594,-0.812,16750.0,Scale-up,17.857,0.999,0.892,0.393,0.964,2025-06-12 20:39:57.526912,,
GTNMOP,All,1332,2009-08-25 14:03:00,2013-04-18 14:52:00,48,48,44,4,2,46,43,4,0.039,0.005,0.007,0.039,0.037,0.043,1.054,0.886,0.841,102.564,Catch-up,25.641,0.915,0.602,1.0,0.915,2025-06-12 20:40:05.979920,,
GTNMOP,Last100,0,2013-04-18 14:51:00,2013-04-18 14:52:00, , ,1,1,1,N/A,1,-1,NaN,NaN,NaN,NaN,0,NaN,NaN,NaN,NaN,NaN,Catch-up,NaN,NaN,NaN,NaN,NaN,2025-06-12 20:40:05.981917,,
GPD,All,1900,2005-06-21 20:40:00,2010-09-03 21:47:00,367,367,213,154,65,302,215,87,0.156,0.124,0.054,0.163,0.226,0.237,0.721,0.557,0.807,533.742,Scale-up,6.135,0.953,0.931,0.792,0.947,2025-06-12 20:40:14.279037,,
GPD,Last100,79,2010-06-16 15:26:00,2010-09-03 21:47:00, , ,5,2,1,N/A,9,-4,0.108,0.043,NaN,0.257,0.151,0.051,NaN,NaN,NaN,NaN,Scale-up,3.891,0.712,1.0,NaN,0.667,2025-06-12 20:40:14.282030,,
FORGE,All,1155,2010-10-22 23:34:00,2013-12-21 08:13:00,1183,1183,546,637,183,1000,798,202,0.436,0.578,0.172,0.711,0.842,0.854,0.844,0.43,0.83,284.107,Scale-up,1.406,0.957,0.976,0.973,0.964,2025-06-12 20:40:23.033373,,
FORGE,Last100,99,2013-09-12 23:11:00,2013-12-21 08:13:00, , ,85,76,39,N/A,102,19,0.842,0.689,0.438,0.96,1.093,1.108,0.878,0.55,0.714,210.417,Scale-up,1.042,0.972,0.98,0.924,0.984,2025-06-12 20:40:28.135660,,
EXOJCR,All,1116,2009-08-27 22:23:00,2012-09-17 17:50:00,1426,1426,728,698,272,1154,1154,0,0.71,0.743,0.277,1.099,1.176,1.13,0.935,0.489,0.809,0.0,Start-up,0.91,0.943,0.996,0.975,0.994,2025-06-12 20:40:37.115777,,
EXOJCR,Last100,89,2012-06-20 16:57:00,2012-09-17 17:50:00, , ,1,1,1,N/A,5,-4,NaN,NaN,NaN,0.033,0,NaN,NaN,NaN,NaN,NaN,Start-up,30.303,NaN,NaN,NaN,0.638,2025-06-12 20:40:37.119767,,
ENTESB,All,1074,2011-01-22 11:00:00,2013-12-31 23:23:00,911,911,188,723,84,827,695,132,0.249,1.028,0.118,1.012,1.159,1.164,0.873,0.195,0.908,130.435,Scale-up,0.988,0.946,0.991,0.983,0.982,2025-06-12 20:40:45.804133,,
ENTESB,Last100,99,2013-09-23 17:39:00,2013-12-31 23:23:00, , ,33,138,22,N/A,142,8,0.426,1.404,0.294,1.474,1.5359999999999998,1.505,0.96,0.233,0.839,89.552,Scale-up,0.678,0.975,0.932,0.969,0.99,2025-06-12 20:40:50.920074,,
EJBTHREE,All,3296,2004-12-14 00:37:00,2013-12-23 01:06:00,2065,2065,959,1106,311,1754,1339,415,0.432,0.495,0.117,0.605,0.81,0.79,0.747,0.466,0.874,685.95,Scale-up,1.653,0.98,0.963,0.979,0.986,2025-06-12 20:40:59.999315,,
EJBTHREE,Last100,95,2013-09-18 22:27:00,2013-12-23 01:06:00, , ,1,1,1,N/A,1,0,NaN,NaN,NaN,NaN,0,-0.005,NaN,NaN,NaN,NaN,Scale-up,NaN,NaN,NaN,NaN,NaN,2025-06-12 20:41:00.005271,,
BPMC,All,1447,2009-07-30 15:36:00,2013-07-16 20:33:00,90,90,52,38,9,81,59,22,0.032,0.021,0.004,0.071,0.049,0.046,1.449,0.604,0.925,309.859,Catch-up,14.085,0.565,0.705,0.482,0.58,2025-06-12 20:41:08.222174,,
BPMC,Last100,12,2013-07-04 17:48:00,2013-07-16 20:33:00, , ,1,5,1,N/A,1,3,NaN,2.5,NaN,NaN,0,0.103,NaN,NaN,NaN,NaN,Catch-up,NaN,NaN,0.75,NaN,NaN,2025-06-12 20:41:08.225167,,
JBJCA,All,3290,2004-12-15 05:48:00,2013-12-18 21:04:00,1091,1091,899,192,64,1027,1017,10,0.456,0.135,0.048,0.61,0.543,0.526,1.123,0.772,0.919,16.393,Plan-up,1.639,0.915,0.942,0.949,0.996,2025-06-12 20:41:16.974135,,
JBJCA,Last100,98,2013-09-10 22:26:00,2013-12-18 21:04:00, , ,28,17,5,N/A,47,-8,0.301,0.17,0.057,0.449,0.414,0.416,1.085,0.639,0.879,22.272,Plan-up,2.227,0.86,0.979,0.925,0.934,2025-06-12 20:41:21.907077,,
BLACKTIE,All,1721,2008-07-07 20:43:00,2013-03-25 15:15:00,283,283,166,117,31,252,252,0,0.115,0.065,0.018,0.157,0.162,0.155,0.969,0.639,0.9,0.0,Start-up,6.369,0.852,0.899,0.961,0.891,2025-06-12 20:41:30.251623,,
BLACKTIE,Last100,95,2012-12-20 08:53:00,2013-03-25 15:15:00, , ,4,8,7,N/A,19,-13,0.301,0.061,0.063,0.158,0.299,0.031,0.528,0.831,0.826,0.0,Start-up,6.329,0.995,0.885,0.823,0.94,2025-06-12 20:41:35.152375,,
BGBUILD,All,1266,2009-11-13 17:33:00,2013-05-03 01:09:00,375,375,168,207,46,329,266,63,0.206,0.27,0.071,0.356,0.405,0.398,0.879,0.433,0.851,176.966,Scale-up,2.809,0.917,0.889,0.844,0.918,2025-06-12 20:41:43.489021,,
BGBUILD,Last100,91,2013-01-31 16:22:00,2013-05-03 01:09:00, , ,1,4,1,N/A,2,1,NaN,0.029,NaN,0.111,0,0.029,NaN,NaN,NaN,NaN,Scale-up,9.009,NaN,0.788,NaN,1.0,2025-06-12 20:41:43.492980,,
AS7,All,2710,2006-04-19 21:53:00,2013-09-20 17:05:00,5090,5090,1917,3173,1065,4025,4025,0,2.341,4.759,1.563,5.749,5.537,5.451,1.038,0.33,0.78,0.0,Plan-up,0.174,0.922,0.937,0.973,0.961,2025-06-12 20:41:53.999181,,
AS7,Last100,76,2013-07-05 20:23:00,2013-09-20 17:05:00, , ,1,1,1,N/A,5,-4,NaN,NaN,NaN,0.054,0,NaN,NaN,NaN,NaN,NaN,Plan-up,18.519,NaN,NaN,NaN,0.96,2025-06-12 20:41:54.009153,,
ARQGRA,All,1264,2010-07-02 23:38:00,2013-12-18 22:41:00,358,358,224,134,61,297,214,83,0.205,0.115,0.058,0.197,0.262,0.257,0.752,0.641,0.819,421.32,Scale-up,5.076,0.985,0.893,0.972,0.964,2025-06-12 20:42:02.410951,,
ARQGRA,Last100,99,2013-09-10 16:21:00,2013-12-18 22:41:00, , ,11,29,5,N/A,23,11,0.121,0.292,0.118,0.236,0.295,0.371,0.8,0.293,0.714,351.695,Scale-up,4.237,0.937,0.806,0.946,0.788,2025-06-12 20:42:07.229491,,
AESH,All,459,2012-10-01 17:22:00,2014-01-04 00:09:00,176,176,79,97,6,170,158,12,0.162,0.189,0.014,0.323,0.337,0.336,0.958,0.462,0.96,37.152,Scale-up,3.096,0.973,0.972,0.767,0.966,2025-06-12 20:42:15.518713,,
AESH,Last100,98,2013-09-27 20:31:00,2014-01-04 00:09:00, , ,16,30,3,N/A,48,-4,0.174,0.35,0.115,0.627,0.40900000000000003,0.479,1.533,0.332,0.781,19.139,Plan-up,1.595,0.731,0.985,0.75,0.953,2025-06-12 20:42:20.528843,,
AEROGEAR,All,797,2011-11-01 03:51:00,2014-01-06 19:16:00,953,953,690,263,169,784,705,79,1.103,0.419,0.222,1.159,1.3,1.27,0.892,0.725,0.854,68.162,Scale-up,0.863,0.936,0.936,0.952,0.935,2025-06-12 20:42:29.346808,,
AEROGEAR,Last100,96,2013-10-02 15:49:00,2014-01-06 19:16:00, , ,26,18,57,N/A,39,-53,0.311,0.238,0.585,0.416,-0.03600000000000003,-0.025,-11.556,0.566,-0.066,189.904,Scale-up,2.404,0.968,0.839,0.194,0.877,2025-06-12 20:42:34.239474,,
JBINSTALL,All,1222,2004-12-15 23:03:00,2008-04-21 17:04:00,335,335,171,164,32,303,221,82,0.244,0.257,0.065,0.463,0.436,0.438,1.062,0.487,0.87,177.106,Catch-up,2.16,0.927,0.886,0.797,0.95,2025-06-12 20:42:42.521360,,
JBINSTALL,Last100,89,2008-01-23 04:32:00,2008-04-21 17:04:00, , ,3,6,2,N/A,3,3,0.133,0.038,NaN,1.5,0.171,0.042,NaN,NaN,NaN,NaN,Catch-up,0.667,0.999,0.713,NaN,0.75,2025-06-12 20:42:42.524352,,
RF,All,2479,2007-03-07 04:37:00,2013-12-19 20:47:00,11033,11033,2957,8076,2288,8745,6514,2231,1.313,3.481,1.009,3.124,3.785,3.759,0.825,0.274,0.79,714.149,Scale-up,0.32,0.947,0.949,0.974,0.948,2025-06-12 20:42:54.273092,,
RF,Last100,100,2013-09-10 01:22:00,2013-12-19 20:47:00, , ,67,194,53,N/A,148,59,0.711,1.943,0.538,1.561,2.1159999999999997,2.113,0.738,0.268,0.797,1429.212,Scale-up,0.641,0.991,0.984,0.972,0.983,2025-06-12 20:42:59.525175,,
TEIIDDES,All,2940,2005-12-01 13:00:00,2013-12-20 00:22:00,1841,1841,502,1339,343,1498,1254,244,0.226,0.664,0.197,0.731,0.693,0.709,1.055,0.254,0.779,333.789,Catch-up,1.368,0.986,0.979,0.975,0.975,2025-06-12 20:43:08.514905,,
TEIIDDES,Last100,99,2013-09-11 19:42:00,2013-12-20 00:22:00, , ,22,114,27,N/A,84,24,0.251,1.214,0.247,0.887,1.218,1.218,0.728,0.171,0.831,275.085,Scale-up,1.127,0.971,0.902,0.915,0.946,2025-06-12 20:43:13.601858,,
TEIID,All,4432,2001-10-31 13:00:00,2013-12-19 17:42:00,2473,2473,953,1520,408,2065,1969,96,0.4,0.675,0.22,1.009,0.855,0.86,1.18,0.372,0.795,95.144,Catch-up,0.991,0.936,0.953,0.963,0.992,2025-06-12 20:43:22.696292,,
TEIID,Last100,99,2013-09-10 23:55:00,2013-12-19 17:42:00, , ,30,93,19,N/A,99,6,0.295,0.911,0.191,0.985,1.015,1.02,0.97,0.245,0.842,97.462,Scale-up,1.015,0.983,0.994,0.986,0.994,2025-06-12 20:43:27.711271,,
SWITCHYARD,All,1141,2010-11-04 01:30:00,2013-12-19 22:18:00,1835,1835,780,1055,169,1666,1374,292,0.691,0.963,0.162,1.259,1.492,1.486,0.844,0.418,0.902,231.93,Scale-up,0.794,0.996,0.992,0.96,0.996,2025-06-12 20:43:36.717749,,
SWITCHYARD,Last100,99,2013-09-11 00:18:00,2013-12-19 22:18:00, , ,52,157,28,N/A,119,61,0.531,1.502,0.288,1.543,1.7449999999999999,1.773,0.884,0.261,0.858,189.242,Scale-up,0.648,0.961,0.99,0.774,0.98,2025-06-12 20:43:41.879790,,
SOA,All,1764,2007-03-15 22:46:00,2012-01-13 07:46:00,3056,3056,736,2320,861,2195,2189,6,0.503,1.452,0.48,1.356,1.475,1.541,0.919,0.257,0.754,4.425,Start-up,0.737,0.988,0.993,0.866,0.994,2025-06-12 20:43:51.407617,,
SOA,Last100,99,2011-10-05 22:43:00,2012-01-13 07:46:00, , ,17,130,313,N/A,119,-286,0.168,1.469,2.725,1.481,-1.088,-1.23,-1.361,0.103,-0.665,4.051,Start-up,0.675,0.931,0.933,0.702,0.897,2025-06-12 20:43:56.606480,,
SECURITY,All,2661,2006-09-06 01:15:00,2013-12-19 20:39:00,668,668,469,199,44,624,528,96,0.192,0.081,0.017,0.222,0.256,0.248,0.867,0.703,0.938,432.432,Scale-up,4.505,0.948,0.989,0.987,0.967,2025-06-12 20:44:05.234916,,
SECURITY,Last100,99,2013-09-10 22:43:00,2013-12-19 20:39:00, , ,13,11,3,N/A,20,2,0.163,0.147,0.044,0.196,0.266,0.261,0.737,0.526,0.858,489.796,Scale-up,5.102,0.93,0.806,0.75,0.805,2025-06-12 20:44:10.144676,,
RTGOV,All,1258,2010-06-12 04:19:00,2013-11-21 19:43:00,320,320,187,133,8,312,236,76,0.287,0.218,0.033,0.417,0.472,0.469,0.883,0.568,0.935,182.254,Scale-up,2.398,0.85,0.875,0.935,0.976,2025-06-12 20:44:18.509009,,
RTGOV,Last100,99,2013-08-13 21:07:00,2013-11-21 19:43:00, , ,12,59,1,N/A,55,15,0.101,0.627,NaN,0.546,0.728,0.724,NaN,NaN,NaN,NaN,Scale-up,1.832,0.926,0.98,NaN,0.99,2025-06-12 20:44:18.512971,,
XNIO,All,1996,2008-06-05 01:48:00,2013-11-22 23:05:00,207,207,78,129,26,181,160,21,0.028,0.053,0.011,0.065,0.07,0.069,0.929,0.346,0.864,323.077,Scale-up,15.385,0.874,0.829,0.923,0.916,2025-06-12 20:44:26.700615,,
XNIO,Last100,77,2013-09-06 06:50:00,2013-11-22 23:05:00, , ,7,8,3,N/A,8,5,0.129,0.12,0.041,0.096,0.208,0.174,0.462,0.518,0.835,218.75,Scale-up,10.417,0.966,0.927,0.999,0.969,2025-06-12 20:44:31.494151,,
WISE,All,1853,2008-09-17 04:03:00,2013-10-14 23:44:00,154,154,112,42,15,139,107,32,0.044,0.015,0.006,0.041,0.053,0.051,0.774,0.746,0.898,780.488,Scale-up,24.39,0.683,0.788,0.863,0.744,2025-06-12 20:44:39.596695,,
WISE,Last100,41,2013-09-03 22:14:00,2013-10-14 23:44:00, , ,1,1,1,N/A,1,0,NaN,NaN,NaN,NaN,0,0.024,NaN,NaN,NaN,NaN,Scale-up,NaN,NaN,NaN,NaN,NaN,2025-06-12 20:44:39.599687,,
WFLY,All,1827,2008-12-18 18:22:00,2013-12-19 19:59:00,2145,2145,871,1274,237,1908,1054,854,0.831,1.639,0.882,3.416,1.588,2.126,2.151,0.336,0.643,250.0,Catch-up,0.293,0.865,0.847,0.978,0.993,2025-06-12 20:44:48.503922,,
WFLY,Last100,99,2013-09-10 20:02:00,2013-12-19 19:59:00, , ,162,364,112,N/A,428,-15,1.609,3.883,1.189,4.36,4.303,4.292,1.013,0.293,0.784,195.872,Catch-up,0.229,0.993,0.993,0.988,0.994,2025-06-12 20:44:53.909553,,
WELD,All,2025,2008-06-02 21:35:00,2013-12-19 19:38:00,1441,1441,473,968,314,1127,1030,97,0.256,0.552,0.187,0.569,0.621,0.613,0.916,0.317,0.769,170.475,Scale-up,1.757,0.961,0.984,0.986,0.987,2025-06-12 20:45:02.650797,,
WELD,Last100,99,2013-09-11 02:24:00,2013-12-19 19:38:00, , ,11,56,13,N/A,54,-1,0.12,0.525,0.114,0.469,0.531,0.526,0.883,0.186,0.823,206.823,Scale-up,2.132,0.848,0.988,0.948,0.958,2025-06-12 20:45:07.652719,,
WBRI,All,491,2008-06-02 21:25:00,2009-10-06 22:20:00,182,182,94,88,44,138,138,0,0.224,0.363,0.105,0.506,0.482,0.387,1.05,0.382,0.821,0.0,Plan-up,1.976,0.864,0.791,0.918,0.759,2025-06-12 20:45:15.934796,,
WBRI,Last100,88,2009-07-10 02:15:00,2009-10-06 22:20:00, , ,3,2,14,N/A,4,-14,0.027,0.071,0.162,0.047,-0.06400000000000002,-0.134,-0.734,0.276,-0.653,0.0,Start-up,21.277,0.999,1.0,0.696,0.6,2025-06-12 20:45:20.788829,,
WELDX,All,731,2008-11-07 18:12:00,2010-11-08 23:18:00,71,71,51,20,19,52,52,0,0.06,0.035,0.047,0.139,0.048,0.07,2.896,0.632,0.505,0.0,Plan-up,7.194,0.751,0.764,0.861,0.737,2025-06-12 20:45:28.808940,,
WELDX,Last100,98,2010-08-02 14:59:00,2010-11-08 23:18:00, , ,15,11,7,N/A,35,-15,0.206,0.146,0.089,0.415,0.263,0.242,1.578,0.585,0.747,0.0,Plan-up,2.41,0.721,0.941,0.607,0.862,2025-06-12 20:45:33.730412,,
WELDINT,All,515,2009-03-06 00:57:00,2010-08-03 23:55:00,31,31,15,16,13,18,18,0,0.035,0.041,0.045,0.045,0.031,0.041,1.452,0.461,0.408,0.0,Plan-up,22.222,0.946,0.964,0.804,0.97,2025-06-12 20:45:41.887477,,
WELDINT,Last100,88,2010-05-07 08:06:00,2010-08-03 23:55:00, , ,1,1,1,N/A,2,-1,NaN,NaN,NaN,0.062,0,-0.012,NaN,NaN,NaN,NaN,Plan-up,16.129,NaN,NaN,NaN,1.0,2025-06-12 20:45:41.889479,,
SRAMP,All,626,2012-04-02 21:53:00,2013-12-19 23:24:00,194,194,129,65,8,186,149,37,0.241,0.142,0.012,0.28,0.371,0.329,0.755,0.629,0.969,132.143,Scale-up,3.571,0.945,0.926,0.964,0.983,2025-06-12 20:45:50.197839,,
SRAMP,Last100,99,2013-09-11 21:16:00,2013-12-19 23:24:00, , ,9,15,1,N/A,18,7,0.152,0.173,NaN,0.215,0.32499999999999996,0.312,NaN,NaN,NaN,NaN,Scale-up,4.651,0.871,0.707,NaN,0.737,2025-06-12 20:45:50.200831,,
SOAG,All,1427,2008-04-03 12:19:00,2012-02-29 18:33:00,95,95,85,10,44,51,51,0,0.174,0.025,0.026,0.123,0.173,0.029,0.711,0.874,0.869,0.0,Start-up,8.13,0.963,0.913,0.858,0.972,2025-06-12 20:45:58.513684,,
SOAG,Last100,0,2012-02-29 18:32:00,2012-02-29 18:33:00, , ,1,1,18,N/A,1,-17,NaN,NaN,NaN,NaN,0,NaN,NaN,NaN,NaN,NaN,Start-up,NaN,NaN,NaN,NaN,NaN,2025-06-12 20:45:58.515675,,
TTALE,All,1719,2009-02-14 04:06:00,2013-10-30 23:01:00,209,209,168,41,11,198,166,33,0.122,0.024,0.007,0.135,0.139,0.13,0.971,0.836,0.952,244.444,Scale-up,7.407,0.824,0.98,0.831,0.881,2025-06-12 20:46:06.799073,,
TTALE,Last100,85,2013-08-06 20:04:00,2013-10-30 23:01:00, , ,2,1,1,N/A,1,2,0.012,NaN,NaN,NaN,0,0.017,NaN,NaN,NaN,NaN,Scale-up,NaN,1.0,NaN,NaN,NaN,2025-06-12 20:46:06.802066,,
TOOLSDOC,All,2105,2008-03-08 04:00:00,2013-12-12 23:28:00,370,370,214,156,58,312,283,29,0.108,0.099,0.043,0.183,0.164,0.165,1.116,0.522,0.792,158.47,Catch-up,5.464,0.957,0.932,0.955,0.985,2025-06-12 20:46:15.084224,,
TOOLSDOC,Last100,99,2013-09-04 12:53:00,2013-12-12 23:28:00, , ,20,20,8,N/A,28,5,0.222,0.215,0.121,0.282,0.316,0.297,0.892,0.508,0.723,102.837,Scale-up,3.546,0.939,0.863,0.885,0.954,2025-06-12 20:46:19.999057,,
UNDERTOW,All,499,2012-08-07 06:46:00,2013-12-19 19:35:00,156,156,59,97,16,140,118,22,0.122,0.314,0.065,0.332,0.371,0.337,0.895,0.28,0.851,66.265,Scale-up,3.012,0.96,0.977,0.954,0.938,2025-06-12 20:46:28.238083,,
UNDERTOW,Last100,84,2013-09-26 18:20:00,2013-12-19 19:35:00, , ,16,41,7,N/A,41,8,0.217,0.489,0.071,0.459,0.635,0.596,0.723,0.307,0.899,47.93,Scale-up,2.179,0.917,0.957,0.836,0.961,2025-06-12 20:46:33.116217,,
WFK2,All,151,2013-07-08 23:27:00,2013-12-07 00:40:00,242,242,29,213,25,217,17,200,0.207,1.308,0.165,0.106,1.35,1.311,0.079,0.137,0.891,1886.792,Scale-up,9.434,0.761,0.89,0.927,0.694,2025-06-12 20:46:41.458915,,
WFK2,Last100,88,2013-09-09 22:12:00,2013-12-07 00:40:00, , ,7,150,17,N/A,15,124,0.078,2.534,0.281,0.227,2.3309999999999995,2.277,0.097,0.03,0.892,881.057,Scale-up,4.405,0.927,0.962,0.965,0.843,2025-06-12 20:46:46.567024,,
STEAM,All,343,2010-02-12 11:57:00,2011-01-21 23:51:00,268,268,197,71,5,263,227,36,1.195,0.674,0.045,1.799,1.824,1.679,0.986,0.639,0.976,20.011,Start-up,0.556,0.848,0.818,0.887,0.846,2025-06-12 20:46:55.009904,,
STEAM,Last100,100,2010-10-13 11:04:00,2011-01-21 23:51:00, , ,104,61,5,N/A,166,-5,1.025,0.676,0.045,1.874,1.6560000000000001,1.617,1.132,0.603,0.974,19.21,Plan-up,0.534,0.689,0.747,0.887,0.78,2025-06-12 20:47:00.117372,,
ORG,All,2402,2007-05-22 21:55:00,2013-12-19 02:02:00,1530,1530,852,678,137,1393,1116,277,0.451,0.417,0.089,0.656,0.779,0.773,0.842,0.52,0.897,422.256,Scale-up,1.524,0.969,0.988,0.955,0.981,2025-06-12 20:47:09.013321,,
ORG,Last100,98,2013-09-11 20:58:00,2013-12-19 02:02:00, , ,48,30,9,N/A,47,21,0.535,0.339,0.128,0.601,0.7460000000000001,0.756,0.806,0.612,0.854,460.899,Scale-up,1.664,0.835,0.954,0.968,0.968,2025-06-12 20:47:14.033234,,
SOLDER,All,1806,2008-08-06 07:54:00,2013-07-17 22:40:00,338,338,166,172,32,306,203,103,0.256,0.236,0.035,0.379,0.457,0.384,0.829,0.52,0.929,271.768,Scale-up,2.639,0.773,0.922,0.846,0.916,2025-06-12 20:47:22.256573,,
SOLDER,Last100,0,2013-07-17 22:40:00,2013-07-17 22:40:00, , ,1,1,1,N/A,1,0,NaN,NaN,NaN,NaN,0,NaN,NaN,NaN,NaN,NaN,Scale-up,NaN,NaN,NaN,NaN,NaN,2025-06-12 20:47:22.258538,,
TOHU,All,1560,2009-09-10 10:21:00,2013-12-19 05:52:00,43,43,21,22,2,41,23,18,0.01,0.008,0.003,0.011,0.015,0.017,0.733,0.556,0.833,1636.364,Scale-up,90.909,0.597,0.63,1.0,0.422,2025-06-12 20:47:30.399397,,
TOHU,Last100,10,2013-12-09 05:19:00,2013-12-19 05:52:00, , ,1,4,1,N/A,1,4,NaN,2.0,NaN,NaN,0,0.259,NaN,NaN,NaN,NaN,Scale-up,NaN,NaN,0.6,NaN,NaN,2025-06-12 20:47:30.401392,,
SASL,All,829,2011-07-01 19:28:00,2013-10-08 18:33:00,40,40,31,9,2,38,33,5,0.038,0.012,0.003,0.043,0.047,0.049,0.915,0.76,0.94,116.279,Scale-up,23.256,0.769,0.748,1.0,0.667,2025-06-12 20:47:38.478625,,
SASL,Last100,0,2013-10-07 20:31:00,2013-10-08 18:33:00, , ,2,1,1,N/A,2,-1,1.0,NaN,NaN,NaN,0,1.0,NaN,NaN,NaN,NaN,Scale-up,NaN,1.0,NaN,NaN,NaN,2025-06-12 20:47:38.482617,,
RFSBOX,All,588,2012-04-19 05:58:00,2013-11-29 00:50:00,99,99,70,29,2,97,37,60,0.137,0.072,0.071,0.049,0.138,0.2,0.355,0.656,0.66,1224.49,Scale-up,20.408,0.665,0.654,1.0,0.623,2025-06-12 20:47:46.680873,,
RFSBOX,Last100,58,2013-10-01 22:23:00,2013-11-29 00:50:00, , ,3,1,1,N/A,6,-3,0.079,NaN,NaN,0.134,0,0.051,NaN,NaN,NaN,NaN,Scale-up,7.463,0.75,NaN,NaN,0.458,2025-06-12 20:47:46.682872,,
SHRINKWRAP,All,1596,2009-08-06 04:20:00,2013-12-19 05:30:00,421,421,287,134,31,390,349,41,0.21,0.094,0.022,0.247,0.282,0.269,0.876,0.691,0.928,165.992,Scale-up,4.049,0.888,0.971,0.981,0.946,2025-06-12 20:47:55.133931,,
SHRINKWRAP,Last100,92,2013-09-17 10:20:00,2013-12-19 05:30:00, , ,2,4,1,N/A,5,0,0.011,0.225,NaN,0.046,0.23600000000000002,0.057,NaN,NaN,NaN,NaN,Scale-up,21.739,1.0,0.899,NaN,0.908,2025-06-12 20:47:55.136924,,
SEAMSECURITY,All,1883,2007-11-12 18:42:00,2013-01-08 04:24:00,149,149,43,106,16,133,77,56,0.03,0.122,0.023,0.128,0.129,0.12,0.992,0.197,0.849,437.5,Scale-up,7.812,0.778,0.742,0.854,0.809,2025-06-12 20:48:03.322829,,
SEAMSECURITY,Last100,82,2012-10-17 18:04:00,2013-01-08 04:24:00, , ,1,2,1,N/A,1,0,NaN,0.027,NaN,NaN,0,0.027,NaN,NaN,NaN,NaN,Scale-up,NaN,NaN,1.0,NaN,NaN,2025-06-12 20:48:03.326819,,
RFPL,All,2255,2007-10-09 03:30:00,2013-12-11 22:37:00,1203,1203,1000,203,232,971,825,146,0.708,0.145,0.16,0.577,0.693,0.671,0.833,0.83,0.812,253.033,Scale-up,1.733,0.965,0.952,0.912,0.98,2025-06-12 20:48:12.101109,,
RFPL,Last100,97,2013-09-05 13:56:00,2013-12-11 22:37:00, , ,20,14,6,N/A,26,1,0.169,0.122,0.049,0.224,0.24200000000000005,0.256,0.926,0.581,0.832,651.786,Scale-up,4.464,0.929,0.927,0.788,0.951,2025-06-12 20:48:17.055536,,
SAVARA,All,1568,2009-08-27 14:26:00,2013-12-12 23:20:00,342,342,247,95,62,280,214,66,0.195,0.068,0.053,0.166,0.21,0.205,0.79,0.741,0.798,397.59,Scale-up,6.024,0.961,0.972,0.94,0.974,2025-06-12 20:48:25.471932,,
SAVARA,Last100,86,2013-09-17 20:59:00,2013-12-12 23:20:00, , ,4,6,1,N/A,5,3,0.112,0.044,NaN,0.047,0.156,0.074,NaN,NaN,NaN,NaN,Scale-up,21.277,0.751,0.826,NaN,0.866,2025-06-12 20:48:25.474925,,
SRAMPUI,All,455,2012-07-27 21:49:00,2013-10-25 23:49:00,90,90,66,24,2,88,60,28,0.143,0.142,0,0.114,0.285,0.185,0.4,0.502,1.0,245.614,Scale-up,8.772,0.916,0.9,0,0.928,2025-06-12 20:48:32.991358,,
SRAMPUI,Last100,72,2013-08-14 20:33:00,2013-10-25 23:49:00, , ,8,10,1,N/A,12,5,0.11,0.098,NaN,0.122,0.20800000000000002,0.204,NaN,NaN,NaN,NaN,Scale-up,8.197,0.584,0.503,NaN,0.956,2025-06-12 20:48:32.994352,,
SHRINKDESC,All,1494,2009-09-29 16:02:00,2013-11-02 01:22:00,131,131,96,35,15,116,81,35,0.084,0.033,0.023,0.083,0.094,0.097,0.883,0.718,0.803,421.687,Scale-up,12.048,0.917,0.96,0.482,0.952,2025-06-12 20:48:41.301565,,
SHRINKDESC,Last100,57,2013-09-05 02:06:00,2013-11-02 01:22:00, , ,5,2,1,N/A,3,3,0.196,0.036,NaN,0.028,0.232,0.119,NaN,NaN,NaN,NaN,Scale-up,35.714,0.764,1.0,NaN,0.75,2025-06-12 20:48:41.304560,,
RIFTSAW,All,1583,2009-07-14 23:45:00,2013-11-14 03:59:00,512,512,239,273,94,418,368,50,0.181,0.197,0.074,0.263,0.304,0.305,0.865,0.479,0.804,190.114,Scale-up,3.802,0.931,0.938,0.975,0.916,2025-06-12 20:48:49.743626,,
RIFTSAW,Last100,99,2013-08-06 16:54:00,2013-11-14 03:59:00, , ,2,6,1,N/A,6,1,0.011,0.042,NaN,0.038,0.053000000000000005,0.056,NaN,NaN,NaN,NaN,Scale-up,26.316,1.0,0.794,NaN,0.79,2025-06-12 20:48:49.748611,,
SF,All,2343,2007-07-21 01:59:00,2013-12-20 01:35:00,419,419,131,288,137,282,252,30,0.05,0.123,0.056,0.125,0.117,0.112,1.068,0.289,0.676,240.0,Catch-up,8.0,0.884,0.976,0.813,0.981,2025-06-12 20:48:57.976145,,
SF,Last100,97,2013-09-13 03:17:00,2013-12-20 01:35:00, , ,11,9,1,N/A,14,6,0.162,0.085,NaN,0.124,0.247,0.188,NaN,NaN,NaN,NaN,Catch-up,8.065,0.575,0.95,NaN,0.836,2025-06-12 20:48:57.979167,,
SEAMREST,All,784,2010-10-20 17:12:00,2012-12-12 18:52:00,58,58,37,21,3,55,42,13,0.092,0.032,0.002,0.103,0.122,0.084,0.844,0.742,0.984,126.214,Scale-up,9.709,0.817,0.809,0.784,0.809,2025-06-12 20:49:06.122127,,
SEAMREST,Last100,92,2012-09-10 22:07:00,2012-12-12 18:52:00, , ,1,1,1,N/A,1,-1,NaN,NaN,NaN,NaN,0,-0.011,NaN,NaN,NaN,NaN,Scale-up,NaN,NaN,NaN,NaN,NaN,2025-06-12 20:49:06.124156,,
SEAMWICKET,All,1216,2009-04-17 01:52:00,2012-08-15 02:17:00,49,49,17,32,8,41,21,20,0.014,0.027,0.018,0.053,0.023,0.033,2.304,0.341,0.561,377.358,Catch-up,18.868,0.919,0.828,0.623,0.841,2025-06-12 20:49:14.389158,,
SEAMWICKET,Last100,0,2012-08-15 02:17:00,2012-08-15 02:17:00, , ,1,1,1,N/A,1,0,NaN,NaN,NaN,NaN,0,NaN,NaN,NaN,NaN,NaN,Catch-up,NaN,NaN,NaN,NaN,NaN,2025-06-12 20:49:14.391152,,
SNOWDROP,All,1799,2008-12-14 19:09:00,2013-11-18 18:18:00,78,78,28,50,9,69,61,8,0.018,0.028,0.009,0.035,0.037,0.04,0.946,0.391,0.804,228.571,Scale-up,28.571,0.857,0.943,0.894,0.929,2025-06-12 20:49:22.596882,,
SNOWDROP,Last100,83,2013-08-27 18:10:00,2013-11-18 18:18:00, , ,1,7,1,N/A,7,-2,NaN,0.069,NaN,0.149,0,0.065,NaN,NaN,NaN,NaN,Scale-up,6.711,NaN,0.831,NaN,0.886,2025-06-12 20:49:22.599873,,
SHRINKRES,All,971,2011-03-30 09:58:00,2013-11-25 17:43:00,153,153,91,62,17,136,111,25,0.133,0.077,0.024,0.184,0.186,0.189,0.989,0.633,0.886,135.87,Scale-up,5.435,0.888,0.967,0.972,0.95,2025-06-12 20:49:30.831744,,
SHRINKRES,Last100,52,2013-10-03 23:52:00,2013-11-25 17:43:00, , ,2,6,1,N/A,8,-2,0.029,0.092,NaN,0.164,0.121,0.109,NaN,NaN,NaN,NaN,Scale-up,6.098,1.0,0.867,NaN,0.685,2025-06-12 20:49:30.834736,,
SEAMREPORTS,All,291,2011-05-12 12:41:00,2012-02-28 07:22:00,32,32,24,8,5,27,22,5,0.076,0.033,0.012,0.072,0.097,0.084,0.742,0.697,0.89,69.444,Scale-up,13.889,0.743,0.865,0.808,0.939,2025-06-12 20:49:38.813898,,
SEAMREPORTS,Last100,87,2011-12-02 10:19:00,2012-02-28 07:22:00, , ,2,2,1,N/A,4,0,0.026,0.029,NaN,0.029,0.055,0.03,NaN,NaN,NaN,NaN,Scale-up,34.483,1.0,1.0,NaN,0.891,2025-06-12 20:49:38.817886,,
SEAMREMOTING,All,2547,2006-03-06 06:27:00,2013-02-24 11:55:00,54,54,26,28,7,47,30,17,0.011,0.019,0.017,0.061,0.013,0.022,4.692,0.367,0.433,278.689,Catch-up,16.393,0.823,0.662,0.821,0.872,2025-06-12 20:49:46.897881,,
SEAMREMOTING,Last100,0,2013-02-24 11:55:00,2013-02-24 11:55:00, , ,1,1,1,N/A,1,0,NaN,NaN,NaN,NaN,0,NaN,NaN,NaN,NaN,NaN,Catch-up,NaN,NaN,NaN,NaN,NaN,2025-06-12 20:49:46.898879,,
SEAMSOCIAL,All,836,2011-04-03 12:59:00,2013-07-17 22:36:00,34,34,16,18,10,24,22,2,0.04,0.042,0.007,0.022,0.075,0.026,0.293,0.488,0.915,90.909,Scale-up,45.455,0.852,0.913,0.78,0.589,2025-06-12 20:49:54.938040,,
SEAMSOCIAL,Last100,0,2013-07-17 22:33:00,2013-07-17 22:36:00, , ,1,1,6,N/A,2,-7,NaN,NaN,3.0,NaN,0,-3.0,NaN,NaN,NaN,NaN,Scale-up,NaN,NaN,NaN,0.429,NaN,2025-06-12 20:49:54.940035,,
SEAMINTL,All,727,2010-03-18 05:08:00,2012-03-14 20:41:00,74,74,42,32,7,67,37,30,0.063,0.074,0.02,0.072,0.117,0.107,0.615,0.46,0.854,416.667,Scale-up,13.889,0.972,0.868,0.873,0.922,2025-06-12 20:50:03.314064,,
SEAMINTL,Last100,64,2012-01-09 23:34:00,2012-03-14 20:41:00, , ,1,2,1,N/A,1,2,NaN,0.125,NaN,NaN,0,0.125,NaN,NaN,NaN,NaN,Scale-up,NaN,NaN,1.0,NaN,NaN,2025-06-12 20:50:03.318056,,
SEAMFACES,All,1057,2010-03-17 15:07:00,2013-02-07 00:31:00,247,247,112,135,23,224,132,92,0.154,0.224,0.067,0.208,0.311,0.321,0.669,0.407,0.823,442.308,Scale-up,4.808,0.916,0.93,0.944,0.887,2025-06-12 20:50:11.667473,,
SEAMFACES,Last100,22,2013-01-15 18:29:00,2013-02-07 00:31:00, , ,1,1,1,N/A,1,-1,NaN,NaN,NaN,NaN,0,NaN,NaN,NaN,NaN,NaN,Scale-up,NaN,NaN,NaN,NaN,NaN,2025-06-12 20:50:11.671460,,
SEAMPERSIST,All,1437,2009-03-28 23:38:00,2013-03-05 21:31:00,76,76,40,36,8,68,40,28,0.048,0.063,0.007,0.082,0.104,0.087,0.788,0.432,0.937,341.463,Scale-up,12.195,0.798,0.79,0.839,0.917,2025-06-12 20:50:19.868960,,
SEAMPERSIST,Last100,64,2012-12-31 12:44:00,2013-03-05 21:31:00, , ,1,1,1,N/A,1,-1,NaN,NaN,NaN,NaN,0,-0.015,NaN,NaN,NaN,NaN,Scale-up,NaN,NaN,NaN,NaN,NaN,2025-06-12 20:50:19.870952,,
SEAMMAIL,All,934,2010-05-25 20:29:00,2012-12-15 02:29:00,37,37,17,20,8,29,27,2,0.017,0.032,0.012,0.045,0.037,0.034,1.216,0.347,0.755,44.444,Catch-up,22.222,0.869,0.881,0.808,0.896,2025-06-12 20:50:28.003946,,
SEAMMAIL,Last100,0,2012-12-15 02:29:00,2012-12-15 02:29:00, , ,1,1,1,N/A,1,0,NaN,NaN,NaN,NaN,0,NaN,NaN,NaN,NaN,NaN,Catch-up,NaN,NaN,NaN,NaN,NaN,2025-06-12 20:50:28.005942,,
SEAMJMS,All,790,2010-05-21 10:47:00,2012-07-19 22:24:00,67,67,37,30,13,54,45,9,0.064,0.063,0.033,0.105,0.094,0.093,1.117,0.504,0.74,85.714,Catch-up,9.524,0.892,0.954,0.867,0.938,2025-06-12 20:50:36.218789,,
SEAMJMS,Last100,80,2012-04-30 14:47:00,2012-07-19 22:24:00, , ,1,2,1,N/A,1,2,NaN,NaN,NaN,NaN,0,0.019,NaN,NaN,NaN,NaN,Catch-up,NaN,NaN,NaN,NaN,NaN,2025-06-12 20:50:36.220755,,
SEAM,All,1005,2010-04-10 04:33:00,2013-01-09 17:56:00,129,129,40,89,23,106,59,47,0.047,0.145,0.035,0.113,0.157,0.146,0.72,0.245,0.818,415.929,Scale-up,8.85,0.844,0.844,0.81,0.829,2025-06-12 20:50:44.368549,,
SEAM,Last100,83,2012-10-17 18:01:00,2013-01-09 17:56:00, , ,2,1,1,N/A,1,2,0.013,NaN,NaN,NaN,0,0.019,NaN,NaN,NaN,NaN,Scale-up,NaN,1.0,NaN,NaN,NaN,2025-06-12 20:50:44.370543,,
SEAMCRON,All,295,2011-03-20 08:24:00,2012-01-10 03:52:00,43,43,27,16,1,42,19,23,0.178,0.053,0,0.06,0.231,0.178,0.26,0.771,1.0,383.333,Scale-up,16.667,0.909,0.669,0,0.561,2025-06-12 20:50:51.889880,,
SEAMCRON,Last100,92,2011-10-09 19:41:00,2012-01-10 03:52:00, , ,1,3,1,N/A,3,-2,NaN,0.021,NaN,0.021,0,0.015,NaN,NaN,NaN,NaN,Scale-up,47.619,NaN,0.986,NaN,0.76,2025-06-12 20:50:51.892871,,
SCRIBBLE,All,794,2010-05-29 06:47:00,2012-07-31 22:05:00,139,139,106,33,7,132,98,34,0.177,0.048,0.03,0.157,0.195,0.2,0.805,0.787,0.867,216.561,Scale-up,6.369,0.939,0.914,0.899,0.969,2025-06-12 20:51:00.041587,,
SCRIBBLE,Last100,0,2012-07-31 21:59:00,2012-07-31 22:05:00, , ,1,1,1,N/A,1,-1,NaN,NaN,NaN,NaN,0,NaN,NaN,NaN,NaN,NaN,Scale-up,NaN,NaN,NaN,NaN,NaN,2025-06-12 20:51:00.042585,,
SCALATE,All,1348,2010-01-28 08:36:00,2013-10-08 04:08:00,76,76,21,55,10,66,40,26,0.01,0.031,0.005,0.023,0.036,0.03,0.639,0.244,0.878,1130.435,Scale-up,43.478,0.754,0.352,0.65,0.32,2025-06-12 20:51:08.183468,,
SCALATE,Last100,0,2013-10-08 04:08:00,2013-10-08 04:08:00, , ,1,1,1,N/A,1,0,NaN,NaN,NaN,NaN,0,NaN,NaN,NaN,NaN,NaN,Scale-up,NaN,NaN,NaN,NaN,NaN,2025-06-12 20:51:08.185466,,
RAILO,All,2011,2008-06-17 16:40:00,2013-12-20 14:34:00,2779,2779,812,1967,468,2311,1432,879,0.408,1.053,0.271,0.754,1.19,1.196,0.634,0.279,0.815,1165.782,Scale-up,1.326,0.99,0.995,0.981,0.993,2025-06-12 20:51:17.292573,,
RAILO,Last100,99,2013-09-11 16:26:00,2013-12-20 14:34:00, , ,93,108,43,N/A,128,31,1.094,1.166,0.584,1.372,1.6759999999999997,1.722,0.819,0.484,0.742,640.671,Scale-up,0.729,0.983,0.994,0.918,0.963,2025-06-12 20:51:22.320926,,
PBR,All,2121,2008-02-15 12:10:00,2013-12-07 03:36:00,538,538,207,331,141,397,397,0,0.094,0.163,0.104,0.183,0.153,0.181,1.196,0.366,0.595,0.0,Plan-up,5.464,0.853,0.994,0.887,0.965,2025-06-12 20:51:30.816077,,
PBR,Last100,99,2013-08-29 16:14:00,2013-12-07 03:36:00, , ,11,12,13,N/A,28,-19,0.11,0.11,0.148,0.316,0.07200000000000001,0.066,4.389,0.5,0.327,0.0,Plan-up,3.165,0.915,0.959,0.938,0.972,2025-06-12 20:51:35.744574,,
PLFED,All,1816,2008-11-02 14:02:00,2013-10-23 21:52:00,301,301,162,139,10,291,289,2,0.157,0.117,0.009,0.28,0.265,0.262,1.057,0.573,0.967,7.143,Plan-up,3.571,0.968,0.903,0.922,0.977,2025-06-12 20:51:43.990945,,
PLFED,Last100,0,2013-10-23 21:52:00,2013-10-23 21:52:00, , ,1,1,1,N/A,1,0,NaN,NaN,NaN,NaN,0,NaN,NaN,NaN,NaN,NaN,Plan-up,NaN,NaN,NaN,NaN,NaN,2025-06-12 20:51:43.992940,,
MR,All,2335,2007-07-21 02:00:00,2013-12-12 00:03:00,656,656,229,427,90,566,542,24,0.119,0.206,0.047,0.266,0.278,0.265,0.957,0.366,0.855,90.226,Scale-up,3.759,0.966,0.99,0.934,0.995,2025-06-12 20:51:52.434335,,
MR,Last100,100,2013-09-02 22:44:00,2013-12-12 00:03:00, , ,3,37,7,N/A,43,-9,0.03,0.369,0.052,0.411,0.34700000000000003,0.35,1.184,0.075,0.87,58.394,Catch-up,2.433,0.792,0.936,0.776,0.953,2025-06-12 20:51:57.345137,,
MB,All,2205,2007-07-19 20:16:00,2013-08-02 06:44:00,1138,1138,174,964,235,903,783,121,0.081,0.435,0.08,0.384,0.436,0.391,0.881,0.157,0.845,315.104,Scale-up,2.604,0.969,0.979,0.423,0.971,2025-06-12 20:52:05.864260,,
MB,Last100,99,2013-04-24 09:49:00,2013-08-02 06:44:00, , ,1,1,2,N/A,2,-3,NaN,NaN,1.0,0.016,0,-1.0,NaN,NaN,NaN,NaN,Scale-up,62.5,NaN,NaN,1.0,1.0,2025-06-12 20:52:05.868250,,
PLINK2,All,1742,2009-02-04 02:17:00,2013-11-12 22:13:00,114,114,34,80,7,107,39,68,0.019,0.036,0.048,0.218,0.007,0.052,31.143,0.345,0.127,311.927,Catch-up,4.587,0.964,0.83,0.806,0.887,2025-06-12 20:52:13.956482,,
PLINK2,Last100,97,2013-08-06 23:51:00,2013-11-12 22:13:00, , ,7,17,3,N/A,16,4,0.09,0.206,0.5,0.128,-0.20400000000000001,0.278,-0.627,0.304,-0.689,531.25,Scale-up,7.812,0.804,0.504,0.75,0.525,2025-06-12 20:52:18.974538,,
MODULES,All,1244,2010-07-08 22:44:00,2013-12-04 08:20:00,172,172,67,105,22,150,134,16,0.051,0.081,0.019,0.1,0.113,0.112,0.885,0.386,0.856,160.0,Scale-up,10.0,0.881,0.949,0.944,0.895,2025-06-12 20:52:27.219618,,
MODULES,Last100,84,2013-09-10 20:44:00,2013-12-04 08:20:00, , ,1,3,1,N/A,3,-1,NaN,0.018,NaN,0.031,0,0.018,NaN,NaN,NaN,NaN,Scale-up,32.258,NaN,0.759,NaN,0.75,2025-06-12 20:52:27.223606,,
MODCLUSTER,All,2002,2008-06-24 02:24:00,2013-12-17 15:32:00,354,354,125,229,52,302,239,63,0.06,0.125,0.026,0.133,0.159,0.156,0.836,0.324,0.859,473.684,Scale-up,7.519,0.932,0.987,0.986,0.967,2025-06-12 20:52:35.442716,,
MODCLUSTER,Last100,91,2013-09-17 01:25:00,2013-12-17 15:32:00, , ,7,11,2,N/A,7,8,0.12,0.112,0.045,0.068,0.187,0.156,0.364,0.517,0.806,926.471,Scale-up,14.706,0.931,0.871,1.0,0.649,2025-06-12 20:52:40.230501,,
MODE,All,2158,2008-01-22 09:48:00,2013-12-20 00:53:00,1875,1875,763,1112,237,1638,1558,80,0.354,0.585,0.138,0.78,0.801,0.787,0.974,0.377,0.853,102.564,Scale-up,1.282,0.995,0.989,0.901,0.994,2025-06-12 20:52:49.139251,,
MODE,Last100,99,2013-09-11 13:57:00,2013-12-20 00:53:00, , ,27,54,15,N/A,67,-2,0.291,0.492,0.145,0.558,0.6379999999999999,0.623,0.875,0.372,0.815,143.369,Scale-up,1.792,0.966,0.97,0.804,0.94,2025-06-12 20:52:54.160072,,
MIGR,All,251,2013-04-12 04:22:00,2013-12-19 20:24:00,99,99,84,15,4,95,38,57,0.4,0.109,0.023,0.201,0.486,0.468,0.414,0.786,0.955,283.582,Scale-up,4.975,0.934,0.917,0.95,0.886,2025-06-12 20:53:02.282886,,
MIGR,Last100,87,2013-09-23 20:17:00,2013-12-19 20:24:00, , ,10,1,1,N/A,3,6,0.089,NaN,NaN,0.03,0,0.089,NaN,NaN,NaN,NaN,Scale-up,33.333,0.646,NaN,NaN,0.765,2025-06-12 20:53:02.285879,,
OSJC,All,819,2011-09-12 18:12:00,2013-12-09 20:42:00,90,90,25,65,4,86,69,17,0.031,0.08,0.005,0.09,0.106,0.107,0.849,0.279,0.955,188.889,Scale-up,11.111,0.847,0.874,0.883,0.84,2025-06-12 20:53:10.441654,,
OSJC,Last100,97,2013-09-03 17:19:00,2013-12-09 20:42:00, , ,10,20,1,N/A,23,7,0.12,0.24,NaN,0.231,0.36,0.351,NaN,NaN,NaN,NaN,Scale-up,4.329,0.938,0.952,NaN,0.917,2025-06-12 20:53:10.445637,,
MPJDOCBOOK,All,2015,2007-07-12 18:45:00,2013-01-17 11:36:00,76,76,39,37,15,61,45,16,0.03,0.023,0.009,0.035,0.044,0.042,0.795,0.566,0.83,457.143,Scale-up,28.571,0.949,0.96,0.926,0.973,2025-06-12 20:53:18.702168,,
MPJDOCBOOK,Last100,0,2013-01-17 11:36:00,2013-01-17 11:36:00, , ,1,1,1,N/A,1,0,NaN,NaN,NaN,NaN,0,NaN,NaN,NaN,NaN,NaN,Scale-up,NaN,NaN,NaN,NaN,NaN,2025-06-12 20:53:18.705160,,
RESTEASY,All,2119,2008-02-28 09:07:00,2013-12-17 14:33:00,967,967,322,645,86,881,633,248,0.134,0.309,0.041,0.274,0.402,0.396,0.682,0.302,0.907,905.109,Scale-up,3.65,0.967,0.995,0.965,0.991,2025-06-12 20:53:27.143739,,
RESTEASY,Last100,98,2013-09-10 00:11:00,2013-12-17 14:33:00, , ,12,48,8,N/A,37,14,0.103,0.622,0.117,0.427,0.608,0.597,0.702,0.142,0.839,580.796,Scale-up,2.342,0.921,0.918,0.555,0.838,2025-06-12 20:53:32.181279,,
PLINK,All,1737,2009-03-16 16:39:00,2013-12-18 02:18:00,292,292,157,135,14,278,198,80,0.147,0.077,0.061,0.172,0.163,0.188,1.055,0.656,0.728,465.116,Catch-up,5.814,0.471,0.516,0.903,0.402,2025-06-12 20:53:40.491196,,
PLINK,Last100,99,2013-09-10 00:49:00,2013-12-18 02:18:00, , ,44,36,4,N/A,53,22,0.441,0.417,0.04,0.613,0.818,0.823,0.749,0.514,0.953,130.506,Scale-up,1.631,0.974,0.953,0.948,0.933,2025-06-12 20:53:45.471973,,
PLIDM,All,1656,2009-05-11 19:16:00,2013-11-22 23:14:00,45,45,22,23,2,43,16,27,0.015,0.015,0.005,0.009,0.025,0.025,0.36,0.5,0.833,3000.0,Scale-up,111.111,0.859,0.939,1.0,0.774,2025-06-12 20:53:53.539999,,
PLIDM,Last100,50,2013-10-03 17:18:00,2013-11-22 23:14:00, , ,1,3,1,N/A,2,0,NaN,0.033,NaN,0.026,0,0.033,NaN,NaN,NaN,NaN,Scale-up,38.462,NaN,0.837,NaN,1.0,2025-06-12 20:53:53.541993,,
REMJMX,All,820,2011-09-22 02:09:00,2013-12-20 14:33:00,74,74,62,12,1,73,67,6,0.064,0.014,0,0.076,0.078,0.078,0.974,0.821,1.0,78.947,Scale-up,13.158,0.832,0.883,0,0.868,2025-06-12 20:54:01.219058,,
REMJMX,Last100,99,2013-09-12 01:01:00,2013-12-20 14:33:00, , ,9,2,1,N/A,9,0,0.072,0.017,NaN,0.132,0.089,0.07,NaN,NaN,NaN,NaN,Scale-up,7.576,0.757,1.0,NaN,0.827,2025-06-12 20:54:01.221052,,
REM3,All,3134,2005-04-20 18:56:00,2013-11-19 00:56:00,154,154,90,64,29,125,116,9,0.041,0.044,0.012,0.051,0.073,0.052,0.699,0.482,0.859,176.471,Scale-up,19.608,0.851,0.931,0.859,0.98,2025-06-12 20:54:09.398287,,
REM3,Last100,63,2013-09-16 23:46:00,2013-11-19 00:56:00, , ,1,4,2,N/A,6,-2,NaN,0.094,NaN,0.072,0,0.058,NaN,NaN,NaN,NaN,Scale-up,13.889,NaN,0.729,NaN,0.869,2025-06-12 20:54:09.401280,,
LOGTOOL,All,1109,2010-12-07 02:01:00,2013-12-20 05:33:00,81,81,30,51,6,75,60,15,0.027,0.044,0.005,0.051,0.066,0.066,0.773,0.38,0.93,294.118,Scale-up,19.608,0.959,0.933,0.832,0.959,2025-06-12 20:54:17.715406,,
LOGTOOL,Last100,85,2013-09-26 01:51:00,2013-12-20 05:33:00, , ,3,5,1,N/A,5,2,0.077,0.051,NaN,NaN,0.128,0.083,NaN,NaN,NaN,NaN,Scale-up,NaN,0.959,0.928,NaN,NaN,2025-06-12 20:54:17.717434,,
PCACHE,All,2814,2005-04-28 00:28:00,2013-01-10 07:53:00,78,78,54,24,29,49,24,25,0.039,0.011,0.013,0.011,0.037,0.023,0.297,0.78,0.74,2272.727,Scale-up,90.909,0.987,0.925,0.84,0.574,2025-06-12 20:54:25.814224,,
PCACHE,Last100,0,2013-01-10 07:53:00,2013-01-10 07:53:00, , ,1,1,1,N/A,1,0,NaN,NaN,NaN,NaN,0,NaN,NaN,NaN,NaN,NaN,Scale-up,NaN,NaN,NaN,NaN,NaN,2025-06-12 20:54:25.816218,,
JBWS,All,3359,2004-10-06 18:04:00,2013-12-18 01:01:00,3005,3005,1503,1502,810,2195,2122,73,0.484,0.493,0.269,0.681,0.708,0.686,0.962,0.495,0.725,107.195,Scale-up,1.468,0.963,0.936,0.957,0.966,2025-06-12 20:54:35.315283,,
JBWS,Last100,98,2013-09-10 23:32:00,2013-12-18 01:01:00, , ,24,21,3,N/A,50,-9,0.241,0.2,0.031,0.452,0.41000000000000003,0.423,1.102,0.546,0.93,161.504,Catch-up,2.212,0.968,0.966,0.765,0.974,2025-06-12 20:54:40.305997,,
PLANNER,All,2504,2007-02-03 22:16:00,2013-12-13 17:09:00,210,210,118,92,18,192,105,87,0.043,0.049,0.009,0.048,0.083,0.074,0.578,0.467,0.902,1812.5,Scale-up,20.833,0.91,0.759,0.653,0.817,2025-06-12 20:54:48.494812,,
PLANNER,Last100,100,2013-09-04 06:37:00,2013-12-13 17:09:00, , ,11,17,3,N/A,11,13,0.081,0.163,0.024,0.116,0.22,0.204,0.527,0.332,0.902,750.0,Scale-up,8.621,0.924,0.967,0.75,0.884,2025-06-12 20:54:53.396744,,
PRESSGANG,All,2209,2007-03-02 05:58:00,2013-03-20 05:47:00,80,80,57,23,10,70,31,39,0.046,0.021,0.011,0.039,0.056,0.055,0.696,0.687,0.836,1000.0,Scale-up,25.641,0.784,0.967,0.893,0.902,2025-06-12 20:55:01.584009,,
PRESSGANG,Last100,13,2013-03-07 05:11:00,2013-03-20 05:47:00, , ,1,1,1,N/A,1,1,NaN,NaN,NaN,NaN,0,0.071,NaN,NaN,NaN,NaN,Scale-up,NaN,NaN,NaN,NaN,NaN,2025-06-12 20:55:01.586005,,
KOSMOS,All,467,2005-08-12 01:58:00,2006-11-22 22:03:00,40,40,25,15,2,38,24,14,0.057,0.027,0.005,0.097,0.079,0.075,1.228,0.679,0.94,144.33,Catch-up,10.309,0.597,0.824,1.0,0.835,2025-06-12 20:55:09.578109,,
KOSMOS,Last100,21,2006-11-01 06:46:00,2006-11-22 22:03:00, , ,1,1,1,N/A,1,1,NaN,NaN,NaN,NaN,0,0.045,NaN,NaN,NaN,NaN,Catch-up,NaN,NaN,NaN,NaN,NaN,2025-06-12 20:55:09.580105,,
JGRP,All,3283,2004-12-24 22:01:00,2013-12-20 22:43:00,1653,1653,790,863,275,1378,1298,80,0.258,0.257,0.09,0.407,0.425,0.419,0.958,0.501,0.825,196.56,Scale-up,2.457,0.972,0.995,0.996,0.992,2025-06-12 20:55:18.446971,,
JGRP,Last100,100,2013-09-11 22:24:00,2013-12-20 22:43:00, , ,18,53,7,N/A,50,13,0.145,0.524,0.062,0.412,0.607,0.605,0.679,0.217,0.907,194.175,Scale-up,2.427,0.932,0.971,0.856,0.977,2025-06-12 20:55:23.515533,,
MSC,All,1260,2010-07-08 22:41:00,2013-12-20 05:21:00,127,127,61,66,11,116,111,5,0.064,0.048,0.008,0.09,0.104,0.09,0.865,0.571,0.929,55.556,Scale-up,11.111,0.673,0.868,0.91,0.785,2025-06-12 20:55:31.715951,,
MSC,Last100,97,2013-09-13 21:16:00,2013-12-20 05:21:00, , ,1,4,1,N/A,2,1,NaN,0.031,NaN,NaN,0,0.033,NaN,NaN,NaN,NaN,Scale-up,NaN,NaN,0.989,NaN,NaN,2025-06-12 20:55:31.718947,,
JBXB,All,3200,2004-11-28 02:19:00,2013-09-02 13:10:00,239,239,135,104,22,217,199,19,0.06,0.056,0.008,0.101,0.108,0.101,0.935,0.517,0.931,188.119,Scale-up,9.901,0.981,0.976,0.957,0.981,2025-06-12 20:55:39.925979,,
JBXB,Last100,0,2013-09-02 13:10:00,2013-09-02 13:10:00, , ,1,1,1,N/A,1,0,NaN,NaN,NaN,NaN,0,NaN,NaN,NaN,NaN,NaN,Scale-up,NaN,NaN,NaN,NaN,NaN,2025-06-12 20:55:39.928942,,
LIVEOAK,All,15,2013-12-03 22:53:00,2013-12-19 04:17:00,69,69,38,31,0,69,19,50,2.077,1.693,0,1.29,3.77,3.783,0.342,0.551,1.0,38.76,Scale-up,0.775,0.852,0.783,0,0.667,2025-06-12 20:55:47.624311,,
LIVEOAK,Last100,15,2013-12-03 22:53:00,2013-12-19 04:17:00, , ,38,31,1,N/A,19,49,2.16,1.679,0,1.18,3.8390000000000004,3.865,0.307,0.563,1.0,42.373,Scale-up,0.847,0.875,0.811,0,0.646,2025-06-12 20:55:52.078927,,
NETTY,All,1529,2008-08-12 17:53:00,2012-10-19 19:16:00,459,459,195,264,37,422,379,44,0.19,0.198,0.028,0.255,0.36,0.333,0.708,0.49,0.928,172.549,Scale-up,3.922,0.915,0.99,0.972,0.898,2025-06-12 20:56:00.531639,,
NETTY,Last100,14,2012-10-05 13:32:00,2012-10-19 19:16:00, , ,1,1,2,N/A,18,-19,NaN,NaN,NaN,0.71,0,NaN,NaN,NaN,NaN,NaN,Scale-up,1.408,NaN,NaN,NaN,0.621,2025-06-12 20:56:00.534634,,
JOPR,All,1627,2007-09-29 03:43:00,2012-03-14 01:36:00,406,406,157,249,46,360,215,145,0.38,0.652,0.054,0.565,0.978,0.783,0.578,0.368,0.948,256.637,Scale-up,1.77,0.871,0.945,0.599,0.865,2025-06-12 20:56:09.026438,,
JOPR,Last100,0,2012-03-14 01:36:00,2012-03-14 01:36:00, , ,1,1,1,N/A,1,0,NaN,NaN,NaN,NaN,0,NaN,NaN,NaN,NaN,NaN,Scale-up,NaN,NaN,NaN,NaN,NaN,2025-06-12 20:56:09.028403,,
KEYCLOAK,All,161,2013-07-09 23:43:00,2013-12-18 01:20:00,235,235,75,160,9,226,150,76,0.43,1.138,0.111,1.215,1.457,1.358,0.834,0.274,0.929,62.551,Scale-up,0.823,0.985,0.945,0.965,0.87,2025-06-12 20:56:17.356221,,
KEYCLOAK,Last100,99,2013-09-09 23:52:00,2013-12-18 01:20:00, , ,45,137,9,N/A,138,34,0.444,1.366,0.11,1.578,1.7,1.677,0.928,0.245,0.939,48.162,Scale-up,0.634,0.984,0.961,0.968,0.932,2025-06-12 20:56:22.458040,,
JBTM,All,2918,2005-12-24 06:03:00,2013-12-20 21:13:00,1976,1976,1032,944,338,1638,1475,163,0.333,0.305,0.141,0.483,0.497,0.534,0.972,0.522,0.779,337.474,Scale-up,2.07,0.972,0.842,0.845,0.93,2025-06-12 20:56:31.659179,,
JBTM,Last100,99,2013-09-11 21:17:00,2013-12-20 21:13:00, , ,47,96,45,N/A,142,-43,0.433,1.055,0.487,1.44,1.001,0.992,1.439,0.291,0.673,113.194,Catch-up,0.694,0.954,0.993,0.928,0.976,2025-06-12 20:56:36.868877,,
JDF,All,645,2012-03-12 19:54:00,2013-12-18 07:28:00,535,535,272,263,32,503,356,147,0.482,0.448,0.061,0.642,0.869,0.872,0.739,0.518,0.934,228.972,Scale-up,1.558,0.963,0.968,0.988,0.94,2025-06-12 20:56:45.384009,,
JDF,Last100,99,2013-09-09 21:27:00,2013-12-18 07:28:00, , ,39,52,6,N/A,72,12,0.315,0.767,0.055,0.812,1.0270000000000001,0.895,0.791,0.291,0.949,181.034,Scale-up,1.232,0.907,0.929,0.893,0.981,2025-06-12 20:56:50.377522,,
JBSHOTOKU,All,792,2005-10-12 00:30:00,2007-12-13 17:21:00,104,104,90,14,26,78,78,0,0.204,0.025,0.022,0.194,0.207,0.086,0.937,0.891,0.904,0.0,Start-up,5.155,0.809,0.954,0.666,0.88,2025-06-12 20:56:58.445234,,
JBSHOTOKU,Last100,0,2007-12-13 17:21:00,2007-12-13 17:21:00, , ,1,1,17,N/A,1,-16,NaN,NaN,NaN,NaN,0,NaN,NaN,NaN,NaN,NaN,Start-up,NaN,NaN,NaN,NaN,NaN,2025-06-12 20:56:58.446232,,
JSFUNIT,All,2121,2007-05-15 07:27:00,2013-03-06 03:45:00,263,263,147,116,48,215,170,45,0.089,0.065,0.033,0.111,0.121,0.117,0.917,0.578,0.786,405.405,Scale-up,9.009,0.915,0.931,0.872,0.908,2025-06-12 20:57:06.583691,,
JSFUNIT,Last100,0,2013-03-06 03:45:00,2013-03-06 03:45:00, , ,1,1,1,N/A,1,0,NaN,NaN,NaN,NaN,0,NaN,NaN,NaN,NaN,NaN,Scale-up,NaN,NaN,NaN,NaN,NaN,2025-06-12 20:57:06.585684,,
MOP,All,369,2009-07-30 21:45:00,2010-08-04 09:11:00,44,44,15,29,2,42,15,27,0.031,0.228,0.008,0.117,0.251,0.131,0.466,0.12,0.969,230.769,Scale-up,8.547,0.434,0.662,1.0,0.813,2025-06-12 20:57:14.513587,,
MOP,Last100,0,2010-08-04 09:11:00,2010-08-04 09:11:00, , ,1,1,1,N/A,1,0,NaN,NaN,NaN,NaN,0,NaN,NaN,NaN,NaN,NaN,Scale-up,NaN,NaN,NaN,NaN,NaN,2025-06-12 20:57:14.515583,,
MODETOOLS,All,1700,2009-03-19 00:07:00,2013-11-13 21:57:00,64,64,49,15,9,55,48,7,0.027,0.015,0.005,0.036,0.037,0.032,0.973,0.643,0.881,194.444,Scale-up,27.778,0.709,0.828,0.914,0.6,2025-06-12 20:57:23.745343,,
MODETOOLS,Last100,83,2013-08-21 22:58:00,2013-11-13 21:57:00, , ,1,2,1,N/A,3,0,NaN,0.037,NaN,0.027,0,0.033,NaN,NaN,NaN,NaN,Scale-up,37.037,NaN,1.0,NaN,0.75,2025-06-12 20:57:23.748343,,
LOGMGR,All,1747,2009-03-08 14:59:00,2013-12-20 05:34:00,85,85,23,62,7,78,65,14,0.011,0.033,0.014,0.032,0.03,0.041,1.067,0.25,0.682,437.5,Catch-up,31.25,0.931,0.948,0.808,0.972,2025-06-12 20:57:32.574760,,
LOGMGR,Last100,83,2013-09-27 08:33:00,2013-12-20 05:34:00, , ,2,5,1,N/A,3,2,0.045,0.066,NaN,0.025,0.111,0.082,NaN,NaN,NaN,NaN,Catch-up,40.0,1.0,0.896,NaN,0.838,2025-06-12 20:57:32.577751,,
JBWIKI,All,1436,2005-07-29 01:06:00,2009-07-04 21:59:00,104,104,77,27,10,94,70,24,0.068,0.017,0.023,0.055,0.062,0.068,0.887,0.8,0.729,436.364,Scale-up,18.182,0.461,0.788,0.484,0.472,2025-06-12 20:57:40.838828,,
JBWIKI,Last100,0,2009-07-04 21:33:00,2009-07-04 21:59:00, , ,1,1,1,N/A,2,-1,NaN,NaN,NaN,1.0,0,1.0,NaN,NaN,NaN,NaN,Scale-up,1.0,NaN,NaN,NaN,1.0,2025-06-12 20:57:40.840793,,
JBVFS,All,2484,2006-12-03 01:25:00,2013-09-21 05:17:00,184,184,107,77,8,176,151,25,0.065,0.038,0.008,0.084,0.095,0.095,0.884,0.631,0.922,297.619,Scale-up,11.905,0.775,0.93,0.906,0.751,2025-06-12 20:57:49.099425,,
JBVFS,Last100,85,2013-06-27 13:21:00,2013-09-21 05:17:00, , ,2,1,1,N/A,5,-3,0.053,NaN,NaN,0.081,0,0.021,NaN,NaN,NaN,NaN,Scale-up,12.346,1.0,NaN,NaN,0.664,2025-06-12 20:57:49.102420,,
JBTIS,All,1309,2010-05-20 18:56:00,2013-12-20 04:18:00,177,177,100,77,18,159,136,23,0.134,0.118,0.058,0.473,0.194,0.237,2.438,0.532,0.77,48.626,Catch-up,2.114,0.565,0.745,0.906,0.979,2025-06-12 20:57:57.378355,,
JBTIS,Last100,99,2013-09-11 15:33:00,2013-12-20 04:18:00, , ,35,17,8,N/A,46,-3,0.386,0.18,0.087,0.533,0.4790000000000001,0.441,1.113,0.682,0.846,43.152,Catch-up,1.876,0.963,0.882,0.884,0.976,2025-06-12 20:58:02.384678,,
JBWEB,All,3307,2004-11-28 03:11:00,2013-12-18 17:48:00,234,234,79,155,68,166,113,53,0.022,0.049,0.023,0.035,0.048,0.046,0.729,0.31,0.676,1514.286,Scale-up,28.571,0.971,0.98,0.973,0.988,2025-06-12 20:58:10.813257,,
JBWEB,Last100,69,2013-10-09 21:17:00,2013-12-18 17:48:00, , ,1,6,1,N/A,4,2,NaN,0.098,NaN,0.036,0,0.123,NaN,NaN,NaN,NaN,Scale-up,27.778,NaN,0.741,NaN,0.614,2025-06-12 20:58:10.816266,,
JBSER,All,2903,2005-07-27 02:54:00,2013-07-08 17:07:00,127,127,62,65,14,113,87,26,0.025,0.023,0.009,0.03,0.039,0.04,0.769,0.521,0.812,866.667,Scale-up,33.333,0.602,0.774,0.947,0.424,2025-06-12 20:58:18.955694,,
JBSER,Last100,48,2013-05-20 22:55:00,2013-07-08 17:07:00, , ,1,1,1,N/A,2,1,NaN,NaN,NaN,NaN,0,0.02,NaN,NaN,NaN,NaN,Scale-up,NaN,NaN,NaN,NaN,NaN,2025-06-12 20:58:18.957689,,
JBRULES,All,2906,2005-12-05 23:17:00,2013-11-20 21:42:00,2903,2903,1115,1788,466,2437,1984,453,0.452,0.694,0.177,0.739,0.969,0.938,0.763,0.394,0.846,612.991,Scale-up,1.353,0.98,0.994,0.972,0.986,2025-06-12 20:58:28.407131,,
JBRULES,Last100,70,2013-09-11 03:39:00,2013-11-20 21:42:00, , ,1,1,7,N/A,1,-7,NaN,NaN,0.064,NaN,0,-0.064,NaN,NaN,NaN,NaN,Scale-up,NaN,NaN,NaN,0.597,NaN,2025-06-12 20:58:28.417104,,
JBPORTAL,All,3780,2003-03-28 00:09:00,2013-08-02 07:15:00,2124,2124,1115,1009,679,1445,1442,3,0.733,0.534,0.191,0.946,1.076,0.614,0.879,0.579,0.849,3.171,Start-up,1.057,0.945,0.948,0.877,0.984,2025-06-12 20:58:37.724487,,
JBPORTAL,Last100,56,2013-06-06 14:30:00,2013-08-02 07:15:00, , ,1,1,1,N/A,1,0,NaN,NaN,NaN,NaN,0,0.009,NaN,NaN,NaN,NaN,Start-up,NaN,NaN,NaN,NaN,NaN,2025-06-12 20:58:37.730470,,
JBSSO,All,1035,2006-05-09 05:39:00,2009-03-10 01:04:00,54,54,36,18,3,51,26,25,0.028,0.015,0.002,0.021,0.041,0.038,0.512,0.651,0.953,1190.476,Scale-up,47.619,0.794,0.894,0.938,0.884,2025-06-12 20:58:45.887326,,
JBSSO,Last100,95,2008-12-04 23:48:00,2009-03-10 01:04:00, , ,5,5,1,N/A,3,5,0.035,0.03,NaN,1.5,0.065,0.058,NaN,NaN,NaN,NaN,Scale-up,0.667,0.822,0.849,NaN,0.75,2025-06-12 20:58:45.890319,,
JBPM,All,3311,2004-11-23 17:07:00,2013-12-18 04:08:00,3616,3616,1925,1691,1067,2549,2084,465,0.669,0.549,0.46,0.695,0.758,0.793,0.917,0.549,0.622,669.065,Scale-up,1.439,0.932,0.982,0.825,0.971,2025-06-12 20:58:55.651539,,
JBPM,Last100,99,2013-09-10 00:00:00,2013-12-18 04:08:00, , ,36,54,17,N/A,61,11,0.305,0.5,0.18,0.66,0.625,0.611,1.056,0.379,0.776,704.545,Catch-up,1.515,0.773,0.99,0.862,0.964,2025-06-12 20:59:00.706211,,
JBPAPP6,All,2874,2005-04-19 07:46:00,2013-03-02 09:54:00,1373,1373,240,1133,464,909,908,1,0.195,2.448,0.787,2.335,1.856,1.835,1.258,0.074,0.702,0.428,Plan-up,0.428,0.557,0.909,0.417,0.927,2025-06-12 20:59:09.582035,,
JBPAPP6,Last100,99,2012-11-22 17:33:00,2013-03-02 09:54:00, , ,15,84,366,N/A,49,-317,0.226,1.384,4.582,0.687,-2.972,-2.539,-0.231,0.14,-1.846,1.456,Start-up,1.456,0.944,0.959,0.063,0.897,2025-06-12 20:59:14.748256,,
JBPAPP,All,2485,2007-03-02 09:38:00,2013-12-21 04:51:00,5181,5181,1695,3486,904,4277,3836,441,0.916,1.848,0.484,2.018,2.28,2.29,0.885,0.331,0.825,218.533,Scale-up,0.496,0.952,0.98,0.957,0.978,2025-06-12 20:59:24.764728,,
JBPAPP,Last100,100,2013-09-11 22:50:00,2013-12-21 04:51:00, , ,26,19,6,N/A,45,-5,0.337,0.148,0.087,0.386,0.398,0.355,0.97,0.695,0.821,1142.487,Scale-up,2.591,0.932,0.944,0.982,0.653,2025-06-12 20:59:29.640576,,
JBOSGI,All,2424,2007-03-28 22:04:00,2013-11-16 08:18:00,618,618,409,209,143,475,404,71,0.212,0.124,0.082,0.239,0.254,0.247,0.941,0.631,0.756,297.071,Scale-up,4.184,0.914,0.99,0.964,0.946,2025-06-12 20:59:38.106584,,
JBOSGI,Last100,77,2013-08-30 19:47:00,2013-11-16 08:18:00, , ,1,9,1,N/A,1,6,NaN,0.108,NaN,NaN,0,0.101,NaN,NaN,NaN,NaN,Scale-up,NaN,NaN,0.859,NaN,NaN,2025-06-12 20:59:38.109575,,
JBNET,All,1286,2005-01-01 00:44:00,2008-07-10 05:44:00,1431,1431,959,472,389,1042,1042,0,1.127,0.702,0.401,1.418,1.428,1.513,0.993,0.616,0.781,0.0,Start-up,0.705,0.874,0.984,0.542,0.895,2025-06-12 20:59:47.376392,,
JBNET,Last100,99,2008-04-02 05:06:00,2008-07-10 05:44:00, , ,57,66,271,N/A,74,-221,0.97,0.995,3.278,0.889,-1.3130000000000002,-1.75,-0.677,0.494,-0.668,0.0,Start-up,1.125,0.707,0.974,0.825,0.98,2025-06-12 20:59:52.558639,,
JBREM,All,3326,2004-11-09 04:30:00,2013-12-18 22:30:00,1078,1078,638,440,160,918,910,8,0.294,0.178,0.06,0.41,0.412,0.37,0.995,0.623,0.873,19.512,Start-up,2.439,0.883,0.917,0.955,0.924,2025-06-12 21:00:01.510026,,
JBREM,Last100,45,2013-11-03 10:37:00,2013-12-18 22:30:00, , ,1,1,2,N/A,3,-2,NaN,NaN,NaN,0.197,0,0.03,NaN,NaN,NaN,NaN,Start-up,5.076,NaN,NaN,NaN,0.987,2025-06-12 21:00:01.517008,,
JBPROFILER,All,3281,2004-12-10 06:35:00,2013-12-04 17:54:00,103,103,65,38,10,93,51,42,0.024,0.015,0.003,0.021,0.036,0.037,0.583,0.615,0.923,2000.0,Scale-up,47.619,0.925,0.829,0.839,0.822,2025-06-12 21:00:09.750727,,
JBPROFILER,Last100,0,2013-12-04 17:54:00,2013-12-04 17:54:00, , ,1,1,1,N/A,1,0,NaN,NaN,NaN,NaN,0,NaN,NaN,NaN,NaN,NaN,Scale-up,NaN,NaN,NaN,NaN,NaN,2025-06-12 21:00:09.779758,,
JBMETA,All,2411,2007-04-27 11:07:00,2013-12-02 17:43:00,339,339,188,151,12,327,297,30,0.128,0.077,0.005,0.186,0.2,0.192,0.93,0.624,0.976,161.29,Scale-up,5.376,0.901,0.875,0.973,0.893,2025-06-12 21:00:17.892140,,
JBMETA,Last100,31,2013-11-01 02:25:00,2013-12-02 17:43:00, , ,1,2,1,N/A,1,0,NaN,0.031,NaN,NaN,0,0.031,NaN,NaN,NaN,NaN,Scale-up,NaN,NaN,1.0,NaN,NaN,2025-06-12 21:00:17.895130,,
JBID,All,620,2008-05-06 07:52:00,2010-01-17 02:38:00,161,161,138,23,2,159,159,0,0.246,0.058,0.009,0.289,0.295,0.287,0.98,0.809,0.97,0.0,Start-up,3.46,0.923,0.96,1.0,0.896,2025-06-12 21:00:26.138640,,
JBID,Last100,99,2009-10-10 02:32:00,2010-01-17 02:38:00, , ,15,8,1,N/A,39,-17,0.238,0.109,NaN,0.479,0.347,0.317,NaN,NaN,NaN,NaN,Start-up,2.088,0.94,0.718,NaN,0.808,2025-06-12 21:00:26.141632,,
JBLAB,All,2446,2004-11-14 04:32:00,2011-07-27 19:46:00,727,727,634,93,235,492,436,56,0.524,0.074,0.14,0.37,0.458,0.379,0.808,0.876,0.766,151.351,Scale-up,2.703,0.91,0.881,0.572,0.836,2025-06-12 21:00:34.690917,,
JBLAB,Last100,0,2011-07-27 19:46:00,2011-07-27 19:46:00, , ,1,1,1,N/A,1,0,NaN,NaN,NaN,NaN,0,NaN,NaN,NaN,NaN,NaN,Scale-up,NaN,NaN,NaN,NaN,NaN,2025-06-12 21:00:34.693911,,
JBREFLECT,All,2023,2006-12-06 22:09:00,2012-06-21 20:22:00,125,125,88,37,3,122,104,18,0.058,0.037,0.002,0.087,0.093,0.083,0.935,0.611,0.979,206.897,Scale-up,11.494,0.897,0.837,0.917,0.872,2025-06-12 21:00:42.984663,,
JBREFLECT,Last100,8,2012-06-13 15:53:00,2012-06-21 20:22:00, , ,1,1,1,N/A,1,-1,NaN,NaN,NaN,NaN,0,NaN,NaN,NaN,NaN,NaN,Scale-up,NaN,NaN,NaN,NaN,NaN,2025-06-12 21:00:42.986657,,
JBNMAN,All,988,2005-05-03 02:40:00,2008-01-17 01:40:00,377,377,187,190,23,354,258,96,0.504,0.463,0.026,0.805,0.941,0.746,0.855,0.521,0.973,119.255,Scale-up,1.242,0.802,0.759,0.697,0.936,2025-06-12 21:00:51.461436,,
JBNMAN,Last100,0,2008-01-17 00:25:00,2008-01-17 01:40:00, , ,1,1,1,N/A,1,-1,NaN,NaN,NaN,NaN,0,NaN,NaN,NaN,NaN,NaN,Scale-up,NaN,NaN,NaN,NaN,NaN,2025-06-12 21:00:51.464428,,
JBMICROCONT,All,2987,2004-12-02 06:44:00,2013-02-06 06:15:00,313,313,250,63,20,293,287,6,0.14,0.043,0.009,0.197,0.174,0.167,1.132,0.765,0.951,30.457,Catch-up,5.076,0.935,0.972,0.903,0.908,2025-06-12 21:00:59.860868,,
JBMICROCONT,Last100,0,2013-02-06 06:15:00,2013-02-06 06:15:00, , ,1,1,1,N/A,1,0,NaN,NaN,NaN,NaN,0,NaN,NaN,NaN,NaN,NaN,Catch-up,NaN,NaN,NaN,NaN,NaN,2025-06-12 21:00:59.862863,,
JBFORUMS,All,3283,2004-12-10 01:02:00,2013-12-06 13:35:00,218,218,113,105,22,196,149,47,0.049,0.045,0.01,0.158,0.084,0.085,1.881,0.521,0.894,297.468,Catch-up,6.329,0.627,0.635,0.368,0.888,2025-06-12 21:01:08.264707,,
JBFORUMS,Last100,84,2013-09-12 14:44:00,2013-12-06 13:35:00, , ,1,2,1,N/A,1,1,NaN,0.012,NaN,NaN,0,0.012,NaN,NaN,NaN,NaN,Catch-up,NaN,NaN,1.0,NaN,NaN,2025-06-12 21:01:08.266704,,
JBMESSAGING,All,3301,2004-12-04 08:04:00,2013-12-18 16:13:00,1623,1623,821,802,396,1227,1134,93,0.419,0.344,0.245,0.536,0.518,0.51,1.035,0.549,0.679,173.507,Catch-up,1.866,0.916,0.925,0.879,0.923,2025-06-12 21:01:17.404649,,
JBMESSAGING,Last100,97,2013-09-12 16:11:00,2013-12-18 16:13:00, , ,1,2,1,N/A,2,2,NaN,0.013,NaN,0.143,0,0.019,NaN,NaN,NaN,NaN,Catch-up,6.993,NaN,1.0,NaN,1.0,2025-06-12 21:01:17.409635,,
JBMDR,All,2372,2006-03-02 19:52:00,2012-08-29 20:21:00,67,67,55,12,0,67,60,7,0.05,0.006,0,0.054,0.056,0.045,0.964,0.893,1.0,129.63,Scale-up,18.519,0.806,0.95,0,0.817,2025-06-12 21:01:24.883995,,
JBMDR,Last100,0,2012-08-29 20:21:00,2012-08-29 20:21:00, , ,1,1,1,N/A,1,0,NaN,NaN,0,NaN,0,NaN,NaN,NaN,NaN,NaN,Scale-up,NaN,NaN,NaN,0,NaN,2025-06-12 21:01:24.884993,,
JBMAIL,All,711,2005-01-02 04:05:00,2006-12-14 08:26:00,146,146,95,51,72,74,74,0,0.159,0.073,0.077,0.139,0.155,0.131,0.897,0.685,0.668,0.0,Start-up,7.194,0.927,0.925,0.402,0.954,2025-06-12 21:01:33.006846,,
JBMAIL,Last100,76,2006-09-28 21:06:00,2006-12-14 08:26:00, , ,1,3,60,N/A,1,-57,NaN,0.095,NaN,NaN,0,-0.442,NaN,NaN,NaN,NaN,Start-up,NaN,NaN,0.949,NaN,NaN,2025-06-12 21:01:33.008843,,
JBEWS,All,1540,2008-11-07 07:19:00,2013-01-25 16:08:00,312,312,78,234,95,217,217,1,0.059,0.166,0.052,0.16,0.173,0.163,0.925,0.262,0.769,6.25,Start-up,6.25,0.921,0.947,0.755,0.923,2025-06-12 21:01:41.435113,,
JBEWS,Last100,99,2012-10-18 03:37:00,2013-01-25 16:08:00, , ,2,4,52,N/A,6,-51,0.143,0.068,0.262,0.045,-0.05100000000000002,-0.237,-0.882,0.678,-0.242,22.222,Start-up,22.222,1.0,0.831,0.163,0.606,2025-06-12 21:01:46.355814,,
JBKERNEL,All,3060,2005-07-28 00:00:00,2013-12-13 21:25:00,116,116,86,30,1,115,85,30,0.061,0.04,0,0.086,0.101,0.089,0.851,0.604,1.0,348.837,Scale-up,11.628,0.616,0.715,0,0.521,2025-06-12 21:01:53.860311,,
JBKERNEL,Last100,0,2013-12-13 18:04:00,2013-12-13 21:25:00, , ,1,1,1,N/A,1,-1,NaN,NaN,NaN,NaN,0,NaN,NaN,NaN,NaN,NaN,Scale-up,NaN,NaN,NaN,NaN,NaN,2025-06-12 21:01:53.862304,,
JBNATIVE,All,2607,2006-07-14 14:45:00,2013-09-03 07:26:00,34,34,12,22,4,30,21,9,0.005,0.009,0.002,0.012,0.012,0.011,1.0,0.357,0.857,750.0,Catch-up,83.333,0.783,0.762,0.668,0.766,2025-06-12 21:02:02.012548,,
JBNATIVE,Last100,0,2013-09-03 07:26:00,2013-09-03 07:26:00, , ,1,1,1,N/A,1,0,NaN,NaN,NaN,NaN,0,NaN,NaN,NaN,NaN,NaN,Catch-up,NaN,NaN,NaN,NaN,NaN,2025-06-12 21:02:02.013544,,
JBNAME,All,1925,2007-08-20 11:10:00,2012-11-27 07:44:00,56,56,37,19,2,54,40,14,0.051,0.011,0.001,0.03,0.061,0.033,0.492,0.823,0.984,466.667,Scale-up,33.333,0.953,0.935,1.0,0.748,2025-06-12 21:02:10.105164,,
JBNAME,Last100,0,2012-11-27 07:44:00,2012-11-27 07:44:00, , ,1,1,1,N/A,1,0,NaN,NaN,NaN,NaN,0,NaN,NaN,NaN,NaN,NaN,Scale-up,NaN,NaN,NaN,NaN,NaN,2025-06-12 21:02:10.107159,,
JBNADM,All,1939,2006-02-09 04:29:00,2011-06-03 02:54:00,110,110,64,46,14,96,75,21,0.064,0.084,0.008,0.166,0.14,0.096,1.186,0.432,0.946,126.506,Catch-up,6.024,0.642,0.51,0.496,0.84,2025-06-12 21:02:18.333551,,
JBNADM,Last100,62,2011-04-01 23:42:00,2011-06-03 02:54:00, , ,1,1,1,N/A,1,-1,NaN,NaN,NaN,NaN,0,-0.016,NaN,NaN,NaN,NaN,Catch-up,NaN,NaN,NaN,NaN,NaN,2025-06-12 21:02:18.335546,,
JBMAR,All,1905,2008-10-02 23:00:00,2013-12-21 00:01:00,155,155,53,102,14,141,132,9,0.035,0.049,0.007,0.071,0.077,0.069,0.922,0.417,0.917,126.761,Scale-up,14.085,0.749,0.912,0.906,0.867,2025-06-12 21:02:26.504118,,
JBMAR,Last100,84,2013-09-27 13:00:00,2013-12-21 00:01:00, , ,1,3,1,N/A,3,-1,NaN,0.038,NaN,0.023,0,0.028,NaN,NaN,NaN,NaN,Scale-up,43.478,NaN,0.942,NaN,0.992,2025-06-12 21:02:26.507110,,
JBMAN,All,1607,2007-11-08 21:06:00,2012-04-03 19:06:00,95,95,71,24,4,91,86,5,0.116,0.019,0.002,0.157,0.133,0.093,1.18,0.859,0.985,31.847,Catch-up,6.369,0.904,0.465,0.756,0.907,2025-06-12 21:02:34.620461,,
JBMAN,Last100,0,2012-04-03 15:03:00,2012-04-03 19:06:00, , ,1,1,1,N/A,1,-1,NaN,NaN,NaN,NaN,0,NaN,NaN,NaN,NaN,NaN,Catch-up,NaN,NaN,NaN,NaN,NaN,2025-06-12 21:02:34.622457,,
DROOLS,All,2741,2006-07-03 20:53:00,2014-01-04 18:30:00,389,389,81,308,28,361,257,104,0.033,0.373,0.068,0.679,0.338,0.288,2.009,0.081,0.833,153.166,Catch-up,1.473,0.322,0.564,0.93,0.93,2025-06-12 21:02:43.021120,,
DROOLS,Last100,99,2013-09-27 05:44:00,2014-01-04 18:30:00, , ,24,93,13,N/A,125,-22,0.264,0.945,0.204,1.655,1.0050000000000001,1.055,1.647,0.218,0.831,62.84,Catch-up,0.604,0.968,0.989,0.806,0.925,2025-06-12 21:02:48.081069,,
JBLOGGING,All,2081,2008-04-08 18:23:00,2013-12-20 05:35:00,60,60,29,31,16,44,38,6,0.013,0.019,0.012,0.018,0.02,0.021,0.9,0.406,0.625,333.333,Scale-up,55.556,0.987,0.925,0.758,0.969,2025-06-12 21:02:56.227225,,
JBLOGGING,Last100,70,2013-10-10 22:51:00,2013-12-20 05:35:00, , ,1,1,1,N/A,3,-2,NaN,NaN,NaN,0.75,0,0.015,NaN,NaN,NaN,NaN,Scale-up,1.333,NaN,NaN,NaN,0.75,2025-06-12 21:02:56.229221,,
JBJMX,All,4164,2002-02-12 20:15:00,2013-07-09 19:42:00,90,90,7,83,38,52,48,4,0.003,0.027,0.012,0.071,0.018,0.012,3.944,0.1,0.6,56.338,Catch-up,14.085,0.901,0.65,0.615,0.065,2025-06-12 21:03:04.259274,,
JBJMX,Last100,0,2013-07-08 20:56:00,2013-07-09 19:42:00, , ,1,1,1,N/A,1,-1,NaN,NaN,NaN,NaN,0,NaN,NaN,NaN,NaN,NaN,Catch-up,NaN,NaN,NaN,NaN,NaN,2025-06-12 21:03:04.261268,,
JBJPA,All,1777,2008-11-06 18:19:00,2013-09-19 02:00:00,35,35,17,18,6,29,21,8,0.012,0.008,0.003,0.026,0.017,0.014,1.529,0.6,0.85,307.692,Catch-up,38.462,0.699,0.78,0.846,0.954,2025-06-12 21:03:12.399897,,
JBJPA,Last100,0,2013-09-19 01:20:00,2013-09-19 02:00:00, , ,1,2,1,N/A,1,1,NaN,1.0,NaN,NaN,0,1.0,NaN,NaN,NaN,NaN,Catch-up,NaN,NaN,1.0,NaN,NaN,2025-06-12 21:03:12.401924,,
JBDEPLOY,All,2372,2006-10-17 04:33:00,2013-04-16 03:20:00,252,252,209,43,13,239,227,12,0.2,0.026,0.007,0.216,0.219,0.196,0.986,0.885,0.969,55.556,Scale-up,4.63,0.895,0.832,0.897,0.893,2025-06-12 21:03:20.698626,,
JBDEPLOY,Last100,62,2013-02-12 09:21:00,2013-04-16 03:20:00, , ,1,2,1,N/A,1,1,NaN,0.016,NaN,NaN,0,0.016,NaN,NaN,NaN,NaN,Scale-up,NaN,NaN,1.0,NaN,NaN,2025-06-12 21:03:20.700620,,
JBCACHE,All,3381,2004-05-12 20:58:00,2013-08-15 01:17:00,1405,1405,714,691,256,1149,1040,109,0.453,0.304,0.162,0.566,0.595,0.554,0.951,0.598,0.786,192.58,Scale-up,1.767,0.923,0.916,0.934,0.887,2025-06-12 21:03:29.556389,,
JBCACHE,Last100,0,2013-08-15 01:17:00,2013-08-15 01:17:00, , ,1,1,1,N/A,1,0,NaN,NaN,NaN,NaN,0,NaN,NaN,NaN,NaN,NaN,Scale-up,NaN,NaN,NaN,NaN,NaN,2025-06-12 21:03:29.559412,,
JBBENCH,All,2536,2004-12-04 21:11:00,2011-11-15 16:34:00,109,109,82,27,12,97,90,7,0.119,0.025,0.004,0.085,0.14,0.064,0.607,0.826,0.972,82.353,Scale-up,11.765,0.699,0.645,0.65,0.576,2025-06-12 21:03:37.732685,,
JBBENCH,Last100,0,2011-11-15 16:34:00,2011-11-15 16:34:00, , ,1,1,1,N/A,1,0,NaN,NaN,NaN,NaN,0,NaN,NaN,NaN,NaN,NaN,Scale-up,NaN,NaN,NaN,NaN,NaN,2025-06-12 21:03:37.733684,,
JBAS,All,4627,2001-04-06 15:49:00,2013-12-07 05:03:00,7036,7036,2726,4310,2552,4484,4207,277,1.011,1.327,0.74,1.651,1.598,1.653,1.033,0.432,0.683,167.777,Catch-up,0.606,0.955,0.991,0.921,0.988,2025-06-12 21:03:48.358782,,
JBAS,Last100,91,2013-09-06 21:25:00,2013-12-07 05:03:00, , ,2,3,1,N/A,1,3,0.015,0.029,NaN,NaN,0.044,0.039,NaN,NaN,NaN,NaN,Catch-up,NaN,1.0,0.993,NaN,NaN,2025-06-12 21:03:48.372745,,
JBAOP,All,3625,2003-07-15 06:04:00,2013-06-17 20:06:00,708,708,347,361,61,647,536,111,0.164,0.167,0.037,0.268,0.294,0.296,0.912,0.495,0.888,414.179,Scale-up,3.731,0.975,0.962,0.978,0.954,2025-06-12 21:03:57.025404,,
JBAOP,Last100,0,2013-06-17 20:06:00,2013-06-17 20:06:00, , ,1,1,1,N/A,1,0,NaN,NaN,NaN,NaN,0,NaN,NaN,NaN,NaN,NaN,Scale-up,NaN,NaN,NaN,NaN,NaN,2025-06-12 21:03:57.027398,,
JBCL,All,2155,2007-07-03 02:05:00,2013-05-27 20:26:00,164,164,123,41,10,154,145,9,0.11,0.025,0.007,0.122,0.128,0.113,0.953,0.815,0.948,73.77,Scale-up,8.197,0.868,0.856,0.908,0.863,2025-06-12 21:04:05.271931,,
JBCL,Last100,0,2013-05-27 20:26:00,2013-05-27 20:26:00, , ,1,1,1,N/A,1,0,NaN,NaN,NaN,NaN,0,NaN,NaN,NaN,NaN,NaN,Scale-up,NaN,NaN,NaN,NaN,NaN,2025-06-12 21:04:05.273926,,
FMC,All,565,2011-04-06 19:26:00,2012-10-23 02:36:00,111,111,25,86,10,101,75,26,0.048,0.2,0.018,0.177,0.23,0.204,0.77,0.194,0.927,146.893,Scale-up,5.65,0.85,0.611,0.751,0.603,2025-06-12 21:04:13.330093,,
FMC,Last100,95,2012-07-19 08:55:00,2012-10-23 02:36:00, , ,1,1,1,N/A,3,-3,NaN,NaN,NaN,0.043,0,NaN,NaN,NaN,NaN,NaN,Scale-up,23.256,NaN,NaN,NaN,0.86,2025-06-12 21:04:13.332088,,
ISPN,All,1753,2009-03-03 23:56:00,2013-12-21 01:28:00,3744,3744,1356,2388,499,3245,2627,618,0.767,1.655,0.333,1.65,2.089,2.012,0.79,0.317,0.863,374.545,Scale-up,0.606,0.996,0.967,0.948,0.984,2025-06-12 21:04:22.839508,,
ISPN,Last100,100,2013-09-11 03:22:00,2013-12-21 01:28:00, , ,87,289,59,N/A,250,66,0.791,2.625,0.519,2.156,2.897,2.89,0.744,0.232,0.848,286.642,Scale-up,0.464,0.991,0.993,0.921,0.982,2025-06-12 21:04:28.030112,,
JBEAP,All,286,2013-03-08 16:41:00,2013-12-20 03:05:00,37,37,11,26,14,23,8,15,0.034,0.091,0.048,0.027,0.077,0.075,0.351,0.272,0.616,555.556,Scale-up,37.037,0.935,0.978,0.963,0.937,2025-06-12 21:04:36.085736,,
JBEAP,Last100,89,2013-09-21 03:37:00,2013-12-20 03:05:00, , ,4,6,5,N/A,3,3,0.031,0.065,0.081,0.075,0.015,0.012,5.0,0.323,0.156,200.0,Catch-up,13.333,0.955,0.791,0.949,0.898,2025-06-12 21:04:40.827337,,
HORNETQ,All,3037,2005-08-26 07:08:00,2013-12-20 04:16:00,1196,1196,478,718,271,925,638,287,0.228,0.441,0.158,0.364,0.511,0.493,0.712,0.341,0.764,788.462,Scale-up,2.747,0.932,0.989,0.989,0.972,2025-06-12 21:04:49.573475,,
HORNETQ,Last100,96,2013-09-14 05:50:00,2013-12-20 04:16:00, , ,13,29,21,N/A,29,-9,0.146,0.302,0.259,0.283,0.18899999999999995,0.139,1.497,0.326,0.422,1014.134,Catch-up,3.534,0.964,0.92,0.436,0.974,2025-06-12 21:04:54.597564,,
ECLIPSE,All,1081,2011-01-06 05:16:00,2013-12-23 05:08:00,799,799,118,681,67,732,597,135,0.105,0.655,0.055,0.57,0.705,0.688,0.809,0.138,0.928,236.842,Scale-up,1.754,0.932,0.937,0.958,0.934,2025-06-12 21:05:03.303525,,
ECLIPSE,Last100,97,2013-09-17 01:13:00,2013-12-23 05:08:00, , ,7,47,19,N/A,41,-5,0.092,0.483,0.154,0.425,0.42099999999999993,0.422,1.01,0.16,0.732,317.647,Catch-up,2.353,0.932,0.926,0.939,0.977,2025-06-12 21:05:08.320179,,
JBDOCS,All,4388,2001-06-28 18:57:00,2013-07-04 16:13:00,200,200,91,109,44,156,116,40,0.039,0.032,0.015,0.064,0.056,0.049,1.143,0.549,0.789,625.0,Catch-up,15.625,0.719,0.791,0.738,0.389,2025-06-12 21:05:16.568143,,
JBDOCS,Last100,98,2013-03-27 22:56:00,2013-07-04 16:13:00, , ,1,1,2,N/A,1,-1,NaN,NaN,0.01,NaN,0,-0.01,NaN,NaN,NaN,NaN,Catch-up,NaN,NaN,NaN,1.0,NaN,2025-06-12 21:05:16.571140,,
CDITCK,All,1981,2008-07-16 04:27:00,2013-12-18 19:42:00,355,355,164,191,45,310,291,19,0.079,0.115,0.025,0.159,0.169,0.165,0.941,0.407,0.871,119.497,Scale-up,6.289,0.954,0.862,0.907,0.975,2025-06-12 21:05:24.752279,,
CDITCK,Last100,98,2013-09-11 15:24:00,2013-12-18 19:42:00, , ,10,4,2,N/A,19,-8,0.098,0.042,0.022,0.167,0.11800000000000002,0.104,1.415,0.7,0.843,113.772,Catch-up,5.988,0.851,0.786,1.0,0.914,2025-06-12 21:05:29.477272,,
JBCLUSTER,All,3050,2005-03-25 04:49:00,2013-07-31 22:25:00,218,218,147,71,51,167,133,34,0.053,0.022,0.017,0.058,0.058,0.053,1.0,0.707,0.773,586.207,Catch-up,17.241,0.948,0.964,0.936,0.962,2025-06-12 21:05:37.801183,,
JBCLUSTER,Last100,92,2013-04-30 17:25:00,2013-07-31 22:25:00, , ,1,1,2,N/A,1,-1,NaN,NaN,NaN,NaN,0,-0.011,NaN,NaN,NaN,NaN,Catch-up,NaN,NaN,NaN,NaN,NaN,2025-06-12 21:05:37.804175,,
JBBUILD,All,4087,2002-08-16 23:09:00,2013-10-25 03:12:00,529,529,423,106,120,409,398,11,0.159,0.035,0.045,0.149,0.149,0.14,1.0,0.82,0.768,73.826,Catch-up,6.711,0.969,0.99,0.977,0.989,2025-06-12 21:05:46.130304,,
JBBUILD,Last100,20,2013-10-04 14:30:00,2013-10-25 03:12:00, , ,1,1,1,N/A,1,0,NaN,NaN,NaN,NaN,0,0.015,NaN,NaN,NaN,NaN,Catch-up,NaN,NaN,NaN,NaN,NaN,2025-06-12 21:05:46.133299,,
JBCOMMON,All,3246,2004-12-25 10:00:00,2013-11-15 01:22:00,121,121,70,51,9,112,92,20,0.035,0.021,0.002,0.043,0.054,0.049,0.796,0.625,0.964,465.116,Scale-up,23.256,0.901,0.912,0.934,0.896,2025-06-12 21:05:54.456217,,
JBCOMMON,Last100,9,2013-11-05 23:16:00,2013-11-15 01:22:00, , ,1,1,2,N/A,1,-1,NaN,NaN,0.125,NaN,0,-0.012,NaN,NaN,NaN,NaN,Scale-up,NaN,NaN,NaN,1.0,NaN,2025-06-12 21:05:54.458211,,
EMBJOPR,All,1829,2007-07-19 04:23:00,2012-07-21 06:07:00,292,292,66,226,42,250,137,113,0.067,0.195,0.028,0.094,0.234,0.207,0.402,0.256,0.893,1202.128,Scale-up,10.638,0.867,0.864,0.923,0.808,2025-06-12 21:06:02.636055,,
EMBJOPR,Last100,70,2012-05-11 06:47:00,2012-07-21 06:07:00, , ,1,7,4,N/A,9,-7,NaN,0.076,0.087,0.109,-0.010999999999999996,0.039,NaN,NaN,NaN,NaN,Scale-up,9.174,NaN,0.633,0.919,0.803,2025-06-12 21:06:02.639046,,
DTGOV,All,626,2012-04-02 22:20:00,2013-12-19 23:24:00,88,88,36,52,1,87,60,27,0.071,0.343,0,0.287,0.414,0.204,0.693,0.171,1.0,94.077,Scale-up,3.484,0.78,0.864,0,0.926,2025-06-12 21:06:10.178204,,
DTGOV,Last100,99,2013-09-11 20:37:00,2013-12-19 23:24:00, , ,5,16,1,N/A,28,-6,0.082,0.169,NaN,0.283,0.251,0.241,NaN,NaN,NaN,NaN,Scale-up,3.534,0.901,0.882,NaN,0.936,2025-06-12 21:06:10.181195,,
CIRRAS,All,340,2009-11-13 16:29:00,2010-10-19 20:18:00,49,49,38,11,5,44,31,13,0.115,0.027,0.015,0.085,0.127,0.12,0.669,0.81,0.894,152.941,Scale-up,11.765,0.889,0.852,0.798,0.895,2025-06-12 21:06:18.221759,,
CIRRAS,Last100,99,2010-07-12 11:58:00,2010-10-19 20:18:00, , ,3,2,1,N/A,3,1,0.017,0.012,NaN,0.02,0.029,0.03,NaN,NaN,NaN,NaN,Scale-up,50.0,0.813,1.0,NaN,0.75,2025-06-12 21:06:18.224751,,
JBBOOT,All,1239,2008-11-12 03:11:00,2012-04-04 21:36:00,135,135,110,25,7,128,117,12,0.165,0.028,0.005,0.16,0.188,0.166,0.851,0.855,0.974,75.0,Scale-up,6.25,0.659,0.64,0.564,0.624,2025-06-12 21:06:26.461214,,
JBBOOT,Last100,0,2012-04-04 21:36:00,2012-04-04 21:36:00, , ,1,1,1,N/A,1,0,NaN,NaN,NaN,NaN,0,NaN,NaN,NaN,NaN,NaN,Scale-up,NaN,NaN,NaN,NaN,NaN,2025-06-12 21:06:26.462212,,
JBBLOG,All,2561,2006-08-04 04:05:00,2013-08-08 17:45:00,79,79,67,12,14,65,48,18,0.036,0.014,0.034,0.051,0.016,0.035,3.188,0.72,0.32,352.941,Catch-up,19.608,0.572,0.934,0.481,0.91,2025-06-12 21:06:34.581130,,
JBBLOG,Last100,0,2013-08-08 17:45:00,2013-08-08 17:45:00, , ,1,1,1,N/A,1,0,NaN,NaN,NaN,NaN,0,NaN,NaN,NaN,NaN,NaN,Catch-up,NaN,NaN,NaN,NaN,NaN,2025-06-12 21:06:34.583125,,
JBASPECT,All,1750,2008-04-11 19:09:00,2013-01-25 23:35:00,38,38,27,11,2,36,32,4,0.025,0.004,0.001,0.03,0.028,0.018,1.071,0.862,0.966,133.333,Catch-up,33.333,0.621,0.669,1.0,0.693,2025-06-12 21:06:42.869418,,
JBASPECT,Last100,0,2013-01-25 23:35:00,2013-01-25 23:35:00, , ,1,1,1,N/A,1,0,NaN,NaN,NaN,NaN,0,NaN,NaN,NaN,NaN,NaN,Catch-up,NaN,NaN,NaN,NaN,NaN,2025-06-12 21:06:42.871413,,
JBASMP,All,1986,2008-07-04 11:49:00,2013-12-12 11:43:00,58,58,29,29,14,44,31,13,0.009,0.05,0.027,0.011,0.032,0.013,0.344,0.153,0.542,1181.818,Scale-up,90.909,0.789,0.951,0.816,0.851,2025-06-12 21:06:50.949975,,
JBASMP,Last100,70,2013-10-03 06:43:00,2013-12-12 11:43:00, , ,2,8,1,N/A,4,4,0.048,0.104,NaN,2.0,0.152,0.126,NaN,NaN,NaN,NaN,Scale-up,0.5,1.0,0.822,NaN,0.8,2025-06-12 21:06:50.953961,,
JBASM,All,2720,2005-12-09 10:46:00,2013-05-21 20:11:00,41,41,31,10,1,40,29,11,0.014,0.005,0,0.044,0.019,0.017,2.316,0.737,1.0,250.0,Catch-up,22.727,0.665,0.631,0,0.758,2025-06-12 21:06:58.442868,,
JBASM,Last100,62,2013-03-20 01:42:00,2013-05-21 20:11:00, , ,2,1,1,N/A,1,1,0.016,NaN,NaN,NaN,0,0.016,NaN,NaN,NaN,NaN,Catch-up,NaN,1.0,NaN,NaN,NaN,2025-06-12 21:06:58.444834,,
ESB,All,2344,2007-07-17 23:22:00,2013-12-17 21:09:00,1514,1514,318,1196,344,1170,960,210,0.203,0.701,0.226,0.53,0.678,0.657,0.782,0.225,0.75,396.226,Scale-up,1.887,0.91,0.979,0.912,0.988,2025-06-12 21:07:07.278539,,
ESB,Last100,36,2013-11-11 17:28:00,2013-12-17 21:09:00, , ,1,1,1,N/A,2,0,NaN,NaN,NaN,NaN,0,NaN,NaN,NaN,NaN,NaN,Scale-up,NaN,NaN,NaN,NaN,NaN,2025-06-12 21:07:07.282528,,
ENTMQ,All,1065,2011-02-02 04:04:00,2014-01-03 01:20:00,446,446,98,348,27,419,316,103,0.134,0.512,0.057,0.474,0.589,0.602,0.805,0.207,0.912,217.3,Scale-up,2.11,0.917,0.953,0.983,0.961,2025-06-12 21:07:15.884624,,
ENTMQ,Last100,96,2013-09-28 04:11:00,2014-01-03 01:20:00, , ,10,78,8,N/A,61,18,0.091,0.893,0.105,0.689,0.879,0.87,0.784,0.092,0.893,149.492,Scale-up,1.451,0.99,0.989,0.951,0.983,2025-06-12 21:07:20.822445,,
ARQ,All,1614,2009-08-06 20:08:00,2014-01-06 20:53:00,1548,1548,913,635,134,1414,1019,395,0.615,0.477,0.104,0.698,0.988,0.978,0.706,0.563,0.905,565.903,Scale-up,1.433,0.993,0.978,0.984,0.989,2025-06-12 21:07:29.719671,,
ARQ,Last100,100,2013-09-28 20:15:00,2014-01-06 20:53:00, , ,48,59,5,N/A,86,15,0.507,0.641,0.084,0.899,1.064,1.064,0.845,0.442,0.927,439.377,Scale-up,1.112,0.982,0.975,0.908,0.969,2025-06-12 21:07:34.682999,,
AGJS,All,499,2012-08-22 21:45:00,2014-01-04 01:16:00,100,100,81,19,10,90,64,26,0.262,0.037,0.046,0.283,0.253,0.249,1.119,0.876,0.846,91.873,Catch-up,3.534,0.974,0.862,0.845,0.988,2025-06-12 21:07:42.899259,,
AGJS,Last100,98,2013-09-27 22:27:00,2014-01-04 01:16:00, , ,25,5,7,N/A,30,-6,0.254,0.051,0.076,0.344,0.22899999999999998,0.264,1.502,0.833,0.751,75.581,Catch-up,2.907,0.941,0.765,0.885,0.972,2025-06-12 21:07:47.863177,,
HAL,All,885,2011-07-18 18:15:00,2013-12-20 11:12:00,221,221,63,158,20,201,135,66,0.071,0.415,0.132,1.067,0.354,0.289,3.014,0.146,0.728,61.856,Catch-up,0.937,0.711,0.464,0.934,0.917,2025-06-12 21:07:56.214203,,
HAL,Last100,99,2013-09-11 16:54:00,2013-12-20 11:12:00, , ,14,109,16,N/A,94,12,0.127,1.103,0.13,0.88,1.1,1.052,0.8,0.103,0.894,75.0,Scale-up,1.136,0.916,0.912,0.882,0.83,2025-06-12 21:08:01.306169,,
HRCPP,All,74,2013-10-08 14:37:00,2013-12-22 06:00:00,86,86,43,43,5,81,75,6,0.635,0.673,0.09,1.227,1.218,1.215,1.007,0.485,0.931,4.89,Plan-up,0.815,0.931,0.92,0.884,0.961,2025-06-12 21:08:09.563169,,
HRCPP,Last100,74,2013-10-08 14:37:00,2013-12-22 06:00:00, , ,43,43,5,N/A,75,5,0.637,0.671,0.09,1.228,1.218,1.21,1.008,0.487,0.931,4.886,Plan-up,0.814,0.933,0.919,0.892,0.958,2025-06-12 21:08:14.485583,,
HQ,All,1786,2007-12-04 02:23:00,2012-10-24 02:32:00,51,51,21,30,11,40,40,0,0.038,0.058,0.005,0.027,0.091,0.031,0.297,0.396,0.948,0.0,Start-up,37.037,0.93,0.944,0.707,0.667,2025-06-12 21:08:22.631728,,
HQ,Last100,0,2012-10-24 02:29:00,2012-10-24 02:32:00, , ,1,1,2,N/A,1,-2,NaN,NaN,NaN,NaN,0,NaN,NaN,NaN,NaN,NaN,Start-up,NaN,NaN,NaN,NaN,NaN,2025-06-12 21:08:22.633723,,
GTNPC,All,1447,2009-08-26 05:08:00,2013-08-12 21:35:00,106,106,61,45,14,92,86,6,0.045,0.03,0.007,0.061,0.068,0.067,0.897,0.6,0.907,98.361,Scale-up,16.393,0.955,0.979,0.839,0.969,2025-06-12 21:08:30.852452,,
GTNPC,Last100,89,2013-05-14 23:46:00,2013-08-12 21:35:00, , ,2,2,1,N/A,3,0,0.038,0.032,NaN,0.031,0.07,0.036,NaN,NaN,NaN,NaN,Scale-up,32.258,1.0,1.0,NaN,1.0,2025-06-12 21:08:30.855443,,
GRAVEL,All,800,2007-06-08 23:19:00,2009-08-17 20:54:00,35,35,20,15,2,33,12,21,0.035,0.016,0.026,0.098,0.025,0.041,3.92,0.686,0.49,214.286,Catch-up,10.204,0.661,0.619,1.0,0.855,2025-06-12 21:08:38.984584,,
GRAVEL,Last100,0,2009-08-17 20:54:00,2009-08-17 20:54:00, , ,1,1,1,N/A,1,0,NaN,NaN,NaN,NaN,0,NaN,NaN,NaN,NaN,NaN,Catch-up,NaN,NaN,NaN,NaN,NaN,2025-06-12 21:08:38.985581,,
ERRAI,All,1546,2009-10-01 00:18:00,2013-12-25 05:33:00,672,672,290,382,106,566,480,86,0.177,0.293,0.072,0.335,0.398,0.391,0.842,0.377,0.847,256.716,Scale-up,2.985,0.94,0.887,0.96,0.91,2025-06-12 21:08:47.460168,,
ERRAI,Last100,99,2013-09-16 21:14:00,2013-12-25 05:33:00, , ,12,31,15,N/A,44,-15,0.098,0.369,0.249,0.609,0.21799999999999997,0.25,2.794,0.21,0.467,141.215,Catch-up,1.642,0.893,0.877,0.891,0.976,2025-06-12 21:08:52.369653,,
ENVERS,All,575,2008-05-27 02:23:00,2009-12-24 00:13:00,77,77,53,24,28,49,43,6,0.298,0.041,0.086,0.121,0.253,0.098,0.478,0.879,0.746,49.587,Scale-up,8.264,0.978,0.945,0.275,0.663,2025-06-12 21:09:00.548487,,
ENVERS,Last100,0,2009-12-24 00:13:00,2009-12-24 00:13:00, , ,1,1,1,N/A,1,0,NaN,NaN,NaN,NaN,0,NaN,NaN,NaN,NaN,NaN,Scale-up,NaN,NaN,NaN,NaN,NaN,2025-06-12 21:09:00.550480,,
CAPEDWARF,All,714,2012-01-11 05:31:00,2013-12-25 21:27:00,201,201,129,72,9,192,166,26,0.189,0.113,0.013,0.279,0.289,0.292,0.965,0.626,0.957,93.19,Scale-up,3.584,0.939,0.766,0.964,0.863,2025-06-12 21:09:08.778179,,
CAPEDWARF,Last100,98,2013-09-18 19:19:00,2013-12-25 21:27:00, , ,16,4,2,N/A,21,-2,0.132,0.077,0.045,0.146,0.16400000000000003,0.163,0.89,0.632,0.785,178.082,Scale-up,6.849,0.893,0.892,1.0,0.721,2025-06-12 21:09:13.616998,,
JASSIST,All,2092,2008-03-11 02:55:00,2013-12-02 19:04:00,165,165,36,129,21,144,110,34,0.018,0.058,0.008,0.05,0.068,0.067,0.735,0.237,0.895,680.0,Scale-up,20.0,0.941,0.991,0.929,0.99,2025-06-12 21:09:21.773545,,
JASSIST,Last100,98,2013-08-26 01:55:00,2013-12-02 19:04:00, , ,1,8,1,N/A,5,3,NaN,0.102,NaN,0.028,0,0.101,NaN,NaN,NaN,NaN,Scale-up,35.714,NaN,0.951,NaN,0.593,2025-06-12 21:09:21.776537,,
BRMS,All,998,2008-12-05 22:53:00,2011-08-31 18:34:00,554,554,140,414,189,365,365,1,0.161,0.393,0.154,0.317,0.4,0.448,0.792,0.291,0.722,3.155,Start-up,3.155,0.983,0.973,0.491,0.967,2025-06-12 21:09:30.427433,,
BRMS,Last100,99,2011-05-24 13:46:00,2011-08-31 18:34:00, , ,3,36,145,N/A,103,-208,0.25,0.743,1.248,1.002,-0.255,-0.785,-3.929,0.252,-0.257,0.998,Start-up,0.998,0.75,0.873,0.223,0.18,2025-06-12 21:09:35.536665,,
GTNWSRP,All,2820,2006-02-28 20:59:00,2013-11-19 16:52:00,326,326,123,203,47,279,263,16,0.059,0.159,0.039,0.208,0.179,0.164,1.162,0.271,0.821,76.923,Catch-up,4.808,0.809,0.915,0.953,0.908,2025-06-12 21:09:43.857506,,
GTNWSRP,Last100,87,2013-08-24 01:09:00,2013-11-19 16:52:00, , ,1,1,1,N/A,1,-1,NaN,NaN,NaN,NaN,0,-0.011,NaN,NaN,NaN,NaN,Catch-up,NaN,NaN,NaN,NaN,NaN,2025-06-12 21:09:43.859501,,
AGSEC,All,471,2012-09-22 02:12:00,2014-01-06 22:00:00,114,114,104,10,14,100,64,36,0.313,0.025,0.069,0.222,0.269,0.294,0.825,0.926,0.796,162.162,Scale-up,4.505,0.894,0.869,0.949,0.874,2025-06-12 21:09:52.110218,,
AGSEC,Last100,97,2013-10-01 02:37:00,2014-01-06 22:00:00, , ,12,3,1,N/A,16,0,0.122,0.062,NaN,0.177,0.184,0.165,NaN,NaN,NaN,NaN,Scale-up,5.65,0.918,0.75,NaN,0.849,2025-06-12 21:09:52.113210,,
HIBERNATE,All,3300,2004-08-16 21:18:00,2013-08-29 22:23:00,123,123,38,85,26,97,20,77,0.016,0.028,0.008,0.007,0.036,0.034,0.194,0.364,0.818,11000.0,Scale-up,142.857,0.907,0.912,0.934,0.738,2025-06-12 21:10:00.348814,,
HIBERNATE,Last100,0,2013-08-29 22:15:00,2013-08-29 22:23:00, , ,1,1,1,N/A,1,-1,NaN,NaN,NaN,NaN,0,NaN,NaN,NaN,NaN,NaN,Scale-up,NaN,NaN,NaN,NaN,NaN,2025-06-12 21:10:00.350809,,
AGDROID,All,413,2012-11-14 23:04:00,2014-01-02 20:40:00,132,132,105,27,16,116,80,36,0.373,0.088,0.06,0.378,0.401,0.406,0.943,0.809,0.87,95.238,Scale-up,2.646,0.937,0.924,0.979,0.963,2025-06-12 21:10:08.853009,,
AGDROID,Last100,99,2013-09-25 19:02:00,2014-01-02 20:40:00, , ,23,13,5,N/A,20,10,0.273,0.116,0.05,0.222,0.339,0.35,0.655,0.702,0.871,162.162,Scale-up,4.505,0.966,0.909,0.941,0.898,2025-06-12 21:10:13.824245,,
GTNWCI,All,1427,2009-08-25 20:49:00,2013-07-22 20:49:00,49,49,31,18,12,37,34,3,0.018,0.012,0.007,0.021,0.023,0.02,0.913,0.6,0.767,142.857,Scale-up,47.619,0.972,0.969,0.423,0.963,2025-06-12 21:10:21.926041,,
GTNWCI,Last100,96,2013-04-16 22:58:00,2013-07-22 20:49:00, , ,2,2,1,N/A,1,2,0.03,0.01,NaN,NaN,0.04,0.026,NaN,NaN,NaN,NaN,Scale-up,NaN,1.0,1.0,NaN,NaN,2025-06-12 21:10:21.928033,,
GADGETS,All,524,2012-06-15 19:09:00,2013-11-21 19:45:00,72,72,50,22,3,69,54,15,0.108,0.044,0.013,0.119,0.139,0.128,0.856,0.711,0.914,126.05,Scale-up,8.403,0.929,0.936,0.75,0.943,2025-06-12 21:10:29.993590,,
GADGETS,Last100,65,2013-09-16 22:48:00,2013-11-21 19:45:00, , ,1,6,1,N/A,3,2,NaN,0.064,NaN,0.071,0,0.064,NaN,NaN,NaN,NaN,Scale-up,14.085,NaN,0.906,NaN,0.998,2025-06-12 21:10:29.996581,,
FUSEFORGE,All,1869,2008-09-19 00:08:00,2013-11-01 16:20:00,139,139,56,83,6,133,64,69,0.191,0.122,0.002,0.111,0.311,0.118,0.357,0.61,0.994,621.622,Scale-up,9.009,0.609,0.468,0.592,0.288,2025-06-12 21:10:38.146636,,
FUSEFORGE,Last100,0,2013-11-01 16:20:00,2013-11-01 16:20:00, , ,1,1,1,N/A,1,0,NaN,NaN,NaN,NaN,0,NaN,NaN,NaN,NaN,NaN,Scale-up,NaN,NaN,NaN,NaN,NaN,2025-06-12 21:10:38.148602,,
GTNMGMT,All,932,2011-03-01 00:22:00,2013-09-18 15:50:00,59,59,15,44,10,49,40,9,0.021,0.051,0.009,0.042,0.063,0.059,0.667,0.292,0.875,214.286,Scale-up,23.81,0.974,0.816,0.964,0.899,2025-06-12 21:10:46.255178,,
GTNMGMT,Last100,82,2013-06-27 22:45:00,2013-09-18 15:50:00, , ,1,2,1,N/A,1,-1,NaN,0.012,NaN,NaN,0,0.006,NaN,NaN,NaN,NaN,Scale-up,NaN,NaN,1.0,NaN,NaN,2025-06-12 21:10:46.257136,,
FORGEPLUGINS,All,1090,2010-12-24 00:49:00,2013-12-18 03:37:00,156,156,94,62,6,150,60,90,0.094,0.074,0.006,0.085,0.162,0.154,0.525,0.56,0.964,1058.824,Scale-up,11.765,0.97,0.971,0.766,0.959,2025-06-12 21:10:54.428397,,
FORGEPLUGINS,Last100,89,2013-09-19 21:24:00,2013-12-18 03:37:00, , ,9,14,3,N/A,11,8,0.085,0.166,0.25,0.116,0.0010000000000000009,0.192,116.0,0.339,0.004,775.862,Catch-up,8.621,0.961,0.97,0.75,0.93,2025-06-12 21:10:59.254101,,
EMB,All,1674,2007-07-11 22:07:00,2012-02-10 09:46:00,92,92,69,23,19,73,65,8,0.076,0.016,0.03,0.088,0.062,0.064,1.419,0.826,0.674,90.909,Catch-up,11.364,0.737,0.886,0.543,0.702,2025-06-12 21:11:07.479146,,
EMB,Last100,0,2012-02-10 09:46:00,2012-02-10 09:46:00, , ,1,1,1,N/A,1,0,NaN,NaN,NaN,NaN,0,NaN,NaN,NaN,NaN,NaN,Catch-up,NaN,NaN,NaN,NaN,NaN,2025-06-12 21:11:07.480144,,
DESIGN,All,2411,2007-05-18 22:22:00,2013-12-23 23:19:00,340,340,273,67,15,325,240,85,0.128,0.058,0.014,0.142,0.172,0.16,0.826,0.688,0.925,598.592,Scale-up,7.042,0.984,0.898,0.887,0.951,2025-06-12 21:11:16.620568,,
DESIGN,Last100,89,2013-09-25 22:45:00,2013-12-23 23:19:00, , ,13,2,1,N/A,1,14,0.145,0.027,NaN,NaN,0.172,0.17,NaN,NaN,NaN,NaN,Scale-up,NaN,0.951,1.0,NaN,NaN,2025-06-12 21:11:16.623560,,
EJBCLIENT,All,814,2011-09-28 23:20:00,2013-12-21 00:24:00,91,91,32,59,5,86,66,21,0.037,0.075,0.007,0.081,0.105,0.1,0.771,0.33,0.937,259.259,Scale-up,12.346,0.898,0.983,0.907,0.964,2025-06-12 21:11:24.772955,,
EJBCLIENT,Last100,99,2013-09-12 13:38:00,2013-12-21 00:24:00, , ,1,9,1,N/A,5,2,NaN,0.09,NaN,0.049,0,0.076,NaN,NaN,NaN,NaN,Scale-up,20.408,NaN,0.834,NaN,0.651,2025-06-12 21:11:24.776914,,
EJBBOOK,All,1117,2009-03-27 02:38:00,2012-04-18 01:34:00,44,44,39,5,3,41,28,13,0.044,0.019,0.005,0.033,0.058,0.047,0.569,0.698,0.921,393.939,Scale-up,30.303,0.876,0.8,0.784,0.75,2025-06-12 21:11:32.952437,,
EJBBOOK,Last100,0,2012-04-18 01:34:00,2012-04-18 01:34:00, , ,1,1,1,N/A,1,0,NaN,NaN,NaN,NaN,0,NaN,NaN,NaN,NaN,NaN,Scale-up,NaN,NaN,NaN,NaN,NaN,2025-06-12 21:11:32.953434,,
EDG,All,360,2010-10-18 21:47:00,2011-10-13 21:59:00,113,113,29,84,26,87,87,0,0.133,0.216,0.052,0.221,0.297,0.252,0.744,0.381,0.851,0.0,Start-up,4.525,0.876,0.958,0.771,0.974,2025-06-12 21:11:41.055954,,
EDG,Last100,97,2011-07-08 13:01:00,2011-10-13 21:59:00, , ,15,19,17,N/A,32,-14,0.17,0.151,0.128,0.399,0.193,0.193,2.067,0.53,0.601,0.0,Plan-up,2.506,0.93,0.92,0.368,0.958,2025-06-12 21:11:46.032264,,
CDI,All,1498,2009-11-28 12:34:00,2014-01-05 04:16:00,407,407,153,254,70,337,208,129,0.144,0.219,0.068,0.237,0.295,0.263,0.803,0.397,0.813,544.304,Scale-up,4.219,0.861,0.962,0.94,0.797,2025-06-12 21:11:54.498065,,
CDI,Last100,80,2013-10-16 20:38:00,2014-01-05 04:16:00, , ,1,8,3,N/A,1,5,NaN,0.097,0.136,NaN,-0.03900000000000001,0.062,NaN,NaN,NaN,NaN,Scale-up,NaN,NaN,0.908,0.75,NaN,2025-06-12 21:11:54.502054,,
BYTEMAN,All,1633,2009-07-08 18:28:00,2013-12-28 01:23:00,258,258,102,156,14,244,223,21,0.057,0.094,0.009,0.131,0.142,0.142,0.923,0.377,0.94,160.305,Scale-up,7.634,0.943,0.957,0.957,0.933,2025-06-12 21:12:02.841714,,
BYTEMAN,Last100,85,2013-10-03 16:44:00,2013-12-28 01:23:00, , ,4,5,1,N/A,8,-1,0.038,0.048,NaN,0.481,0.086,0.076,NaN,NaN,NaN,NaN,Scale-up,2.079,0.898,0.882,NaN,0.859,2025-06-12 21:12:02.844706,,
BUILDTRK,All,307,2013-01-30 21:42:00,2013-12-04 20:21:00,52,52,46,6,0,52,30,22,0.106,0.077,0,0.072,0.183,0.121,0.393,0.579,1.0,305.556,Scale-up,13.889,0.847,0.89,0,0.804,2025-06-12 21:12:10.333443,,
BUILDTRK,Last100,89,2013-09-05 22:56:00,2013-12-04 20:21:00, , ,30,6,1,N/A,21,14,0.3,0.077,0,0.255,0.377,0.378,0.676,0.796,1.0,86.275,Scale-up,3.922,0.944,0.896,0,0.927,2025-06-12 21:12:14.650030,,
ASPATCH,All,2165,2006-08-31 09:47:00,2012-08-04 13:13:00,266,266,109,157,59,207,204,3,0.104,0.091,0.043,0.135,0.152,0.151,0.888,0.533,0.779,22.222,Start-up,7.407,0.649,0.57,0.912,0.686,2025-06-12 21:12:23.153842,,
ASPATCH,Last100,0,2012-08-04 13:13:00,2012-08-04 13:13:00, , ,1,1,1,N/A,1,0,NaN,NaN,NaN,NaN,0,NaN,NaN,NaN,NaN,NaN,Start-up,NaN,NaN,NaN,NaN,NaN,2025-06-12 21:12:23.154871,,
BPEL,All,3109,2004-12-01 19:21:00,2013-06-07 17:15:00,183,183,117,66,12,171,137,34,0.088,0.033,0.006,0.145,0.115,0.105,1.261,0.727,0.95,234.483,Catch-up,6.897,0.888,0.711,0.845,0.961,2025-06-12 21:12:31.518459,,
BPEL,Last100,0,2013-06-07 17:15:00,2013-06-07 17:15:00, , ,1,1,1,N/A,1,0,NaN,NaN,NaN,NaN,0,NaN,NaN,NaN,NaN,NaN,Catch-up,NaN,NaN,NaN,NaN,NaN,2025-06-12 21:12:31.519456,,
AGPUSH,All,268,2013-04-12 21:00:00,2014-01-06 18:59:00,344,344,268,76,36,308,221,87,1.252,0.453,0.263,1.13,1.442,1.462,0.784,0.734,0.846,76.991,Scale-up,0.885,0.965,0.953,0.922,0.96,2025-06-12 21:12:39.898248,,
AGPUSH,Last100,97,2013-09-30 21:53:00,2014-01-06 18:59:00, , ,77,20,7,N/A,74,17,1.068,0.327,0.193,0.841,1.202,1.306,0.7,0.766,0.862,103.448,Scale-up,1.189,0.93,0.884,0.853,0.916,2025-06-12 21:12:45.058613,,
AGOVA,All,573,2012-05-31 04:48:00,2013-12-25 13:53:00,72,72,19,53,2,70,48,22,0.024,0.081,0.01,0.075,0.095,0.102,0.789,0.229,0.905,293.333,Scale-up,13.333,0.779,0.946,1.0,0.893,2025-06-12 21:12:53.206185,,
AGOVA,Last100,76,2013-10-09 23:22:00,2013-12-25 13:53:00, , ,1,18,1,N/A,15,2,NaN,0.195,NaN,0.573,0,0.191,NaN,NaN,NaN,NaN,Scale-up,1.745,NaN,0.962,NaN,0.906,2025-06-12 21:12:53.238111,,
ARQRUSH,All,558,2011-03-30 18:35:00,2012-10-08 20:32:00,42,42,31,11,0,42,15,27,0.032,0.012,0,0.017,0.044,0.044,0.386,0.727,1.0,1588.235,Scale-up,58.824,0.747,0.267,0,0.229,2025-06-12 21:13:00.744388,,
ARQRUSH,Last100,81,2012-07-19 15:03:00,2012-10-08 20:32:00, , ,13,10,1,N/A,14,8,0.115,0.714,0,0.576,0.829,0.274,0.695,0.139,1.0,46.875,Scale-up,1.736,0.445,0.727,0,0.928,2025-06-12 21:13:04.985672,,
AJSF,All,1189,2007-03-06 04:02:00,2010-06-07 21:34:00,134,134,33,101,54,80,74,6,0.08,0.078,0.049,0.114,0.109,0.051,1.046,0.506,0.69,52.632,Catch-up,8.772,0.726,0.576,0.82,0.577,2025-06-12 21:13:13.286372,,
AJSF,Last100,0,2010-06-07 21:34:00,2010-06-07 21:34:00, , ,1,1,1,N/A,1,0,NaN,NaN,NaN,NaN,0,NaN,NaN,NaN,NaN,NaN,Catch-up,NaN,NaN,NaN,NaN,NaN,2025-06-12 21:13:13.288363,,
ANDIAMO,All,957,2009-10-22 23:24:00,2012-06-06 05:40:00,33,33,33,0,2,31,12,19,0.034,0,0.001,0.012,0.033,0.03,0.364,1.0,0.971,1583.333,Scale-up,83.333,0.81,0,1.0,0.689,2025-06-12 21:13:20.822991,,
ANDIAMO,Last100,0,2012-06-06 05:39:00,2012-06-06 05:40:00, , ,1,1,1,N/A,1,-1,NaN,0,NaN,NaN,0,NaN,NaN,NaN,NaN,NaN,Scale-up,NaN,NaN,0,NaN,NaN,2025-06-12 21:13:20.823990,,
AGSMPLPUSH,All,216,2013-05-16 19:19:00,2013-12-19 14:24:00,33,33,32,1,0,33,1,32,0.146,0,0,0,0.146,0.153,0.0,1.0,1.0,NaN,Indeterminate,0,0.959,0,0,0,2025-06-12 21:13:26.584417,,
AGSMPLPUSH,Last100,97,2013-09-12 21:11:00,2013-12-19 14:24:00, , ,12,1,1,N/A,1,10,0.118,NaN,0,NaN,0.118,0.118,NaN,NaN,NaN,NaN,Indeterminate,NaN,0.94,NaN,0,NaN,2025-06-12 21:13:26.614530,,
AGIOS,All,461,2012-09-19 15:34:00,2013-12-24 19:03:00,110,110,80,30,6,104,70,34,0.192,0.086,0.029,0.31,0.249,0.263,1.245,0.691,0.896,109.677,Catch-up,3.226,0.885,0.625,0.974,0.971,2025-06-12 21:13:34.770321,,
AGIOS,Last100,95,2013-09-20 14:48:00,2013-12-24 19:03:00, , ,41,19,4,N/A,41,16,0.51,0.22,0.032,0.424,0.698,0.614,0.607,0.699,0.956,80.189,Scale-up,2.358,0.898,0.932,0.989,0.956,2025-06-12 21:13:39.734540,,
